captureTimestamp,captureDateTime,captureRevision,raceID,resultsType,eevp,statePostal,stateName,reportingunitID,reportingunitLevel,pollClosingTime,level,electTotal,lastUpdated,precinctsReporting,precinctsTotal,precinctsReportingPct,candidates.0.candidateID,candidates.0.voteCount,candidates.0.votePct,candidates.1.candidateID,candidates.1.voteCount,candidates.1.votePct,parameters.vote.expected.actual,parameters.vote.expected.eevpCap,parameters.vote.total,parameters.vote.registered,parameters.precinctsReportingActual,parameters.precinctsReportingProportional,candidates.0.colorIndex,candidates.0.winner,candidates.0.calledAt
1667886761,2022-11-08 05:52:41 +0000,454ce019f86614717daba988180b8577e032630f,20221108PA39303,live,0.0,PA,Pennsylvania,39,1,2022-11-09T00:00:00.000Z,state,0,2022-11-07T16:47:43.139Z,0,737,0.0,51887,0,0.0,53149,0,0.0,345561,99,0,1300667,0,0,,,
1667944347,2022-11-08 21:52:27 +0000,05a3e91e497cb8d3251b3f2f481fd479b6ed8cc7,20221108PA39303,live,0.0,PA,Pennsylvania,39,1,2022-11-09T01:00:00.000Z,state,0,2022-11-08T20:12:18.118Z,0,737,0.0,51887,0,0.0,53149,0,0.0,241962,99,0,1300667,0,0,,,
1667946382,2022-11-08 22:26:22 +0000,73f2c650f342d3057cfca8879805e19e5c627823,20221108PA39303,live,0.0,PA,Pennsylvania,39,1,2022-11-09T01:00:00.000Z,state,0,2022-11-08T22:24:31.153Z,0,737,0.0,51887,0,0.0,53149,0,0.0,241962,95,0,1300667,0,0,,,
1667947961,2022-11-08 22:52:41 +0000,61cf3818eb7b56b77db7de41bfdda7ab59f4de65,20221108PA39303,live,0.0,PA,Pennsylvania,39,1,2022-11-09T01:00:00.000Z,state,0,2022-11-08T22:49:05.725Z,0,737,0.0,51887,0,0.0,53149,0,0.0,241962,95,0,1300667,0,0,,,
1667956006,2022-11-09 01:06:46 +0000,01cc2f6d0039b2fcb59e03eced60e58dcb253844,20221108PA39303,live,0.0,PA,Pennsylvania,39,1,2022-11-09T01:00:00.000Z,state,0,2022-11-09T01:05:05.702Z,0,737,0.0,51887,0,0.0,53149,0,0.0,241962,95,0,1300667,0,0,,,
1667956272,2022-11-09 01:11:12 +0000,e9730fe8cd073de363599251493da8f113e7bb60,20221108PA39303,live,8.29,PA,Pennsylvania,39,1,2022-11-09T01:00:00.000Z,state,0,2022-11-09T01:05:31.372Z,0,737,0.0,51887,18394,91.66,53149,1674,8.34,241962,95,20068,1300667,0,61,0.0,,
1667956832,2022-11-09 01:20:32 +0000,83b25784602daed92be104db5cf5a6446230f2d5,20221108PA39303,live,8.29,PA,Pennsylvania,39,1,2022-11-09T01:00:00.000Z,state,0,2022-11-09T01:19:09.257Z,0,737,0.0,51887,18394,91.66,53149,1674,8.34,241962,95,20068,1300667,0,61,0.0,,
1667957119,2022-11-09 01:25:19 +0000,6d7ee88678b17ac3babfbeca22c88d840ddf7ac8,20221108PA39303,live,8.29,PA,Pennsylvania,39,1,2022-11-09T01:00:00.000Z,state,0,2022-11-09T01:21:09.936Z,0,737,0.0,51887,18394,91.66,53149,1674,8.34,241962,95,20068,1300667,0,61,0.0,,
1667957430,2022-11-09 01:30:30 +0000,03f90a735487a191903970f5b59ebf51d460c3e0,20221108PA39303,live,8.29,PA,Pennsylvania,39,1,2022-11-09T01:00:00.000Z,state,0,2022-11-09T01:24:09.006Z,0,737,0.0,51887,18394,91.66,53149,1674,8.34,241962,95,20068,1300667,0,61,0.0,,
1667958843,2022-11-09 01:54:03 +0000,cdc0d2ad2c3afd665dd741c97f9de238aafb3cf6,20221108PA39303,live,8.71,PA,Pennsylvania,39,1,2022-11-09T01:00:00.000Z,state,0,2022-11-09T01:52:29.610Z,5,737,0.68,51887,19327,91.68,53149,1754,8.32,241962,95,21081,1300667,5,64,0.0,,
1667959410,2022-11-09 02:03:30 +0000,98a277291480f2bee1271d939218798a5aa6ad2a,20221108PA39303,live,9.43,PA,Pennsylvania,39,1,2022-11-09T01:00:00.000Z,state,0,2022-11-09T02:01:09.513Z,12,737,1.63,51887,20933,91.7,53149,1894,8.3,241962,95,22827,1300667,12,70,0.0,,
1667959699,2022-11-09 02:08:19 +0000,204acec220204cf7636f9483a8300da582a314fa,20221108PA39303,live,10.15,PA,Pennsylvania,39,1,2022-11-09T01:00:00.000Z,state,0,2022-11-09T02:06:31.177Z,21,737,2.85,51887,22548,91.83,53149,2007,8.17,241962,95,24555,1300667,21,75,0.0,,
1667960264,2022-11-09 02:17:44 +0000,e239f4bcca07deff3069ebbdd016fa8b8d41d752,20221108PA39303,live,10.94,PA,Pennsylvania,39,1,2022-11-09T01:00:00.000Z,state,0,2022-11-09T02:13:31.720Z,31,737,4.21,51887,24304,91.81,53149,2169,8.19,241962,95,26473,1300667,31,81,0.0,,
1667960816,2022-11-09 02:26:56 +0000,8a1624065b18c7c6c4408259c296b51116c46c3f,20221108PA39303,live,14.0,PA,Pennsylvania,39,1,2022-11-09T01:00:00.000Z,state,0,2022-11-09T02:20:31.946Z,80,737,10.85,51887,29417,86.85,53149,4455,13.15,241962,95,33872,1300667,80,103,0.0,X,2022-11-09T02:19:21.135Z
1667961093,2022-11-09 02:31:33 +0000,1ec6490691d550bb25c67a95029d41260dad9223,20221108PA39303,live,14.0,PA,Pennsylvania,39,1,2022-11-09T01:00:00.000Z,state,0,2022-11-09T02:27:25.752Z,80,737,10.85,51887,29417,86.85,53149,4455,13.15,241962,95,33872,1300667,80,103,0.0,X,2022-11-09T02:19:21.135Z
1667961378,2022-11-09 02:36:18 +0000,38867b5c6238941f5844472df77322f71d62b761,20221108PA39303,live,14.0,PA,Pennsylvania,39,1,2022-11-09T01:00:00.000Z,state,0,2022-11-09T02:29:08.844Z,80,737,10.85,51887,29417,86.85,53149,4455,13.15,241962,95,33872,1300667,80,103,0.0,X,2022-11-09T02:19:21.135Z
1667961709,2022-11-09 02:41:49 +0000,0f04550731ed05e8c23b521fa0b273774c5a4a51,20221108PA39303,live,20.83,PA,Pennsylvania,39,1,2022-11-09T01:00:00.000Z,state,0,2022-11-09T02:36:30.960Z,154,737,20.9,51887,40751,80.84,53149,9659,19.16,241962,95,50410,1300667,154,154,0.0,X,2022-11-09T02:19:21.135Z
1667962272,2022-11-09 02:51:12 +0000,22cc2cb364805735e8373437043abe797d3cbbf4,20221108PA39303,live,25.14,PA,Pennsylvania,39,1,2022-11-09T01:00:00.000Z,state,0,2022-11-09T02:46:32.696Z,214,737,29.04,51887,47569,78.19,53149,13271,21.81,241962,95,60840,1300667,214,185,0.0,X,2022-11-09T02:19:21.135Z
1667962837,2022-11-09 03:00:37 +0000,d57fedbb0cf82cf130c9d008e459203d23c317e0,20221108PA39303,live,28.95,PA,Pennsylvania,39,1,2022-11-09T01:00:00.000Z,state,0,2022-11-09T02:57:19.880Z,257,737,34.87,51887,54059,77.17,53149,15995,22.83,241962,95,70054,1300667,257,213,0.0,X,2022-11-09T02:19:21.135Z
1667963396,2022-11-09 03:09:56 +0000,6a46c0776c43a17d759f81499ba9ed2e8d7622fc,20221108PA39303,live,30.09,PA,Pennsylvania,39,1,2022-11-09T01:00:00.000Z,state,0,2022-11-09T03:05:12.129Z,0,737,0.0,51887,55808,76.65,53149,16997,23.35,241962,95,72805,1300667,0,222,0.0,X,2022-11-09T02:19:21.135Z
1667963668,2022-11-09 03:14:28 +0000,504ec01bb7ea4ec861b67f44aa636e0055b5ba3d,20221108PA39303,live,30.09,PA,Pennsylvania,39,1,2022-11-09T01:00:00.000Z,state,0,2022-11-09T03:08:31.680Z,0,737,0.0,51887,55808,76.65,53149,16997,23.35,241962,95,72805,1300667,0,222,0.0,X,2022-11-09T02:19:21.135Z
1667963936,2022-11-09 03:18:56 +0000,05b874b27e9d0f9fdd5056261aa4b35a7cfd0586,20221108PA39303,live,34.15,PA,Pennsylvania,39,1,2022-11-09T01:00:00.000Z,state,0,2022-11-09T03:13:31.306Z,338,737,45.86,51887,61874,74.87,53149,20763,25.13,241962,95,82637,1300667,338,252,0.0,X,2022-11-09T02:19:21.135Z
1667964227,2022-11-09 03:23:47 +0000,1cb90b95cdd6c1be23968f2b7d9618a95c5a5ad9,20221108PA39303,live,36.44,PA,Pennsylvania,39,1,2022-11-09T01:00:00.000Z,state,0,2022-11-09T03:22:10.669Z,360,737,48.85,51887,65127,73.87,53149,23033,26.13,241962,95,88160,1300667,360,269,0.0,X,2022-11-09T02:19:21.135Z
1667964559,2022-11-09 03:29:19 +0000,9953e63a0357b9189618b1f7ef238581cfdffcbb,20221108PA39303,live,36.58,PA,Pennsylvania,39,1,2022-11-09T01:00:00.000Z,state,0,2022-11-09T03:24:26.920Z,0,737,0.0,51887,65278,73.76,53149,23227,26.24,241962,95,88505,1300667,0,270,0.0,X,2022-11-09T02:19:21.135Z
1667964860,2022-11-09 03:34:20 +0000,ee3367b043972f1875e6948799a9babb4f41fd05,20221108PA39303,live,36.58,PA,Pennsylvania,39,1,2022-11-09T01:00:00.000Z,state,0,2022-11-09T03:25:31.555Z,0,737,0.0,51887,65278,73.76,53149,23227,26.24,241962,95,88505,1300667,0,270,0.0,X,2022-11-09T02:19:21.135Z
1667965711,2022-11-09 03:48:31 +0000,3f97935f76145660588ec69d4480a824e21e2bd4,20221108PA39303,live,42.12,PA,Pennsylvania,39,1,2022-11-09T01:00:00.000Z,state,0,2022-11-09T03:46:31.444Z,408,737,55.36,51887,73642,72.27,53149,28263,27.73,241962,95,101905,1300667,408,310,0.0,X,2022-11-09T02:19:21.135Z
1667966001,2022-11-09 03:53:21 +0000,cee0a612753351ddb30fde2a157613da20f2be01,20221108PA39303,live,42.12,PA,Pennsylvania,39,1,2022-11-09T01:00:00.000Z,state,0,2022-11-09T03:48:29.724Z,408,737,55.36,51887,73642,72.27,53149,28263,27.73,241962,95,101905,1300667,408,310,0.0,X,2022-11-09T02:19:21.135Z
1667966989,2022-11-09 04:09:49 +0000,47c6fd3e525919b429e23d0446afd1809e9c353c,20221108PA39303,live,46.78,PA,Pennsylvania,39,1,2022-11-09T01:00:00.000Z,state,0,2022-11-09T04:06:04.584Z,492,737,66.76,51887,81741,72.21,53149,31451,27.79,241962,95,113192,1300667,492,345,0.0,X,2022-11-09T02:19:21.135Z
1667967905,2022-11-08 22:25:05 -0600,7b53fc8cb8c53477e9f4fecf82fac92988ee5275,20221108PA39303,live,54.59,PA,Pennsylvania,39,1,2022-11-09T01:00:00.000Z,state,0,2022-11-09T04:22:30.022Z,581,737,78.83,51887,96102,72.75,53149,35994,27.25,241962,95,132096,1300667,581,402,0.0,X,2022-11-09T02:19:21.135Z
1667968047,2022-11-08 22:27:27 -0600,3febed665f84b6f0a9717d87750ee8049f50fab6,20221108PA39303,live,54.59,PA,Pennsylvania,39,1,2022-11-09T01:00:00.000Z,state,0,2022-11-09T04:26:57.317Z,581,737,78.83,51887,96102,72.75,53149,35994,27.25,241962,95,132096,1300667,581,402,0.0,X,2022-11-09T02:19:21.135Z
1667968092,2022-11-08 22:28:12 -0600,c3a7bcfa6d57d19e0339cd5eff437c13c5a7dec5,20221108PA39303,live,54.59,PA,Pennsylvania,39,1,2022-11-09T01:00:00.000Z,state,0,2022-11-09T04:27:09.426Z,581,737,78.83,51887,96102,72.75,53149,35994,27.25,241962,95,132096,1300667,581,402,0.0,X,2022-11-09T02:19:21.135Z
1667968138,2022-11-08 22:28:58 -0600,78be3d1941803188124b187362be51adf1e8fdfb,20221108PA39303,live,54.59,PA,Pennsylvania,39,1,2022-11-09T01:00:00.000Z,state,0,2022-11-09T04:28:08.956Z,581,737,78.83,51887,96102,72.75,53149,35994,27.25,241962,95,132096,1300667,581,402,0.0,X,2022-11-09T02:19:21.135Z
1667968182,2022-11-08 22:29:42 -0600,8e189a9f8e65ddc0a78641bf1d30b4fa1f53a113,20221108PA39303,live,55.4,PA,Pennsylvania,39,1,2022-11-09T01:00:00.000Z,state,0,2022-11-09T04:29:08.280Z,0,737,0.0,51887,97452,72.69,53149,36605,27.31,241962,95,134057,1300667,0,408,0.0,X,2022-11-09T02:19:21.135Z
1667968757,2022-11-08 22:39:17 -0600,444e7baf756125a86bedac9f7455307c41fed63a,20221108PA39303,live,55.4,PA,Pennsylvania,39,1,2022-11-09T01:00:00.000Z,state,0,2022-11-09T04:37:52.249Z,0,737,0.0,51887,97452,72.69,53149,36605,27.31,241962,95,134057,1300667,0,408,0.0,X,2022-11-09T02:19:21.135Z
1667968885,2022-11-08 22:41:25 -0600,5c24a01105c8e263f0bd136533d71002afb61845,20221108PA39303,live,58.44,PA,Pennsylvania,39,1,2022-11-09T01:00:00.000Z,state,0,2022-11-09T04:40:07.641Z,625,737,84.8,51887,101739,71.95,53149,39669,28.05,241962,95,141408,1300667,625,431,0.0,X,2022-11-09T02:19:21.135Z
1667969463,2022-11-08 22:51:03 -0600,33a57724ad86936b636ee9df9a6a905b84cec6b3,20221108PA39303,live,58.44,PA,Pennsylvania,39,1,2022-11-09T01:00:00.000Z,state,0,2022-11-09T04:50:08.007Z,625,737,84.8,51887,101739,71.95,53149,39669,28.05,241962,95,141408,1300667,625,431,0.0,X,2022-11-09T02:19:21.135Z
1667970373,2022-11-08 23:06:13 -0600,3ea973c74a9585b2e944f9dd59e390b2b951b2cd,20221108PA39303,live,61.93,PA,Pennsylvania,39,1,2022-11-09T01:00:00.000Z,state,0,2022-11-09T05:05:52.205Z,679,737,92.13,51887,108815,72.62,53149,41034,27.38,241962,95,149849,1300667,679,456,0.0,X,2022-11-09T02:19:21.135Z
1667970504,2022-11-08 23:08:24 -0600,218805bf82c018e2091a699549a3db0180a36d98,20221108PA39303,live,61.93,PA,Pennsylvania,39,1,2022-11-09T01:00:00.000Z,state,0,2022-11-09T05:07:31.474Z,679,737,92.13,51887,108815,72.62,53149,41034,27.38,241962,95,149849,1300667,679,456,0.0,X,2022-11-09T02:19:21.135Z
1667970944,2022-11-08 23:15:44 -0600,ade12abccb70834d17788a299f1a5de3ad7d230d,20221108PA39303,live,61.93,PA,Pennsylvania,39,1,2022-11-09T01:00:00.000Z,state,0,2022-11-09T05:12:50.271Z,679,737,92.13,51887,108815,72.62,53149,41034,27.38,241962,95,149849,1300667,679,456,0.0,X,2022-11-09T02:19:21.135Z
1667971032,2022-11-08 23:17:12 -0600,84fafb476f7846131500489058ff24997434ed54,20221108PA39303,live,61.93,PA,Pennsylvania,39,1,2022-11-09T01:00:00.000Z,state,0,2022-11-09T05:14:08.826Z,679,737,92.13,51887,108815,72.62,53149,41034,27.38,241962,95,149849,1300667,679,456,0.0,X,2022-11-09T02:19:21.135Z
1667971169,2022-11-08 23:19:29 -0600,a70df26f7f471d11543c24ba2a2ee8ee294f6f1b,20221108PA39303,live,62.34,PA,Pennsylvania,39,1,2022-11-09T01:00:00.000Z,state,0,2022-11-09T05:18:31.769Z,685,737,92.94,51887,109696,72.72,53149,41146,27.28,241962,95,150842,1300667,685,459,0.0,X,2022-11-09T02:19:21.135Z
1667971304,2022-11-08 23:21:44 -0600,1425fca56a9abad3e92162e44d8c52f320121f3e,20221108PA39303,live,62.34,PA,Pennsylvania,39,1,2022-11-09T01:00:00.000Z,state,0,2022-11-09T05:21:01.236Z,685,737,92.94,51887,109696,72.72,53149,41146,27.28,241962,95,150842,1300667,685,459,0.0,X,2022-11-09T02:19:21.135Z
1667972264,2022-11-08 23:37:44 -0600,32512d68a8869811d6b4c587f4ea396147ae27a4,20221108PA39303,live,62.34,PA,Pennsylvania,39,1,2022-11-09T01:00:00.000Z,state,0,2022-11-09T05:33:51.621Z,685,737,92.94,51887,109696,72.72,53149,41146,27.28,241962,95,150842,1300667,685,459,0.0,X,2022-11-09T02:19:21.135Z
1667972364,2022-11-08 23:39:24 -0600,bfe9cb466aa6b65574c16effa903cd993efd4fe0,20221108PA39303,live,62.49,PA,Pennsylvania,39,1,2022-11-09T01:00:00.000Z,state,0,2022-11-09T05:38:09.536Z,0,737,0.0,51887,109980,72.73,53149,41228,27.27,241962,95,151208,1300667,0,461,0.0,X,2022-11-09T02:19:21.135Z
1667972473,2022-11-08 23:41:13 -0600,a29b2b07dc776af5545ee4ec64ead9d5ba96e873,20221108PA39303,live,62.49,PA,Pennsylvania,39,1,2022-11-09T01:00:00.000Z,state,0,2022-11-09T05:40:32.899Z,0,737,0.0,51887,109980,72.73,53149,41228,27.27,241962,95,151208,1300667,0,461,0.0,X,2022-11-09T02:19:21.135Z
1667972764,2022-11-08 23:46:04 -0600,82ba377844e9961d9064213cab9939b1444d2eba,20221108PA39303,live,64.15,PA,Pennsylvania,39,1,2022-11-09T01:00:00.000Z,state,0,2022-11-09T05:44:32.201Z,710,737,96.34,51887,113140,72.89,53149,42087,27.11,241962,95,155227,1300667,710,473,0.0,X,2022-11-09T02:19:21.135Z
1667973074,2022-11-08 23:51:14 -0600,eb28abe2520dfc732dc2e53485df27d909fe0dce,20221108PA39303,live,64.15,PA,Pennsylvania,39,1,2022-11-09T01:00:00.000Z,state,0,2022-11-09T05:50:25.048Z,710,737,96.34,51887,113140,72.89,53149,42087,27.11,241962,95,155227,1300667,710,473,0.0,X,2022-11-09T02:19:21.135Z
1667975236,2022-11-09 00:27:16 -0600,c1052c94c7324634c2c5ef0a7e8880dd0af5593a,20221108PA39303,live,70.0,PA,Pennsylvania,39,1,2022-11-09T01:00:00.000Z,state,0,2022-11-09T06:26:53.803Z,714,737,96.88,51887,125861,74.31,53149,43507,25.69,241962,95,169368,1300667,714,516,0.0,X,2022-11-09T02:19:21.135Z
1667975484,2022-11-09 00:31:24 -0600,81d3631081e4e7b24b990567f86cc67079a95e6c,20221108PA39303,live,70.0,PA,Pennsylvania,39,1,2022-11-09T01:00:00.000Z,state,0,2022-11-09T06:30:49.752Z,714,737,96.88,51887,125861,74.31,53149,43507,25.69,241962,95,169368,1300667,714,516,0.0,X,2022-11-09T02:19:21.135Z
1667975568,2022-11-09 00:32:48 -0600,0b16058e032a73c78e2e4b787403862608e151dd,20221108PA39303,live,70.0,PA,Pennsylvania,39,1,2022-11-09T01:00:00.000Z,state,0,2022-11-09T06:32:11.575Z,714,737,96.88,51887,125861,74.31,53149,43507,25.69,241962,95,169368,1300667,714,516,0.0,X,2022-11-09T02:19:21.135Z
1667978542,2022-11-09 01:22:22 -0600,643a62c46ea55cf4fad03f9b86a6bd47ba933cb2,20221108PA39303,live,70.0,PA,Pennsylvania,39,1,2022-11-09T01:00:00.000Z,state,0,2022-11-09T07:21:45.308Z,714,737,96.88,51887,125861,74.31,53149,43507,25.69,241962,99,169368,1300667,714,516,0.0,X,2022-11-09T02:19:21.135Z
1667990446,2022-11-09 04:40:46 -0600,805558bfd75490d99d522ebbdb0e69e5228c5c4c,20221108PA39303,live,89.0,PA,Pennsylvania,39,1,2022-11-09T01:00:00.000Z,state,0,2022-11-09T10:40:15.513Z,714,737,96.88,51887,125861,74.31,53149,43507,25.69,190301,99,169368,1300667,714,656,0.0,X,2022-11-09T02:19:21.135Z
1667990964,2022-11-09 04:49:24 -0600,e5ddb97730cda8d6e8e9bcfcaaba7976a894547f,20221108PA39303,live,89.0,PA,Pennsylvania,39,1,2022-11-09T01:00:00.000Z,state,0,2022-11-09T10:46:39.313Z,714,737,96.88,51887,125861,74.31,53149,43507,25.69,190301,99,169368,1300667,714,656,0.0,X,2022-11-09T02:19:21.135Z
1667992678,2022-11-09 05:17:58 -0600,03c7d0dd2721b79b8166e0d8c139c76d6d5d8860,20221108PA39303,live,89.0,PA,Pennsylvania,39,1,2022-11-09T01:00:00.000Z,state,0,2022-11-09T11:17:05.794Z,714,737,96.88,51887,125861,74.31,53149,43507,25.69,190301,99,169368,1300667,714,656,0.0,X,2022-11-09T02:19:21.135Z
1667992717,2022-11-09 05:18:37 -0600,3767d4897586b8706ca9fa28076ad047ae2b0382,20221108PA39303,live,89.0,PA,Pennsylvania,39,1,2022-11-09T01:00:00.000Z,state,0,2022-11-09T11:17:45.195Z,714,737,96.88,51887,125861,74.31,53149,43507,25.69,190301,99,169368,1300667,714,656,0.0,X,2022-11-09T02:19:21.135Z
1667992755,2022-11-09 05:19:15 -0600,aa073a8669354367273bc7e055647b18c3516fb7,20221108PA39303,live,89.0,PA,Pennsylvania,39,1,2022-11-09T01:00:00.000Z,state,0,2022-11-09T11:18:47.625Z,714,737,96.88,51887,125861,74.31,53149,43507,25.69,190301,99,169368,1300667,714,656,0.0,X,2022-11-09T02:19:21.135Z
1667992795,2022-11-09 05:19:55 -0600,de1cd7a1388f334afc6470fa1a94ebd0fcad8522,20221108PA39303,live,89.0,PA,Pennsylvania,39,1,2022-11-09T01:00:00.000Z,state,0,2022-11-09T11:19:08.541Z,714,737,96.88,51887,125861,74.31,53149,43507,25.69,190301,99,169368,1300667,714,656,0.0,X,2022-11-09T02:19:21.135Z
1668002526,2022-11-09 08:02:06 -0600,70bf507846e648bdcf0b799ce311e59406400ffd,20221108PA39303,live,89.0,PA,Pennsylvania,39,1,2022-11-09T01:00:00.000Z,state,0,2022-11-09T14:01:09.306Z,714,737,96.88,51887,125861,74.31,53149,43507,25.69,190301,99,169368,1300667,714,656,0.0,X,2022-11-09T02:19:21.135Z
1668002648,2022-11-09 08:04:08 -0600,70005330f3f4a16d702eb57f5e2c56db4d710eaa,20221108PA39303,live,89.0,PA,Pennsylvania,39,1,2022-11-09T01:00:00.000Z,state,0,2022-11-09T14:03:10.090Z,714,737,96.88,51887,125861,74.31,53149,43507,25.69,190301,99,169368,1300667,714,656,0.0,X,2022-11-09T02:19:21.135Z
1668006739,2022-11-09 09:12:19 -0600,fc998c998fb95c3d36e9a0dc0813ae1de3ccce2b,20221108PA39303,live,89.0,PA,Pennsylvania,39,1,2022-11-09T01:00:00.000Z,state,0,2022-11-09T15:11:47.622Z,714,737,96.88,51887,125861,74.31,53149,43507,25.69,190301,99,169368,1300667,714,656,0.0,X,2022-11-09T02:19:21.135Z
1668006778,2022-11-09 09:12:58 -0600,636a2ed89d2354abc2d55d1b61bbd660b224b50f,20221108PA39303,live,89.0,PA,Pennsylvania,39,1,2022-11-09T01:00:00.000Z,state,0,2022-11-09T15:12:09.871Z,714,737,96.88,51887,125861,74.31,53149,43507,25.69,190301,99,169368,1300667,714,656,0.0,X,2022-11-09T02:19:21.135Z
1668006860,2022-11-09 09:14:20 -0600,9518afc98bc0a25d5524a44185eda8ff04d969a8,20221108PA39303,live,89.0,PA,Pennsylvania,39,1,2022-11-09T01:00:00.000Z,state,0,2022-11-09T15:13:45.988Z,714,737,96.88,51887,125861,74.31,53149,43507,25.69,190301,99,169368,1300667,714,656,0.0,X,2022-11-09T02:19:21.135Z
1668030963,2022-11-09 15:56:03 -0600,f81402c9647f1dd57e0f22beb75cc1456a9063d1,20221108PA39303,live,89.0,PA,Pennsylvania,39,1,2022-11-09T01:00:00.000Z,state,0,2022-11-09T21:55:00.786Z,714,737,96.88,51887,125861,74.31,53149,43507,25.69,190301,99,169368,1300667,714,656,0.0,X,2022-11-09T02:19:21.135Z
1668032169,2022-11-09 16:16:09 -0600,34374ee6f282323c9f4bce5efec496c6f297ec06,20221108PA39303,live,91.0,PA,Pennsylvania,39,1,2022-11-09T01:00:00.000Z,state,0,2022-11-09T22:14:18.531Z,714,737,96.88,51887,125861,74.31,53149,43507,25.69,186119,99,169368,1300667,714,671,0.0,X,2022-11-09T02:19:21.135Z
1668034457,2022-11-09 16:54:17 -0600,8d634f71d6750cdbc20321634807546efa69969e,20221108PA39303,live,91.56,PA,Pennsylvania,39,1,2022-11-09T01:00:00.000Z,state,0,2022-11-09T22:53:34.928Z,721,737,97.83,51887,126701,74.35,53149,43706,25.65,186119,99,170407,1300667,721,675,0.0,X,2022-11-09T02:19:21.135Z
1668036853,2022-11-09 17:34:13 -0600,dea9707a3e4eca403bd6c2f7d7b31dd3d398e2fe,20221108PA39303,live,91.56,PA,Pennsylvania,39,1,2022-11-09T01:00:00.000Z,state,0,2022-11-09T23:33:47.883Z,721,737,97.83,51887,126701,74.35,53149,43706,25.65,186119,99,170407,1300667,721,675,0.0,X,2022-11-09T02:19:21.135Z
1668036978,2022-11-09 17:36:18 -0600,e6c4c20184048f6c8beecbf38f22e328198f2756,20221108PA39303,live,91.56,PA,Pennsylvania,39,1,2022-11-09T01:00:00.000Z,state,0,2022-11-09T23:35:47.802Z,721,737,97.83,51887,126701,74.35,53149,43706,25.65,186119,99,170407,1300667,721,675,0.0,X,2022-11-09T02:19:21.135Z
1668037356,2022-11-09 17:42:36 -0600,d669adb7af65d3d8ca5ebcb103ababc1850e0235,20221108PA39303,live,91.56,PA,Pennsylvania,39,1,2022-11-09T01:00:00.000Z,state,0,2022-11-09T23:40:26.261Z,721,737,97.83,51887,126701,74.35,53149,43706,25.65,186119,99,170407,1300667,721,675,0.0,X,2022-11-09T02:19:21.135Z
1668039978,2022-11-09 18:26:18 -0600,1dbeea0f2f038f4d3afe27f6a8eeccf1d43748c9,20221108PA39303,live,91.0,PA,Pennsylvania,39,1,2022-11-09T01:00:00.000Z,state,0,2022-11-10T00:25:21.092Z,721,737,97.83,51887,126701,74.35,53149,43706,25.65,187260,99,170407,1300667,721,671,0.0,X,2022-11-09T02:19:21.135Z
1668056576,2022-11-09 23:02:56 -0600,319201c0e3fa342ee211022551ea5f372920d2da,20221108PA39303,live,91.85,PA,Pennsylvania,39,1,2022-11-09T01:00:00.000Z,state,0,2022-11-10T05:02:32.064Z,724,737,98.24,51887,128162,74.51,53149,43835,25.49,187260,99,171997,1300667,724,677,0.0,X,2022-11-09T02:19:21.135Z
1668077187,2022-11-10 04:46:27 -0600,6c5b18640271c4e23e1883e3992c7df3c9e6c952,20221108PA39303,live,93.96,PA,Pennsylvania,39,1,2022-11-09T01:00:00.000Z,state,0,2022-11-10T10:45:32.908Z,724,737,98.24,51887,131685,74.84,53149,44267,25.16,187260,99,175952,1300667,724,692,0.0,X,2022-11-09T02:19:21.135Z
1668081115,2022-11-10 05:51:55 -0600,4fa615e704c7b635a3cb1ce544317e6b85a35811,20221108PA39303,live,93.96,PA,Pennsylvania,39,1,2022-11-09T01:00:00.000Z,state,0,2022-11-10T11:51:14.978Z,724,737,98.24,51887,131685,74.84,53149,44267,25.16,187260,99,175952,1300667,724,692,0.0,X,2022-11-09T02:19:21.135Z
1668091133,2022-11-10 08:38:53 -0600,8b67c38a8c2db3f40e6a0eac9d60922e560bc003,20221108PA39303,live,93.96,PA,Pennsylvania,39,1,2022-11-09T01:00:00.000Z,state,0,2022-11-10T14:38:09.888Z,724,737,98.24,51887,131685,74.84,53149,44267,25.16,187260,99,175952,1300667,724,692,0.0,X,2022-11-09T02:19:21.135Z
1668091261,2022-11-10 08:41:01 -0600,39346b5e584872e20aecb41d86161bf565355435,20221108PA39303,live,93.96,PA,Pennsylvania,39,1,2022-11-09T01:00:00.000Z,state,0,2022-11-10T14:39:28.378Z,724,737,98.24,51887,131685,74.84,53149,44267,25.16,187260,99,175952,1300667,724,692,0.0,X,2022-11-09T02:19:21.135Z
1668094286,2022-11-10 09:31:26 -0600,89dee8869112391a995457683698353782e060ba,20221108PA39303,live,93.96,PA,Pennsylvania,39,1,2022-11-09T01:00:00.000Z,state,0,2022-11-10T15:30:10.060Z,724,737,98.24,51887,131685,74.84,53149,44267,25.16,187260,99,175952,1300667,724,692,0.0,X,2022-11-09T02:19:21.135Z
1668094328,2022-11-10 09:32:08 -0600,95e5eb4efd1485e1829ff005e97195b83f5cb2c4,20221108PA39303,live,93.96,PA,Pennsylvania,39,1,2022-11-09T01:00:00.000Z,state,0,2022-11-10T15:31:28.232Z,724,737,98.24,51887,131685,74.84,53149,44267,25.16,187260,99,175952,1300667,724,692,0.0,X,2022-11-09T02:19:21.135Z
1668114999,2022-11-10 15:16:39 -0600,06f8ea55490288d350d920c98ca1c624321e8f42,20221108PA39303,live,93.96,PA,Pennsylvania,39,1,2022-11-09T01:00:00.000Z,state,0,2022-11-10T21:15:49.484Z,724,737,98.24,51887,131685,74.84,53149,44267,25.16,187260,99,175952,1300667,724,692,0.0,X,2022-11-09T02:19:21.135Z
1668115040,2022-11-10 15:17:20 -0600,e3de91bfef87986b7a3f99738c95171613154f8a,20221108PA39303,live,93.96,PA,Pennsylvania,39,1,2022-11-09T01:00:00.000Z,state,0,2022-11-10T21:16:29.487Z,724,737,98.24,51887,131685,74.84,53149,44267,25.16,187260,99,175952,1300667,724,692,0.0,X,2022-11-09T02:19:21.135Z
1668115125,2022-11-10 15:18:45 -0600,2fa5c036c319d9dd2c685d1164eaf6757b7330db,20221108PA39303,live,93.96,PA,Pennsylvania,39,1,2022-11-09T01:00:00.000Z,state,0,2022-11-10T21:18:09.407Z,724,737,98.24,51887,131685,74.84,53149,44267,25.16,187260,99,175952,1300667,724,692,0.0,X,2022-11-09T02:19:21.135Z
1668119341,2022-11-10 16:29:01 -0600,1a3aad005a4f256f12705703789ea61bd776f61e,20221108PA39303,live,96.22,PA,Pennsylvania,39,1,2022-11-09T01:00:00.000Z,state,0,2022-11-10T22:26:31.689Z,737,737,100.0,51887,135465,75.19,53149,44708,24.81,187260,99,180173,1300667,737,709,0.0,X,2022-11-09T02:19:21.135Z
1668124690,2022-11-10 17:58:10 -0600,9c765b49f8c66153097719ed3f31367c8822f316,20221108PA39303,live,96.22,PA,Pennsylvania,39,1,2022-11-09T01:00:00.000Z,state,0,2022-11-10T23:56:56.638Z,737,737,100.0,51887,135465,75.19,53149,44708,24.81,187260,99,180173,1300667,737,709,0.0,X,2022-11-09T02:19:21.135Z
1668140957,2022-11-10 22:29:17 -0600,73ed930790509b36c7490aa286a0e8d1745bc068,20221108PA39303,live,96.61,PA,Pennsylvania,39,1,2022-11-09T01:00:00.000Z,state,0,2022-11-11T04:28:50.710Z,737,737,100.0,51887,136143,75.26,53149,44765,24.74,187260,99,180908,1300667,737,712,0.0,X,2022-11-09T02:19:21.135Z
1668168837,2022-11-11 06:13:57 -0600,d0a4d10bb777f520798925831f261011abca0570,20221108PA39303,live,96.61,PA,Pennsylvania,39,1,2022-11-09T01:00:00.000Z,state,0,2022-11-11T12:13:15.488Z,737,737,100.0,51887,136143,75.26,53149,44765,24.74,187260,99,180908,1300667,737,712,0.0,X,2022-11-09T02:19:21.135Z
1668178164,2022-11-11 08:49:24 -0600,810f5d730ac0ecacfedd1d572713f4609ac49054,20221108PA39303,live,97.0,PA,Pennsylvania,39,1,2022-11-09T01:00:00.000Z,state,0,2022-11-11T14:48:53.596Z,737,737,100.0,51887,136825,75.32,53149,44826,24.68,187260,99,181651,1300667,737,715,0.0,X,2022-11-09T02:19:21.135Z
1668180945,2022-11-11 09:35:45 -0600,b1a5b2fa3eb8acbca8c61eb80ece88b5f3270c00,20221108PA39303,live,97.0,PA,Pennsylvania,39,1,2022-11-09T01:00:00.000Z,state,0,2022-11-11T15:34:41.086Z,737,737,100.0,51887,136825,75.32,53149,44826,24.68,187260,99,181651,1300667,737,715,0.0,X,2022-11-09T02:19:21.135Z
1668211937,2022-11-11 18:12:17 -0600,6a5a61052d5fba2ed830be1947991ebe60ef7935,20221108PA39303,live,97.34,PA,Pennsylvania,39,1,2022-11-09T01:00:00.000Z,state,0,2022-11-12T00:11:31.300Z,717,737,97.29,51887,137348,75.35,53149,44926,24.65,187260,99,182274,1300667,737,717,0.0,X,2022-11-09T02:19:21.135Z
1668218411,2022-11-11 20:00:11 -0600,13ba46b51b0e4df2abfd06950885b7579bbe9356,20221108PA39303,live,97.34,PA,Pennsylvania,39,1,2022-11-09T01:00:00.000Z,state,0,2022-11-12T01:59:39.843Z,717,737,97.29,51887,137348,75.35,53149,44926,24.65,187260,99,182274,1300667,737,717,0.0,X,2022-11-09T02:19:21.135Z
1668525278,2022-11-15 09:14:38 -0600,c34248d09cb0ec81a2356cd5ea9bdec9b1d7fa87,20221108PA39303,live,97.65,PA,Pennsylvania,39,1,2022-11-09T01:00:00.000Z,state,0,2022-11-15T15:14:22.046Z,720,737,97.69,51887,137871,75.4,53149,44993,24.6,187260,99,182864,1300667,737,720,0.0,X,2022-11-09T02:19:21.135Z
1668821463,2022-11-18 19:31:03 -0600,9e5619e2f0fefe136cad4d4ce85bed5225254bfe,20221108PA39303,live,99.0,PA,Pennsylvania,39,1,2022-11-09T01:00:00.000Z,state,0,2022-11-19T01:30:38.704Z,730,737,99.05,51887,140519,75.59,53149,45370,24.41,187260,99,185889,1300667,737,730,0.0,X,2022-11-09T02:19:21.135Z
1668822125,2022-11-18 19:42:05 -0600,938ef721dd12c70f2471d14ef6e9a0e4b1b5d6b8,20221108PA39303,live,99.0,PA,Pennsylvania,39,1,2022-11-09T01:00:00.000Z,state,0,2022-11-19T01:41:44.754Z,730,737,99.05,51887,140519,75.59,53149,45370,24.41,187767,99,185889,1300667,737,730,0.0,X,2022-11-09T02:19:21.135Z
1669147772,2022-11-22 14:09:32 -0600,e819420b7becf7974044886ae813ae80cfec7521,20221108PA39303,live,99.0,PA,Pennsylvania,39,1,2022-11-09T01:00:00.000Z,state,0,2022-11-22T20:09:07.490Z,730,737,99.05,51887,140975,75.63,53149,45436,24.37,187767,99,186411,1300667,737,730,0.0,X,2022-11-09T02:19:21.135Z
1669166678,2022-11-22 19:24:38 -0600,95d5a7f1cc75f566ad0b563d8e59bebb23d91a30,20221108PA39303,live,99.0,PA,Pennsylvania,39,1,2022-11-09T01:00:00.000Z,state,0,2022-11-23T01:24:13.587Z,730,737,99.05,51887,141226,75.65,53149,45454,24.35,187767,99,186680,1300667,737,730,0.0,X,2022-11-09T02:19:21.135Z
1669297310,2022-11-24 07:41:50 -0600,e29789573110a734177e4ebe86706ff5420bf87f,20221108PA39303,live,99.0,PA,Pennsylvania,39,1,2022-11-09T01:00:00.000Z,state,0,2022-11-24T13:41:29.404Z,730,737,99.05,51887,141228,75.65,53149,45454,24.35,187767,99,186682,1300667,737,730,0.0,X,2022-11-09T02:19:21.135Z
1669593970,2022-11-27 18:06:10 -0600,51125ff4b14cc60d1293c19409fb115880750ed2,20221108PA39303,live,99.0,PA,Pennsylvania,39,1,2022-11-09T01:00:00.000Z,state,0,2022-11-28T00:05:47.007Z,730,737,99.05,51887,141229,75.65,53149,45454,24.35,187767,99,186683,1300667,737,730,0.0,X,2022-11-09T02:19:21.135Z
