captureTimestamp,captureDateTime,captureRevision,raceID,resultsType,eevp,statePostal,stateName,reportingunitID,reportingunitLevel,pollClosingTime,level,electTotal,lastUpdated,precinctsReporting,precinctsTotal,precinctsReportingPct,candidates.0.candidateID,candidates.0.voteCount,candidates.0.votePct,candidates.1.candidateID,candidates.1.voteCount,candidates.1.votePct,parameters.vote.expected.actual,parameters.vote.expected.eevpCap,parameters.vote.total,parameters.vote.registered,parameters.precinctsReportingActual,parameters.precinctsReportingProportional,candidates.0.colorIndex,candidates.0.winner,candidates.0.calledAt,candidates.1.colorIndex
1667886761,2022-11-08 05:52:41 +0000,454ce019f86614717daba988180b8577e032630f,20221108TN43015,live,0.0,TN,Tennessee,43,1,2022-11-09T01:00:00.000Z,state,0,2022-11-07T21:28:20.066Z,0,278,0.0,49956,0,0.0,50765,0,0.0,256653,99,0,1144489,0,0,,,,
1667944347,2022-11-08 21:52:27 +0000,05a3e91e497cb8d3251b3f2f481fd479b6ed8cc7,20221108TN43015,live,0.0,TN,Tennessee,43,1,2022-11-09T01:00:00.000Z,state,0,2022-11-08T18:26:06.289Z,0,278,0.0,49956,0,0.0,50765,0,0.0,256653,99,0,1144489,0,0,,,,
1667956272,2022-11-09 01:11:12 +0000,e9730fe8cd073de363599251493da8f113e7bb60,20221108TN43015,live,4.94,TN,Tennessee,43,1,2022-11-09T01:00:00.000Z,state,0,2022-11-09T01:07:26.911Z,0,278,0.0,49956,10165,80.19,50765,2511,19.81,256653,99,12676,1144489,0,14,0.0,,,
1667956832,2022-11-09 01:20:32 +0000,83b25784602daed92be104db5cf5a6446230f2d5,20221108TN43015,live,6.4,TN,Tennessee,43,1,2022-11-09T01:00:00.000Z,state,0,2022-11-09T01:18:15.661Z,1,278,0.36,49956,12961,78.94,50765,3458,21.06,256653,99,16419,1144489,1,18,0.0,,,
1667957119,2022-11-09 01:25:19 +0000,6d7ee88678b17ac3babfbeca22c88d840ddf7ac8,20221108TN43015,live,9.8,TN,Tennessee,43,1,2022-11-09T01:00:00.000Z,state,0,2022-11-09T01:24:10.211Z,1,278,0.36,49956,19252,76.54,50765,5901,23.46,256653,99,25153,1144489,1,27,0.0,,,
1667957430,2022-11-09 01:30:30 +0000,03f90a735487a191903970f5b59ebf51d460c3e0,20221108TN43015,live,11.13,TN,Tennessee,43,1,2022-11-09T01:00:00.000Z,state,0,2022-11-09T01:28:30.334Z,2,278,0.72,49956,22013,77.07,50765,6549,22.93,256653,99,28562,1144489,2,31,0.0,,,
1667957715,2022-11-09 01:35:15 +0000,97cbc8b93cc842818a0fba948144842c3e8d51f0,20221108TN43015,live,11.28,TN,Tennessee,43,1,2022-11-09T01:00:00.000Z,state,0,2022-11-09T01:33:30.025Z,2,278,0.72,49956,22315,77.09,50765,6630,22.91,256653,99,28945,1144489,2,31,0.0,,,
1667957993,2022-11-09 01:39:53 +0000,af6b7ce58befb45bf1dd57f93615d5da519d3770,20221108TN43015,live,14.36,TN,Tennessee,43,1,2022-11-09T01:00:00.000Z,state,0,2022-11-09T01:38:30.243Z,2,278,0.72,49956,28785,78.09,50765,8078,21.91,256653,99,36863,1144489,2,40,0.0,,,
1667958273,2022-11-09 01:44:33 +0000,4199c67ba64ae17927c85a89877c89e59a577ae0,20221108TN43015,live,14.75,TN,Tennessee,43,1,2022-11-09T01:00:00.000Z,state,0,2022-11-09T01:43:16.027Z,6,278,2.16,49956,29592,78.17,50765,8262,21.83,256653,99,37854,1144489,6,41,0.0,,,
1667958559,2022-11-09 01:49:19 +0000,0a6694bb1cdd9734aff1178f6a5894d33a1a95cc,20221108TN43015,live,14.88,TN,Tennessee,43,1,2022-11-09T01:00:00.000Z,state,0,2022-11-09T01:46:30.824Z,6,278,2.16,49956,29869,78.23,50765,8311,21.77,256653,99,38180,1144489,6,41,0.0,,,
1667958843,2022-11-09 01:54:03 +0000,cdc0d2ad2c3afd665dd741c97f9de238aafb3cf6,20221108TN43015,live,16.73,TN,Tennessee,43,1,2022-11-09T01:00:00.000Z,state,0,2022-11-09T01:52:30.086Z,19,278,6.83,49956,33837,78.83,50765,9089,21.17,256653,99,42926,1144489,19,46,0.0,,,
1667959124,2022-11-09 01:58:44 +0000,ebdb2f4efab49b8071a842b145008e58069ff969,20221108TN43015,live,17.37,TN,Tennessee,43,1,2022-11-09T01:00:00.000Z,state,0,2022-11-09T01:56:10.818Z,23,278,8.27,49956,35208,78.99,50765,9366,21.01,256653,99,44574,1144489,23,48,0.0,,,
1667959410,2022-11-09 02:03:30 +0000,98a277291480f2bee1271d939218798a5aa6ad2a,20221108TN43015,live,18.24,TN,Tennessee,43,1,2022-11-09T01:00:00.000Z,state,0,2022-11-09T02:02:11.821Z,31,278,11.15,49956,37160,79.39,50765,9647,20.61,256653,99,46807,1144489,31,51,0.0,X,2022-11-09T02:02:06.603Z,
1667959699,2022-11-09 02:08:19 +0000,204acec220204cf7636f9483a8300da582a314fa,20221108TN43015,live,18.39,TN,Tennessee,43,1,2022-11-09T01:00:00.000Z,state,0,2022-11-09T02:04:30.428Z,33,278,11.87,49956,37491,79.41,50765,9718,20.59,256653,99,47209,1144489,33,51,0.0,X,2022-11-09T02:02:06.603Z,
1667959981,2022-11-09 02:13:01 +0000,f7108f15221a3f4ac4310e0ba678593081137a5c,20221108TN43015,live,18.39,TN,Tennessee,43,1,2022-11-09T01:00:00.000Z,state,0,2022-11-09T02:09:51.845Z,33,278,11.87,49956,37491,79.41,50765,9718,20.59,256653,99,47209,1144489,33,51,0.0,X,2022-11-09T02:02:06.603Z,
1667960264,2022-11-09 02:17:44 +0000,e239f4bcca07deff3069ebbdd016fa8b8d41d752,20221108TN43015,live,18.87,TN,Tennessee,43,1,2022-11-09T01:00:00.000Z,state,0,2022-11-09T02:11:41.597Z,38,278,13.67,49956,38507,79.52,50765,9915,20.48,256653,99,48422,1144489,38,52,0.0,X,2022-11-09T02:02:06.603Z,
1667960540,2022-11-09 02:22:20 +0000,8f457dad835364421624abf7a3b05a9acf49f0bd,20221108TN43015,live,18.95,TN,Tennessee,43,1,2022-11-09T01:00:00.000Z,state,0,2022-11-09T02:20:30.720Z,38,278,13.67,49956,38683,79.54,50765,9948,20.46,256653,99,48631,1144489,38,53,0.0,X,2022-11-09T02:02:06.603Z,
1667960816,2022-11-09 02:26:56 +0000,8a1624065b18c7c6c4408259c296b51116c46c3f,20221108TN43015,live,20.03,TN,Tennessee,43,1,2022-11-09T01:00:00.000Z,state,0,2022-11-09T02:25:06.697Z,46,278,16.55,49956,41074,79.88,50765,10346,20.12,256653,99,51420,1144489,46,56,0.0,X,2022-11-09T02:02:06.603Z,
1667961093,2022-11-09 02:31:33 +0000,1ec6490691d550bb25c67a95029d41260dad9223,20221108TN43015,live,20.03,TN,Tennessee,43,1,2022-11-09T01:00:00.000Z,state,0,2022-11-09T02:27:11.828Z,46,278,16.55,49956,41074,79.88,50765,10346,20.12,256653,99,51420,1144489,46,56,0.0,X,2022-11-09T02:02:06.603Z,
1667961378,2022-11-09 02:36:18 +0000,38867b5c6238941f5844472df77322f71d62b761,20221108TN43015,live,31.22,TN,Tennessee,43,1,2022-11-09T01:00:00.000Z,state,0,2022-11-09T02:33:48.152Z,63,278,22.66,49956,49174,63.75,50765,27965,36.25,247120,99,77139,1144489,63,87,0.0,X,2022-11-09T02:02:06.603Z,1.0
1667961709,2022-11-09 02:41:49 +0000,0f04550731ed05e8c23b521fa0b273774c5a4a51,20221108TN43015,live,33.09,TN,Tennessee,43,1,2022-11-09T01:00:00.000Z,state,0,2022-11-09T02:39:54.887Z,78,278,28.06,49956,52799,64.56,50765,28982,35.44,247120,99,81781,1144489,78,92,0.0,X,2022-11-09T02:02:06.603Z,1.0
1667961990,2022-11-09 02:46:30 +0000,34fd47cd084122fe0c5fed09f89e8cc11319e728,20221108TN43015,live,33.09,TN,Tennessee,43,1,2022-11-09T01:00:00.000Z,state,0,2022-11-09T02:40:56.625Z,78,278,28.06,49956,52799,64.56,50765,28982,35.44,247120,99,81781,1144489,78,92,0.0,X,2022-11-09T02:02:06.603Z,1.0
1667962272,2022-11-09 02:51:12 +0000,22cc2cb364805735e8373437043abe797d3cbbf4,20221108TN43015,live,36.86,TN,Tennessee,43,1,2022-11-09T01:00:00.000Z,state,0,2022-11-09T02:50:01.149Z,114,278,41.01,49956,59680,65.52,50765,31407,34.48,247120,99,91087,1144489,114,102,0.0,X,2022-11-09T02:02:06.603Z,1.0
1667962555,2022-11-09 02:55:55 +0000,84c8aec46b0824d2dabb875d986800c8bb475bfb,20221108TN43015,live,41.23,TN,Tennessee,43,1,2022-11-09T01:00:00.000Z,state,0,2022-11-09T02:54:48.302Z,119,278,42.81,49956,68323,67.05,50765,33569,32.95,247120,99,101892,1144489,119,115,0.0,X,2022-11-09T02:02:06.603Z,1.0
1667962837,2022-11-09 03:00:37 +0000,d57fedbb0cf82cf130c9d008e459203d23c317e0,20221108TN43015,live,44.37,TN,Tennessee,43,1,2022-11-09T01:00:00.000Z,state,0,2022-11-09T02:56:09.176Z,139,278,50.0,49956,74860,68.27,50765,34792,31.73,247120,99,109652,1144489,139,123,0.0,X,2022-11-09T02:02:06.603Z,1.0
1667963111,2022-11-09 03:05:11 +0000,e819c6c0592b367c01eebbb86e897f39b2d774d1,20221108TN43015,live,47.02,TN,Tennessee,43,1,2022-11-09T01:00:00.000Z,state,0,2022-11-09T03:00:55.219Z,151,278,54.32,49956,79974,68.83,50765,36225,31.17,247120,99,116199,1144489,151,131,0.0,X,2022-11-09T02:02:06.603Z,1.0
1667963396,2022-11-09 03:09:56 +0000,6a46c0776c43a17d759f81499ba9ed2e8d7622fc,20221108TN43015,live,47.76,TN,Tennessee,43,1,2022-11-09T01:00:00.000Z,state,0,2022-11-09T03:04:55.075Z,156,278,56.12,49956,81057,68.68,50765,36966,31.32,247120,99,118023,1144489,156,133,0.0,X,2022-11-09T02:02:06.603Z,1.0
1667963936,2022-11-09 03:18:56 +0000,05b874b27e9d0f9fdd5056261aa4b35a7cfd0586,20221108TN43015,live,47.76,TN,Tennessee,43,1,2022-11-09T01:00:00.000Z,state,0,2022-11-09T03:15:43.706Z,156,278,56.12,49956,81057,68.68,50765,36966,31.32,247120,99,118023,1144489,156,133,0.0,X,2022-11-09T02:02:06.603Z,1.0
1667964227,2022-11-09 03:23:47 +0000,1cb90b95cdd6c1be23968f2b7d9618a95c5a5ad9,20221108TN43015,live,56.17,TN,Tennessee,43,1,2022-11-09T01:00:00.000Z,state,0,2022-11-09T03:22:44.081Z,168,278,60.43,49956,84096,68.57,50765,38549,31.43,218352,99,122645,1144489,168,156,0.0,X,2022-11-09T02:02:06.603Z,1.0
1667964559,2022-11-09 03:29:19 +0000,9953e63a0357b9189618b1f7ef238581cfdffcbb,20221108TN43015,live,69.14,TN,Tennessee,43,1,2022-11-09T01:00:00.000Z,state,0,2022-11-09T03:24:06.705Z,179,278,64.39,49956,106669,69.4,50765,47026,30.6,222287,99,153695,1144489,179,192,0.0,X,2022-11-09T02:02:06.603Z,1.0
1667964860,2022-11-09 03:34:20 +0000,ee3367b043972f1875e6948799a9babb4f41fd05,20221108TN43015,live,72.73,TN,Tennessee,43,1,2022-11-09T01:00:00.000Z,state,0,2022-11-09T03:32:01.599Z,187,278,67.27,49956,112076,69.33,50765,49584,30.67,222287,99,161660,1144489,187,202,0.0,X,2022-11-09T02:02:06.603Z,1.0
1667965148,2022-11-09 03:39:08 +0000,6fdfe90630de6ba7d3077daaa37563b39e419cfc,20221108TN43015,live,72.73,TN,Tennessee,43,1,2022-11-09T01:00:00.000Z,state,0,2022-11-09T03:35:50.593Z,187,278,67.27,49956,112076,69.33,50765,49584,30.67,222287,99,161660,1144489,187,202,0.0,X,2022-11-09T02:02:06.603Z,1.0
1667965711,2022-11-09 03:48:31 +0000,3f97935f76145660588ec69d4480a824e21e2bd4,20221108TN43015,live,79.21,TN,Tennessee,43,1,2022-11-09T01:00:00.000Z,state,0,2022-11-09T03:47:16.380Z,197,278,70.86,49956,113690,68.3,50765,52774,31.7,210168,99,166464,1144489,197,220,0.0,X,2022-11-09T02:02:06.603Z,1.0
1667966989,2022-11-09 04:09:49 +0000,47c6fd3e525919b429e23d0446afd1809e9c353c,20221108TN43015,live,84.77,TN,Tennessee,43,1,2022-11-09T01:00:00.000Z,state,0,2022-11-09T04:06:39.321Z,219,278,78.78,49956,120381,67.57,50765,57770,32.43,210168,99,178151,1144489,219,236,0.0,X,2022-11-09T02:02:06.603Z,1.0
1667967269,2022-11-09 04:14:29 +0000,68d92bf23b94b96637a56b0d567d37a581d41ead,20221108TN43015,live,84.77,TN,Tennessee,43,1,2022-11-09T01:00:00.000Z,state,0,2022-11-09T04:12:21.229Z,219,278,78.78,49956,120381,67.57,50765,57770,32.43,210168,99,178151,1144489,219,236,0.0,X,2022-11-09T02:02:06.603Z,1.0
1667967540,2022-11-08 22:19:00 -0600,673632f1537c7c9f2368084b99ec47b67621c41e,20221108TN43015,live,84.77,TN,Tennessee,43,1,2022-11-09T01:00:00.000Z,state,0,2022-11-09T04:17:15.422Z,219,278,78.78,49956,120381,67.57,50765,57770,32.43,210168,99,178151,1144489,219,236,0.0,X,2022-11-09T02:02:06.603Z,1.0
1667967905,2022-11-08 22:25:05 -0600,7b53fc8cb8c53477e9f4fecf82fac92988ee5275,20221108TN43015,live,87.43,TN,Tennessee,43,1,2022-11-09T01:00:00.000Z,state,0,2022-11-09T04:23:58.429Z,225,278,80.94,49956,124647,67.83,50765,59113,32.17,210168,99,183760,1144489,225,243,0.0,X,2022-11-09T02:02:06.603Z,1.0
1667967954,2022-11-08 22:25:54 -0600,ddd8cd55583cb4e51013ac431e84d23dc8167e7a,20221108TN43015,live,87.99,TN,Tennessee,43,1,2022-11-09T01:00:00.000Z,state,0,2022-11-09T04:24:41.459Z,237,278,85.25,49956,125512,67.87,50765,59416,32.13,210168,99,184928,1144489,237,245,0.0,X,2022-11-09T02:02:06.603Z,1.0
1667968002,2022-11-08 22:26:42 -0600,1235204137f0f06fe3cd4983951d9356477924c9,20221108TN43015,live,87.99,TN,Tennessee,43,1,2022-11-09T01:00:00.000Z,state,0,2022-11-09T04:25:29.301Z,237,278,85.25,49956,125512,67.87,50765,59416,32.13,210168,99,184928,1144489,237,245,0.0,X,2022-11-09T02:02:06.603Z,1.0
1667968138,2022-11-08 22:28:58 -0600,78be3d1941803188124b187362be51adf1e8fdfb,20221108TN43015,live,89.31,TN,Tennessee,43,1,2022-11-09T01:00:00.000Z,state,0,2022-11-09T04:28:21.102Z,237,278,85.25,49956,125512,67.87,50765,59416,32.13,207066,99,184928,1144489,237,248,0.0,X,2022-11-09T02:02:06.603Z,1.0
1667968844,2022-11-08 22:40:44 -0600,9af6e1ce44325ca43504ad5e0ccab8e9f14ef964,20221108TN43015,live,93.55,TN,Tennessee,43,1,2022-11-09T01:00:00.000Z,state,0,2022-11-09T04:39:32.438Z,255,278,91.73,49956,128318,66.25,50765,65382,33.75,207066,99,193700,1144489,255,260,0.0,X,2022-11-09T02:02:06.603Z,1.0
1667969292,2022-11-08 22:48:12 -0600,27c0128769cb9950dd2d2f7b010376c6821eb8bd,20221108TN43015,live,93.55,TN,Tennessee,43,1,2022-11-09T01:00:00.000Z,state,0,2022-11-09T04:47:21.060Z,255,278,91.73,49956,128318,66.25,50765,65382,33.75,207066,99,193700,1144489,255,260,0.0,X,2022-11-09T02:02:06.603Z,1.0
1667969636,2022-11-08 22:53:56 -0600,343edcc3a5440ed7e985b5b1b439acfe9dc3a7bb,20221108TN43015,live,96.21,TN,Tennessee,43,1,2022-11-09T01:00:00.000Z,state,0,2022-11-09T04:52:59.466Z,255,278,91.73,49956,128318,66.25,50765,65382,33.75,201335,99,193700,1144489,255,267,0.0,X,2022-11-09T02:02:06.603Z,1.0
1667969723,2022-11-08 22:55:23 -0600,b509b5bfc09bde62e91159629c11e0b7e48daab9,20221108TN43015,live,96.21,TN,Tennessee,43,1,2022-11-09T01:00:00.000Z,state,0,2022-11-09T04:54:53.084Z,255,278,91.73,49956,128318,66.25,50765,65382,33.75,201335,99,193700,1144489,255,267,0.0,X,2022-11-09T02:02:06.603Z,1.0
1667969768,2022-11-08 22:56:08 -0600,13751e5ba6ec1b0e3bf8ed4bdd82f9ad01fec7e2,20221108TN43015,live,96.21,TN,Tennessee,43,1,2022-11-09T01:00:00.000Z,state,0,2022-11-09T04:55:18.252Z,255,278,91.73,49956,128318,66.25,50765,65382,33.75,201335,99,193700,1144489,255,267,0.0,X,2022-11-09T02:02:06.603Z,1.0
1667969942,2022-11-08 22:59:02 -0600,302c96144aa0d22b0603db04cac0928c1e8a79f9,20221108TN43015,live,95.66,TN,Tennessee,43,1,2022-11-09T01:00:00.000Z,state,0,2022-11-09T04:58:19.203Z,255,278,91.73,49956,128318,66.25,50765,65382,33.75,202488,99,193700,1144489,255,266,0.0,X,2022-11-09T02:02:06.603Z,1.0
1667970284,2022-11-08 23:04:44 -0600,0fc8b3fccaefe74cf333b488517dd0339b8dd0b7,20221108TN43015,live,95.68,TN,Tennessee,43,1,2022-11-09T01:00:00.000Z,state,0,2022-11-09T05:03:31.408Z,257,278,92.45,49956,128330,66.24,50765,65405,33.76,202488,99,193735,1144489,257,266,0.0,X,2022-11-09T02:02:06.603Z,1.0
1667970373,2022-11-08 23:06:13 -0600,3ea973c74a9585b2e944f9dd59e390b2b951b2cd,20221108TN43015,live,95.68,TN,Tennessee,43,1,2022-11-09T01:00:00.000Z,state,0,2022-11-09T05:04:55.488Z,270,278,97.12,49956,128333,66.24,50765,65406,33.76,202488,99,193739,1144489,270,266,0.0,X,2022-11-09T02:02:06.603Z,1.0
1667970548,2022-11-08 23:09:08 -0600,a039c3e3daf59c6709863984d030931ce2f47b8a,20221108TN43015,live,95.68,TN,Tennessee,43,1,2022-11-09T01:00:00.000Z,state,0,2022-11-09T05:08:12.553Z,270,278,97.12,49956,128333,66.24,50765,65406,33.76,202488,99,193739,1144489,270,266,0.0,X,2022-11-09T02:02:06.603Z,1.0
1667971079,2022-11-08 23:17:59 -0600,1cf7281bce65e8581e70a1164dc3589ed87371d4,20221108TN43015,live,96.02,TN,Tennessee,43,1,2022-11-09T01:00:00.000Z,state,0,2022-11-09T05:17:07.592Z,270,278,97.12,49956,128333,66.24,50765,65406,33.76,201762,99,193739,1144489,270,267,0.0,X,2022-11-09T02:02:06.603Z,1.0
1667971213,2022-11-08 23:20:13 -0600,5f24f417653bba3396590267801436b107c31ac9,20221108TN43015,live,96.37,TN,Tennessee,43,1,2022-11-09T01:00:00.000Z,state,0,2022-11-09T05:19:47.753Z,270,278,97.12,49956,128333,66.24,50765,65406,33.76,201044,99,193739,1144489,270,268,0.0,X,2022-11-09T02:02:06.603Z,1.0
1667971258,2022-11-08 23:20:58 -0600,66df93c53186cc5d338c8a4f0b94d8e859c4ec59,20221108TN43015,live,96.37,TN,Tennessee,43,1,2022-11-09T01:00:00.000Z,state,0,2022-11-09T05:20:16.388Z,270,278,97.12,49956,128333,66.24,50765,65406,33.76,201044,99,193739,1144489,270,268,0.0,X,2022-11-09T02:02:06.603Z,1.0
1667974762,2022-11-09 00:19:22 -0600,eae9f5b1ba131d7652f49e9c3001c7a015f755b1,20221108TN43015,live,96.37,TN,Tennessee,43,1,2022-11-09T01:00:00.000Z,state,0,2022-11-09T06:18:30.229Z,270,278,97.12,49956,128333,66.24,50765,65406,33.76,201044,99,193739,1144489,270,268,0.0,X,2022-11-09T02:02:06.603Z,1.0
1667974945,2022-11-09 00:22:25 -0600,681ef884856b9c75efe2b0acf64bb4a515303482,20221108TN43015,live,96.37,TN,Tennessee,43,1,2022-11-09T01:00:00.000Z,state,0,2022-11-09T06:21:13.515Z,270,278,97.12,49956,128333,66.24,50765,65406,33.76,201044,99,193739,1144489,270,268,0.0,X,2022-11-09T02:02:06.603Z,1.0
1667975114,2022-11-09 00:25:14 -0600,7de9a48755736c6c6b0e73777ec236e813c5ce50,20221108TN43015,live,96.81,TN,Tennessee,43,1,2022-11-09T01:00:00.000Z,state,0,2022-11-09T06:24:17.585Z,258,278,92.81,49956,128333,65.93,50765,66306,34.07,201044,99,194639,1144489,258,269,0.0,X,2022-11-09T02:02:06.603Z,1.0
1667975773,2022-11-09 00:36:13 -0600,deab40fdc8485b2c990cf91d96e98447d46f3b20,20221108TN43015,live,96.81,TN,Tennessee,43,1,2022-11-09T01:00:00.000Z,state,0,2022-11-09T06:35:42.797Z,258,278,92.81,49956,128333,65.93,50765,66306,34.07,201044,99,194639,1144489,258,269,0.0,X,2022-11-09T02:02:06.603Z,1.0
1667975898,2022-11-09 00:38:18 -0600,7609424c163438fd3cafbbf7ed6226754e52c1bd,20221108TN43015,live,97.22,TN,Tennessee,43,1,2022-11-09T01:00:00.000Z,state,0,2022-11-09T06:38:01.042Z,258,278,92.81,49956,128333,65.93,50765,66306,34.07,200196,99,194639,1144489,258,270,0.0,X,2022-11-09T02:02:06.603Z,1.0
1667975941,2022-11-09 00:39:01 -0600,824726c09f3a54d568715997d5b46bff5c7f219d,20221108TN43015,live,96.81,TN,Tennessee,43,1,2022-11-09T01:00:00.000Z,state,0,2022-11-09T06:38:07.750Z,258,278,92.81,49956,128333,65.93,50765,66306,34.07,201044,99,194639,1144489,258,269,0.0,X,2022-11-09T02:02:06.603Z,1.0
1667979727,2022-11-09 01:42:07 -0600,f41db939b852c033d0f66ec2a12ae59a5cf6c37a,20221108TN43015,live,97.84,TN,Tennessee,43,1,2022-11-09T01:00:00.000Z,state,0,2022-11-09T07:41:13.436Z,258,278,92.81,49956,128333,65.93,50765,66306,34.07,198942,99,194639,1144489,258,272,0.0,X,2022-11-09T02:02:06.603Z,1.0
1667983595,2022-11-09 02:46:35 -0600,2dd0aebbae72cb28f364a323cce9d6d3c29ae669,20221108TN43015,live,97.84,TN,Tennessee,43,1,2022-11-09T01:00:00.000Z,state,0,2022-11-09T08:43:08.967Z,258,278,92.81,49956,128333,65.93,50765,66306,34.07,198942,99,194639,1144489,258,272,0.0,X,2022-11-09T02:02:06.603Z,1.0
1667984643,2022-11-09 03:04:03 -0600,c379357a888a5ba9047063da02c1ed2809e3ab76,20221108TN43015,live,97.84,TN,Tennessee,43,1,2022-11-09T01:00:00.000Z,state,0,2022-11-09T09:02:47.072Z,258,278,92.81,49956,128333,65.93,50765,66306,34.07,198942,99,194639,1144489,258,272,0.0,X,2022-11-09T02:02:06.603Z,1.0
1667984764,2022-11-09 03:06:04 -0600,db7461c203555bdc9bc9774db7ede91b31160520,20221108TN43015,live,97.84,TN,Tennessee,43,1,2022-11-09T01:00:00.000Z,state,0,2022-11-09T09:05:04.408Z,258,278,92.81,49956,128333,65.93,50765,66306,34.07,198942,99,194639,1144489,258,272,0.0,X,2022-11-09T02:02:06.603Z,1.0
1667984807,2022-11-09 03:06:47 -0600,5153412fed905c9aa9ebe6edf631d1fa90c2b102,20221108TN43015,live,97.84,TN,Tennessee,43,1,2022-11-09T01:00:00.000Z,state,0,2022-11-09T09:06:19.204Z,258,278,92.81,49956,128333,65.93,50765,66306,34.07,198942,99,194639,1144489,258,272,0.0,X,2022-11-09T02:02:06.603Z,1.0
1667984848,2022-11-09 03:07:28 -0600,e9b16afb9db085ca2bb568866869f7546b9f3f94,20221108TN43015,live,97.84,TN,Tennessee,43,1,2022-11-09T01:00:00.000Z,state,0,2022-11-09T09:06:33.446Z,258,278,92.81,49956,128333,65.93,50765,66306,34.07,198942,99,194639,1144489,258,272,0.0,X,2022-11-09T02:02:06.603Z,1.0
1667984971,2022-11-09 03:09:31 -0600,ca323806bb0a142691a34098ab7e77a27e2a4fc6,20221108TN43015,live,97.84,TN,Tennessee,43,1,2022-11-09T01:00:00.000Z,state,0,2022-11-09T09:08:56.463Z,258,278,92.81,49956,128333,65.93,50765,66306,34.07,198942,99,194639,1144489,258,272,0.0,X,2022-11-09T02:02:06.603Z,1.0
1667985134,2022-11-09 03:12:14 -0600,2c897b0fc200e1893488b5752c5c41a90d4a2217,20221108TN43015,live,97.84,TN,Tennessee,43,1,2022-11-09T01:00:00.000Z,state,0,2022-11-09T09:11:42.246Z,258,278,92.81,49956,128333,65.93,50765,66306,34.07,198942,99,194639,1144489,258,272,0.0,X,2022-11-09T02:02:06.603Z,1.0
1667985336,2022-11-09 03:15:36 -0600,e680c144e30a7078448ff3666071965db0334e66,20221108TN43015,live,97.84,TN,Tennessee,43,1,2022-11-09T01:00:00.000Z,state,0,2022-11-09T09:13:20.596Z,258,278,92.81,49956,128333,65.93,50765,66306,34.07,198942,99,194639,1144489,258,272,0.0,X,2022-11-09T02:02:06.603Z,1.0
1667985436,2022-11-09 03:17:16 -0600,3424d47f5341c2a346e8a3799f78a52faeab6c0b,20221108TN43015,live,97.84,TN,Tennessee,43,1,2022-11-09T01:00:00.000Z,state,0,2022-11-09T09:16:49.071Z,258,278,92.81,49956,128333,65.93,50765,66306,34.07,198942,99,194639,1144489,258,272,0.0,X,2022-11-09T02:02:06.603Z,1.0
1667985515,2022-11-09 03:18:35 -0600,31dd34586ab7b0bee9484705570a9db12d11e661,20221108TN43015,live,97.84,TN,Tennessee,43,1,2022-11-09T01:00:00.000Z,state,0,2022-11-09T09:17:26.130Z,258,278,92.81,49956,128333,65.93,50765,66306,34.07,198942,99,194639,1144489,258,272,0.0,X,2022-11-09T02:02:06.603Z,1.0
1667985683,2022-11-09 03:21:23 -0600,8d6490b73382f2ed58c3fbdb846897b79d79f217,20221108TN43015,live,97.84,TN,Tennessee,43,1,2022-11-09T01:00:00.000Z,state,0,2022-11-09T09:19:36.841Z,258,278,92.81,49956,128333,65.93,50765,66306,34.07,198942,99,194639,1144489,258,272,0.0,X,2022-11-09T02:02:06.603Z,1.0
1667986791,2022-11-09 03:39:51 -0600,9a50c153b47784532606d145b7458db430ba2b1b,20221108TN43015,live,97.84,TN,Tennessee,43,1,2022-11-09T01:00:00.000Z,state,0,2022-11-09T09:38:24.470Z,258,278,92.81,49956,128333,65.93,50765,66306,34.07,198942,99,194639,1144489,258,272,0.0,X,2022-11-09T02:02:06.603Z,1.0
1667986912,2022-11-09 03:41:52 -0600,111328f8f980c2017f6b147fde38e9a3f7e11bab,20221108TN43015,live,96.89,TN,Tennessee,43,1,2022-11-09T01:00:00.000Z,state,0,2022-11-09T09:41:30.485Z,258,278,92.81,49956,128333,65.93,50765,66306,34.07,200888,99,194639,1144489,258,269,0.0,X,2022-11-09T02:02:06.603Z,1.0
1667986953,2022-11-09 03:42:33 -0600,51be597c001c6c5434ef9f3580d61ba1517ecc1b,20221108TN43015,live,96.81,TN,Tennessee,43,1,2022-11-09T01:00:00.000Z,state,0,2022-11-09T09:41:31.881Z,258,278,92.81,49956,128333,65.93,50765,66306,34.07,201044,99,194639,1144489,258,269,0.0,X,2022-11-09T02:02:06.603Z,1.0
1667987156,2022-11-09 03:45:56 -0600,b0834d18baef8f9e56b541ac7d7fd923dfd61279,20221108TN43015,live,96.89,TN,Tennessee,43,1,2022-11-09T01:00:00.000Z,state,0,2022-11-09T09:45:33.760Z,258,278,92.81,49956,128333,65.93,50765,66306,34.07,200888,99,194639,1144489,258,269,0.0,X,2022-11-09T02:02:06.603Z,1.0
1667987197,2022-11-09 03:46:37 -0600,c6de9a5ef91cb16901f36d62fb2513f293fa8ed2,20221108TN43015,live,96.81,TN,Tennessee,43,1,2022-11-09T01:00:00.000Z,state,0,2022-11-09T09:45:37.068Z,258,278,92.81,49956,128333,65.93,50765,66306,34.07,201044,99,194639,1144489,258,269,0.0,X,2022-11-09T02:02:06.603Z,1.0
1667987603,2022-11-09 03:53:23 -0600,907e925b1b5bf0815b2f82ea78e7a5d530eaf2f1,20221108TN43015,live,96.81,TN,Tennessee,43,1,2022-11-09T01:00:00.000Z,state,0,2022-11-09T09:52:44.220Z,258,278,92.81,49956,128333,65.93,50765,66306,34.07,201044,99,194639,1144489,258,269,0.0,X,2022-11-09T02:02:06.603Z,1.0
1667987724,2022-11-09 03:55:24 -0600,e2b744a1d315e0b0cd2e8cf8e84b4bbaa0ecd42c,20221108TN43015,live,96.81,TN,Tennessee,43,1,2022-11-09T01:00:00.000Z,state,0,2022-11-09T09:54:31.181Z,258,278,92.81,49956,128333,65.93,50765,66306,34.07,201044,99,194639,1144489,258,269,0.0,X,2022-11-09T02:02:06.603Z,1.0
1667987766,2022-11-09 03:56:06 -0600,0c97af721e07528c29c550b7bce84d073343534b,20221108TN43015,live,96.81,TN,Tennessee,43,1,2022-11-09T01:00:00.000Z,state,0,2022-11-09T09:55:30.907Z,258,278,92.81,49956,128333,65.93,50765,66306,34.07,201044,99,194639,1144489,258,269,0.0,X,2022-11-09T02:02:06.603Z,1.0
1667987845,2022-11-09 03:57:25 -0600,04698ff03d3880ab18ac0be368b46275958c136c,20221108TN43015,live,96.81,TN,Tennessee,43,1,2022-11-09T01:00:00.000Z,state,0,2022-11-09T09:56:31.056Z,258,278,92.81,49956,128333,65.93,50765,66306,34.07,201044,99,194639,1144489,258,269,0.0,X,2022-11-09T02:02:06.603Z,1.0
1667987885,2022-11-09 03:58:05 -0600,e58f83f6209f6acb460b43b5d889d2b7efed466d,20221108TN43015,live,96.81,TN,Tennessee,43,1,2022-11-09T01:00:00.000Z,state,0,2022-11-09T09:57:31.079Z,258,278,92.81,49956,128333,65.93,50765,66306,34.07,201044,99,194639,1144489,258,269,0.0,X,2022-11-09T02:02:06.603Z,1.0
1667988683,2022-11-09 04:11:23 -0600,730aa85a41cde9ade0ab0457bb30546a32d14e79,20221108TN43015,live,96.81,TN,Tennessee,43,1,2022-11-09T01:00:00.000Z,state,0,2022-11-09T10:10:31.598Z,258,278,92.81,49956,128333,65.93,50765,66306,34.07,201044,99,194639,1144489,258,269,0.0,X,2022-11-09T02:02:06.603Z,1.0
1667988722,2022-11-09 04:12:02 -0600,bd79a899567605757bf50a8e1f566a203e64b328,20221108TN43015,live,96.81,TN,Tennessee,43,1,2022-11-09T01:00:00.000Z,state,0,2022-11-09T10:11:30.207Z,258,278,92.81,49956,128333,65.93,50765,66306,34.07,201044,99,194639,1144489,258,269,0.0,X,2022-11-09T02:02:06.603Z,1.0
1667988801,2022-11-09 04:13:21 -0600,4c72a5c0e2471fa350291b6c4da371e39c3bbefa,20221108TN43015,live,96.81,TN,Tennessee,43,1,2022-11-09T01:00:00.000Z,state,0,2022-11-09T10:12:29.743Z,258,278,92.81,49956,128333,65.93,50765,66306,34.07,201044,99,194639,1144489,258,269,0.0,X,2022-11-09T02:02:06.603Z,1.0
1667988842,2022-11-09 04:14:02 -0600,3835bc37083d35ed57d75f316b86fe0fcddac7da,20221108TN43015,live,96.81,TN,Tennessee,43,1,2022-11-09T01:00:00.000Z,state,0,2022-11-09T10:13:30.222Z,258,278,92.81,49956,128333,65.93,50765,66306,34.07,201044,99,194639,1144489,258,269,0.0,X,2022-11-09T02:02:06.603Z,1.0
1667989322,2022-11-09 04:22:02 -0600,d457f03e4e72b327b99f4802024f635832ef663e,20221108TN43015,live,96.81,TN,Tennessee,43,1,2022-11-09T01:00:00.000Z,state,0,2022-11-09T10:21:29.562Z,258,278,92.81,49956,128333,65.93,50765,66306,34.07,201044,99,194639,1144489,258,269,0.0,X,2022-11-09T02:02:06.603Z,1.0
1667989403,2022-11-09 04:23:23 -0600,3960f2a4186e207e2f1267a38abefd37b2a3bb6b,20221108TN43015,live,96.81,TN,Tennessee,43,1,2022-11-09T01:00:00.000Z,state,0,2022-11-09T10:22:30.751Z,258,278,92.81,49956,128333,65.93,50765,66306,34.07,201044,99,194639,1144489,258,269,0.0,X,2022-11-09T02:02:06.603Z,1.0
1667989442,2022-11-09 04:24:02 -0600,364fd392403a5661fc5e3dab8aaacc2dcbbce838,20221108TN43015,live,96.81,TN,Tennessee,43,1,2022-11-09T01:00:00.000Z,state,0,2022-11-09T10:23:29.816Z,258,278,92.81,49956,128333,65.93,50765,66306,34.07,201044,99,194639,1144489,258,269,0.0,X,2022-11-09T02:02:06.603Z,1.0
1667990407,2022-11-09 04:40:07 -0600,c93ceb6395e9537cb6932486e53827020153f0ea,20221108TN43015,live,96.81,TN,Tennessee,43,1,2022-11-09T01:00:00.000Z,state,0,2022-11-09T10:39:30.150Z,258,278,92.81,49956,128333,65.93,50765,66306,34.07,201044,99,194639,1144489,258,269,0.0,X,2022-11-09T02:02:06.603Z,1.0
1667990485,2022-11-09 04:41:25 -0600,a251afa9583d4fd975b5fc14142e9861066a4a7d,20221108TN43015,live,96.81,TN,Tennessee,43,1,2022-11-09T01:00:00.000Z,state,0,2022-11-09T10:40:30.709Z,258,278,92.81,49956,128333,65.93,50765,66306,34.07,201044,99,194639,1144489,258,269,0.0,X,2022-11-09T02:02:06.603Z,1.0
1667990526,2022-11-09 04:42:06 -0600,70be907630a2873d9a33e021189fd13031a24665,20221108TN43015,live,96.81,TN,Tennessee,43,1,2022-11-09T01:00:00.000Z,state,0,2022-11-09T10:41:30.622Z,258,278,92.81,49956,128333,65.93,50765,66306,34.07,201044,99,194639,1144489,258,269,0.0,X,2022-11-09T02:02:06.603Z,1.0
1667992044,2022-11-09 05:07:24 -0600,65ef2bf965a5f04f1756ecba0aa47f8744a8a07d,20221108TN43015,live,96.81,TN,Tennessee,43,1,2022-11-09T01:00:00.000Z,state,0,2022-11-09T11:06:30.520Z,258,278,92.81,49956,128333,65.93,50765,66306,34.07,201044,99,194639,1144489,258,269,0.0,X,2022-11-09T02:02:06.603Z,1.0
1667992085,2022-11-09 05:08:05 -0600,c30f07bb6fa381a7fafe723e317ea5eecfa86d3d,20221108TN43015,live,96.81,TN,Tennessee,43,1,2022-11-09T01:00:00.000Z,state,0,2022-11-09T11:07:31.185Z,258,278,92.81,49956,128333,65.93,50765,66306,34.07,201044,99,194639,1144489,258,269,0.0,X,2022-11-09T02:02:06.603Z,1.0
1667992162,2022-11-09 05:09:22 -0600,4fe952953419649ffd9e3941db3ac2f8af7ae0cc,20221108TN43015,live,96.81,TN,Tennessee,43,1,2022-11-09T01:00:00.000Z,state,0,2022-11-09T11:08:31.306Z,258,278,92.81,49956,128333,65.93,50765,66306,34.07,201044,99,194639,1144489,258,269,0.0,X,2022-11-09T02:02:06.603Z,1.0
1667993637,2022-11-09 05:33:57 -0600,c466fc7296c61cf151348ec0cdbb5d5ac3aad22f,20221108TN43015,live,96.81,TN,Tennessee,43,1,2022-11-09T01:00:00.000Z,state,0,2022-11-09T11:33:32.612Z,258,278,92.81,49956,128333,65.93,50765,66306,34.07,201044,99,194639,1144489,258,269,0.0,X,2022-11-09T02:02:06.603Z,1.0
1667993716,2022-11-09 05:35:16 -0600,9d5933cc24f56c8708397215189583e172db2447,20221108TN43015,live,96.81,TN,Tennessee,43,1,2022-11-09T01:00:00.000Z,state,0,2022-11-09T11:34:30.553Z,258,278,92.81,49956,128333,65.93,50765,66306,34.07,201044,99,194639,1144489,258,269,0.0,X,2022-11-09T02:02:06.603Z,1.0
1667993756,2022-11-09 05:35:56 -0600,853e72cf421e19292676b716fa639da1fa3db115,20221108TN43015,live,96.81,TN,Tennessee,43,1,2022-11-09T01:00:00.000Z,state,0,2022-11-09T11:35:30.149Z,258,278,92.81,49956,128333,65.93,50765,66306,34.07,201044,99,194639,1144489,258,269,0.0,X,2022-11-09T02:02:06.603Z,1.0
1667993993,2022-11-09 05:39:53 -0600,b364d07e942974f9ae570f697e47fbc19df17ac4,20221108TN43015,live,96.81,TN,Tennessee,43,1,2022-11-09T01:00:00.000Z,state,0,2022-11-09T11:36:29.632Z,258,278,92.81,49956,128333,65.93,50765,66306,34.07,201044,99,194639,1144489,258,269,0.0,X,2022-11-09T02:02:06.603Z,1.0
1667995149,2022-11-09 05:59:09 -0600,49ca173451ab45cbf1950d34002bb074273e206d,20221108TN43015,live,96.81,TN,Tennessee,43,1,2022-11-09T01:00:00.000Z,state,0,2022-11-09T11:58:31.302Z,258,278,92.81,49956,128333,65.93,50765,66306,34.07,201044,99,194639,1144489,258,269,0.0,X,2022-11-09T02:02:06.603Z,1.0
1667995189,2022-11-09 05:59:49 -0600,5b5d2da7083e91ed76b58b01c898372966aa5369,20221108TN43015,live,96.81,TN,Tennessee,43,1,2022-11-09T01:00:00.000Z,state,0,2022-11-09T11:59:29.731Z,258,278,92.81,49956,128333,65.93,50765,66306,34.07,201044,99,194639,1144489,258,269,0.0,X,2022-11-09T02:02:06.603Z,1.0
1667995269,2022-11-09 06:01:09 -0600,b44ac677bcc11e2ff55c7df6cb863375ff98109b,20221108TN43015,live,96.81,TN,Tennessee,43,1,2022-11-09T01:00:00.000Z,state,0,2022-11-09T12:00:32.373Z,258,278,92.81,49956,128333,65.93,50765,66306,34.07,201044,99,194639,1144489,258,269,0.0,X,2022-11-09T02:02:06.603Z,1.0
1667995387,2022-11-09 06:03:07 -0600,b0db8eee3ec3f41524a9adb8a2a20acb709b10c2,20221108TN43015,live,96.81,TN,Tennessee,43,1,2022-11-09T01:00:00.000Z,state,0,2022-11-09T12:02:30.495Z,258,278,92.81,49956,128333,65.93,50765,66306,34.07,201044,99,194639,1144489,258,269,0.0,X,2022-11-09T02:02:06.603Z,1.0
1667995465,2022-11-09 06:04:25 -0600,ca21b6ccb83d3182c93d66b0c663d6d840fe981c,20221108TN43015,live,96.81,TN,Tennessee,43,1,2022-11-09T01:00:00.000Z,state,0,2022-11-09T12:03:32.674Z,258,278,92.81,49956,128333,65.93,50765,66306,34.07,201044,99,194639,1144489,258,269,0.0,X,2022-11-09T02:02:06.603Z,1.0
1667995505,2022-11-09 06:05:05 -0600,de3dc32925c28f02d44d80a7b86061db3334d1ee,20221108TN43015,live,96.81,TN,Tennessee,43,1,2022-11-09T01:00:00.000Z,state,0,2022-11-09T12:04:30.284Z,258,278,92.81,49956,128333,65.93,50765,66306,34.07,201044,99,194639,1144489,258,269,0.0,X,2022-11-09T02:02:06.603Z,1.0
1667995630,2022-11-09 06:07:10 -0600,c38d9d0c7fe9f059a75113f79e920eda770d6422,20221108TN43015,live,96.81,TN,Tennessee,43,1,2022-11-09T01:00:00.000Z,state,0,2022-11-09T12:06:29.940Z,258,278,92.81,49956,128333,65.93,50765,66306,34.07,201044,99,194639,1144489,258,269,0.0,X,2022-11-09T02:02:06.603Z,1.0
1667995710,2022-11-09 06:08:30 -0600,962f3f394af10c453d233b04b469ae64bfc0d291,20221108TN43015,live,96.81,TN,Tennessee,43,1,2022-11-09T01:00:00.000Z,state,0,2022-11-09T12:07:31.304Z,258,278,92.81,49956,128333,65.93,50765,66306,34.07,201044,99,194639,1144489,258,269,0.0,X,2022-11-09T02:02:06.603Z,1.0
1667995750,2022-11-09 06:09:10 -0600,66abd8ec18a4a4455146be9e5f26128bbe9d0c97,20221108TN43015,live,96.81,TN,Tennessee,43,1,2022-11-09T01:00:00.000Z,state,0,2022-11-09T12:08:30.934Z,258,278,92.81,49956,128333,65.93,50765,66306,34.07,201044,99,194639,1144489,258,269,0.0,X,2022-11-09T02:02:06.603Z,1.0
1667995789,2022-11-09 06:09:49 -0600,6012c48e10e67e108b87dcb196d70450963d8ae9,20221108TN43015,live,96.81,TN,Tennessee,43,1,2022-11-09T01:00:00.000Z,state,0,2022-11-09T12:09:29.731Z,258,278,92.81,49956,128333,65.93,50765,66306,34.07,201044,99,194639,1144489,258,269,0.0,X,2022-11-09T02:02:06.603Z,1.0
1667996030,2022-11-09 06:13:50 -0600,4c3e550975c316be14dbc1bf8dfd513204d39d72,20221108TN43015,live,96.81,TN,Tennessee,43,1,2022-11-09T01:00:00.000Z,state,0,2022-11-09T12:13:30.182Z,258,278,92.81,49956,128333,65.93,50765,66306,34.07,201044,99,194639,1144489,258,269,0.0,X,2022-11-09T02:02:06.603Z,1.0
1667996111,2022-11-09 06:15:11 -0600,fa58391b4460cd8a38ae5026370ae99cf8be7d71,20221108TN43015,live,96.81,TN,Tennessee,43,1,2022-11-09T01:00:00.000Z,state,0,2022-11-09T12:14:32.106Z,258,278,92.81,49956,128333,65.93,50765,66306,34.07,201044,99,194639,1144489,258,269,0.0,X,2022-11-09T02:02:06.603Z,1.0
1667996151,2022-11-09 06:15:51 -0600,f43ecce5f34940930ea8e86fa59e48783fc0e805,20221108TN43015,live,96.81,TN,Tennessee,43,1,2022-11-09T01:00:00.000Z,state,0,2022-11-09T12:15:31.004Z,258,278,92.81,49956,128333,65.93,50765,66306,34.07,201044,99,194639,1144489,258,269,0.0,X,2022-11-09T02:02:06.603Z,1.0
1667996877,2022-11-09 06:27:57 -0600,3ab85577acef291668b0a0e772f749b84da89f24,20221108TN43015,live,96.81,TN,Tennessee,43,1,2022-11-09T01:00:00.000Z,state,0,2022-11-09T12:27:32.162Z,258,278,92.81,49956,128333,65.93,50765,66306,34.07,201044,99,194639,1144489,258,269,0.0,X,2022-11-09T02:02:06.603Z,1.0
1667996956,2022-11-09 06:29:16 -0600,156650a19d4a324031c13efee2409a11d3b5e020,20221108TN43015,live,96.81,TN,Tennessee,43,1,2022-11-09T01:00:00.000Z,state,0,2022-11-09T12:28:30.841Z,258,278,92.81,49956,128333,65.93,50765,66306,34.07,201044,99,194639,1144489,258,269,0.0,X,2022-11-09T02:02:06.603Z,1.0
1667996995,2022-11-09 06:29:55 -0600,de4e815697c5d62bc19ad0161a399507e41c0e0b,20221108TN43015,live,96.81,TN,Tennessee,43,1,2022-11-09T01:00:00.000Z,state,0,2022-11-09T12:29:31.231Z,258,278,92.81,49956,128333,65.93,50765,66306,34.07,201044,99,194639,1144489,258,269,0.0,X,2022-11-09T02:02:06.603Z,1.0
1667997074,2022-11-09 06:31:14 -0600,d7450659f6282292927dcf89f6969214e4e4936e,20221108TN43015,live,96.81,TN,Tennessee,43,1,2022-11-09T01:00:00.000Z,state,0,2022-11-09T12:30:30.415Z,258,278,92.81,49956,128333,65.93,50765,66306,34.07,201044,99,194639,1144489,258,269,0.0,X,2022-11-09T02:02:06.603Z,1.0
1667998320,2022-11-09 06:52:00 -0600,2d4640ef3facece68b488254b9d3632e188cfcd1,20221108TN43015,live,96.81,TN,Tennessee,43,1,2022-11-09T01:00:00.000Z,state,0,2022-11-09T12:51:30.539Z,258,278,92.81,49956,128333,65.93,50765,66306,34.07,201044,99,194639,1144489,258,269,0.0,X,2022-11-09T02:02:06.603Z,1.0
1667998399,2022-11-09 06:53:19 -0600,1a00fb3584a3d5a185eef54e9bdb6d737f43a889,20221108TN43015,live,96.81,TN,Tennessee,43,1,2022-11-09T01:00:00.000Z,state,0,2022-11-09T12:52:32.362Z,258,278,92.81,49956,128333,65.93,50765,66306,34.07,201044,99,194639,1144489,258,269,0.0,X,2022-11-09T02:02:06.603Z,1.0
1667998439,2022-11-09 06:53:59 -0600,768bbb13f3ba2049e7b6fac3227b7b2850b84ee6,20221108TN43015,live,96.81,TN,Tennessee,43,1,2022-11-09T01:00:00.000Z,state,0,2022-11-09T12:53:30.426Z,258,278,92.81,49956,128333,65.93,50765,66306,34.07,201044,99,194639,1144489,258,269,0.0,X,2022-11-09T02:02:06.603Z,1.0
1667998796,2022-11-09 06:59:56 -0600,1b267cf605ea0d2a1af9e88cb14981c20bac33d5,20221108TN43015,live,96.81,TN,Tennessee,43,1,2022-11-09T01:00:00.000Z,state,0,2022-11-09T12:59:31.540Z,258,278,92.81,49956,128333,65.93,50765,66306,34.07,201044,99,194639,1144489,258,269,0.0,X,2022-11-09T02:02:06.603Z,1.0
1667998875,2022-11-09 07:01:15 -0600,0794fb8a2f5ddefbac283dc72431d858157fa565,20221108TN43015,live,96.81,TN,Tennessee,43,1,2022-11-09T01:00:00.000Z,state,0,2022-11-09T13:00:30.280Z,258,278,92.81,49956,128333,65.93,50765,66306,34.07,201044,99,194639,1144489,258,269,0.0,X,2022-11-09T02:02:06.603Z,1.0
1667998915,2022-11-09 07:01:55 -0600,885157fdec24f7c73ab17ec1c42b553007179baa,20221108TN43015,live,96.81,TN,Tennessee,43,1,2022-11-09T01:00:00.000Z,state,0,2022-11-09T13:01:30.811Z,258,278,92.81,49956,128333,65.93,50765,66306,34.07,201044,99,194639,1144489,258,269,0.0,X,2022-11-09T02:02:06.603Z,1.0
1667998995,2022-11-09 07:03:15 -0600,878b4517f6f5454c3770299982f58418c141bf60,20221108TN43015,live,96.81,TN,Tennessee,43,1,2022-11-09T01:00:00.000Z,state,0,2022-11-09T13:02:30.400Z,258,278,92.81,49956,128333,65.93,50765,66306,34.07,201044,99,194639,1144489,258,269,0.0,X,2022-11-09T02:02:06.603Z,1.0
1668000444,2022-11-09 07:27:24 -0600,3a586e35b11e7744a2a248a3b3e8f6b8cc1bc13d,20221108TN43015,live,96.81,TN,Tennessee,43,1,2022-11-09T01:00:00.000Z,state,0,2022-11-09T13:26:30.607Z,258,278,92.81,49956,128333,65.93,50765,66306,34.07,201044,99,194639,1144489,258,269,0.0,X,2022-11-09T02:02:06.603Z,1.0
1668000484,2022-11-09 07:28:04 -0600,fe7b41478177bb6dbad04b1a40eb120ab703994a,20221108TN43015,live,96.81,TN,Tennessee,43,1,2022-11-09T01:00:00.000Z,state,0,2022-11-09T13:27:34.335Z,258,278,92.81,49956,128333,65.93,50765,66306,34.07,201044,99,194639,1144489,258,269,0.0,X,2022-11-09T02:02:06.603Z,1.0
1668000564,2022-11-09 07:29:24 -0600,bc3c916cd3a00edffbff42272b897d4760642321,20221108TN43015,live,96.81,TN,Tennessee,43,1,2022-11-09T01:00:00.000Z,state,0,2022-11-09T13:28:31.315Z,258,278,92.81,49956,128333,65.93,50765,66306,34.07,201044,99,194639,1144489,258,269,0.0,X,2022-11-09T02:02:06.603Z,1.0
1668000605,2022-11-09 07:30:05 -0600,29aeb662faf55b08cdddf215cb7d81100e196d09,20221108TN43015,live,96.81,TN,Tennessee,43,1,2022-11-09T01:00:00.000Z,state,0,2022-11-09T13:29:30.448Z,258,278,92.81,49956,128333,65.93,50765,66306,34.07,201044,99,194639,1144489,258,269,0.0,X,2022-11-09T02:02:06.603Z,1.0
1668001525,2022-11-09 07:45:25 -0600,fc4674ab44f4b8444e9bba0ce0b54cb745fd4944,20221108TN43015,live,96.81,TN,Tennessee,43,1,2022-11-09T01:00:00.000Z,state,0,2022-11-09T13:44:30.411Z,258,278,92.81,49956,128333,65.93,50765,66306,34.07,201044,99,194639,1144489,258,269,0.0,X,2022-11-09T02:02:06.603Z,1.0
1668001564,2022-11-09 07:46:04 -0600,76f6353ce65fa8a09e7de4c600240dbe12492f27,20221108TN43015,live,96.81,TN,Tennessee,43,1,2022-11-09T01:00:00.000Z,state,0,2022-11-09T13:45:31.952Z,258,278,92.81,49956,128333,65.93,50765,66306,34.07,201044,99,194639,1144489,258,269,0.0,X,2022-11-09T02:02:06.603Z,1.0
1668001645,2022-11-09 07:47:25 -0600,ebed161a3b83957b2acca3a487e0d252fb93665c,20221108TN43015,live,96.81,TN,Tennessee,43,1,2022-11-09T01:00:00.000Z,state,0,2022-11-09T13:46:30.575Z,258,278,92.81,49956,128333,65.93,50765,66306,34.07,201044,99,194639,1144489,258,269,0.0,X,2022-11-09T02:02:06.603Z,1.0
1668002648,2022-11-09 08:04:08 -0600,70005330f3f4a16d702eb57f5e2c56db4d710eaa,20221108TN43015,live,96.81,TN,Tennessee,43,1,2022-11-09T01:00:00.000Z,state,0,2022-11-09T14:03:31.934Z,258,278,92.81,49956,128333,65.93,50765,66306,34.07,201044,99,194639,1144489,258,269,0.0,X,2022-11-09T02:02:06.603Z,1.0
1668002730,2022-11-09 08:05:30 -0600,7008bbeb9f383c745e900b942d7f96421448660d,20221108TN43015,live,96.81,TN,Tennessee,43,1,2022-11-09T01:00:00.000Z,state,0,2022-11-09T14:04:30.083Z,258,278,92.81,49956,128333,65.93,50765,66306,34.07,201044,99,194639,1144489,258,269,0.0,X,2022-11-09T02:02:06.603Z,1.0
1668002771,2022-11-09 08:06:11 -0600,b928ef02b4b44be3ce5f30b076048e328b886f9f,20221108TN43015,live,96.81,TN,Tennessee,43,1,2022-11-09T01:00:00.000Z,state,0,2022-11-09T14:05:30.801Z,258,278,92.81,49956,128333,65.93,50765,66306,34.07,201044,99,194639,1144489,258,269,0.0,X,2022-11-09T02:02:06.603Z,1.0
1668002893,2022-11-09 08:08:13 -0600,755e10f90e16a53e7f0d4396abc887d651878572,20221108TN43015,live,96.81,TN,Tennessee,43,1,2022-11-09T01:00:00.000Z,state,0,2022-11-09T14:07:32.967Z,258,278,92.81,49956,128333,65.93,50765,66306,34.07,201044,99,194639,1144489,258,269,0.0,X,2022-11-09T02:02:06.603Z,1.0
1668003014,2022-11-09 08:10:14 -0600,0eab4b276eab898af2627f71dd9e0a6c47fdd193,20221108TN43015,live,96.81,TN,Tennessee,43,1,2022-11-09T01:00:00.000Z,state,0,2022-11-09T14:09:30.703Z,258,278,92.81,49956,128333,65.93,50765,66306,34.07,201044,99,194639,1144489,258,269,0.0,X,2022-11-09T02:02:06.603Z,1.0
1668003054,2022-11-09 08:10:54 -0600,99c9a1e8bc4895e8ab6814fdf53fb244bb76eda3,20221108TN43015,live,96.81,TN,Tennessee,43,1,2022-11-09T01:00:00.000Z,state,0,2022-11-09T14:10:31.363Z,258,278,92.81,49956,128333,65.93,50765,66306,34.07,201044,99,194639,1144489,258,269,0.0,X,2022-11-09T02:02:06.603Z,1.0
1668003136,2022-11-09 08:12:16 -0600,012e84ecb32a491c522e20645a10ebb106897dcb,20221108TN43015,live,96.81,TN,Tennessee,43,1,2022-11-09T01:00:00.000Z,state,0,2022-11-09T14:11:30.862Z,258,278,92.81,49956,128333,65.93,50765,66306,34.07,201044,99,194639,1144489,258,269,0.0,X,2022-11-09T02:02:06.603Z,1.0
1668004106,2022-11-09 08:28:26 -0600,34044eb99747331d7e015a21c078f5ee04eb775d,20221108TN43015,live,96.81,TN,Tennessee,43,1,2022-11-09T01:00:00.000Z,state,0,2022-11-09T14:27:29.894Z,258,278,92.81,49956,128333,65.93,50765,66306,34.07,201044,99,194639,1144489,258,269,0.0,X,2022-11-09T02:02:06.603Z,1.0
1668004229,2022-11-09 08:30:29 -0600,ba83ba0e4fb7247a499fcad1a30dc94c9dedf9b2,20221108TN43015,live,96.81,TN,Tennessee,43,1,2022-11-09T01:00:00.000Z,state,0,2022-11-09T14:29:33.915Z,258,278,92.81,49956,128333,65.93,50765,66306,34.07,201044,99,194639,1144489,258,269,0.0,X,2022-11-09T02:02:06.603Z,1.0
1668004270,2022-11-09 08:31:10 -0600,4f292c9a87a04b90d1f1e4b5f6f1afb92a8c89bb,20221108TN43015,live,96.81,TN,Tennessee,43,1,2022-11-09T01:00:00.000Z,state,0,2022-11-09T14:30:36.041Z,258,278,92.81,49956,128333,65.93,50765,66306,34.07,201044,99,194639,1144489,258,269,0.0,X,2022-11-09T02:02:06.603Z,1.0
1668004310,2022-11-09 08:31:50 -0600,18a1dd450b17a57a17f543a50cd88e0f41c342d1,20221108TN43015,live,96.81,TN,Tennessee,43,1,2022-11-09T01:00:00.000Z,state,0,2022-11-09T14:31:30.523Z,258,278,92.81,49956,128333,65.93,50765,66306,34.07,201044,99,194639,1144489,258,269,0.0,X,2022-11-09T02:02:06.603Z,1.0
1668004392,2022-11-09 08:33:12 -0600,d9b2a5522ce5d70cfec86b8fd59cba09a134da80,20221108TN43015,live,96.81,TN,Tennessee,43,1,2022-11-09T01:00:00.000Z,state,0,2022-11-09T14:32:31.185Z,258,278,92.81,49956,128333,65.93,50765,66306,34.07,201044,99,194639,1144489,258,269,0.0,X,2022-11-09T02:02:06.603Z,1.0
1668004554,2022-11-09 08:35:54 -0600,1c59b7ea4a0869f69079422ca923094cda494566,20221108TN43015,live,96.81,TN,Tennessee,43,1,2022-11-09T01:00:00.000Z,state,0,2022-11-09T14:35:31.966Z,258,278,92.81,49956,128333,65.93,50765,66306,34.07,201044,99,194639,1144489,258,269,0.0,X,2022-11-09T02:02:06.603Z,1.0
1668004636,2022-11-09 08:37:16 -0600,ca1d3e0e670fc08fcb0e7605b25eed10e60b0a3f,20221108TN43015,live,96.81,TN,Tennessee,43,1,2022-11-09T01:00:00.000Z,state,0,2022-11-09T14:36:31.894Z,258,278,92.81,49956,128333,65.93,50765,66306,34.07,201044,99,194639,1144489,258,269,0.0,X,2022-11-09T02:02:06.603Z,1.0
1668004676,2022-11-09 08:37:56 -0600,4187b6f93ea0ffbc3a86aa4a9fd4fc9865735003,20221108TN43015,live,96.81,TN,Tennessee,43,1,2022-11-09T01:00:00.000Z,state,0,2022-11-09T14:37:30.774Z,258,278,92.81,49956,128333,65.93,50765,66306,34.07,201044,99,194639,1144489,258,269,0.0,X,2022-11-09T02:02:06.603Z,1.0
1668004756,2022-11-09 08:39:16 -0600,c06681941eae3b2c6d5285d19938ecb377651dd8,20221108TN43015,live,96.81,TN,Tennessee,43,1,2022-11-09T01:00:00.000Z,state,0,2022-11-09T14:38:30.555Z,258,278,92.81,49956,128333,65.93,50765,66306,34.07,201044,99,194639,1144489,258,269,0.0,X,2022-11-09T02:02:06.603Z,1.0
1668004917,2022-11-09 08:41:57 -0600,38cebc8901d6d0e6b8e6ff46e20705033ba597f6,20221108TN43015,live,96.81,TN,Tennessee,43,1,2022-11-09T01:00:00.000Z,state,0,2022-11-09T14:41:30.839Z,258,278,92.81,49956,128333,65.93,50765,66306,34.07,201044,99,194639,1144489,258,269,0.0,X,2022-11-09T02:02:06.603Z,1.0
1668004998,2022-11-09 08:43:18 -0600,a29756c9d2e388f67adf29cb475fc0ae73bd8099,20221108TN43015,live,96.81,TN,Tennessee,43,1,2022-11-09T01:00:00.000Z,state,0,2022-11-09T14:42:30.488Z,258,278,92.81,49956,128333,65.93,50765,66306,34.07,201044,99,194639,1144489,258,269,0.0,X,2022-11-09T02:02:06.603Z,1.0
1668005118,2022-11-09 08:45:18 -0600,353330a8f0f3ed0c320c7aa34fb13030b5729f1a,20221108TN43015,live,96.81,TN,Tennessee,43,1,2022-11-09T01:00:00.000Z,state,0,2022-11-09T14:44:30.395Z,258,278,92.81,49956,128333,65.93,50765,66306,34.07,201044,99,194639,1144489,258,269,0.0,X,2022-11-09T02:02:06.603Z,1.0
1668005158,2022-11-09 08:45:58 -0600,b77a34ca02ab5f8abe69729ff43c0713c81f6a55,20221108TN43015,live,96.81,TN,Tennessee,43,1,2022-11-09T01:00:00.000Z,state,0,2022-11-09T14:45:30.626Z,258,278,92.81,49956,128333,65.93,50765,66306,34.07,201044,99,194639,1144489,258,269,0.0,X,2022-11-09T02:02:06.603Z,1.0
1668005239,2022-11-09 08:47:19 -0600,d061dd5d10a7a2d15498fdc871ba81a37c2d27b7,20221108TN43015,live,96.81,TN,Tennessee,43,1,2022-11-09T01:00:00.000Z,state,0,2022-11-09T14:46:30.552Z,258,278,92.81,49956,128333,65.93,50765,66306,34.07,201044,99,194639,1144489,258,269,0.0,X,2022-11-09T02:02:06.603Z,1.0
1668005641,2022-11-09 08:54:01 -0600,190a7e7ca8b9d16f244e9a7ac70ed678ac91869b,20221108TN43015,live,96.81,TN,Tennessee,43,1,2022-11-09T01:00:00.000Z,state,0,2022-11-09T14:53:33.016Z,258,278,92.81,49956,128333,65.93,50765,66306,34.07,201044,99,194639,1144489,258,269,0.0,X,2022-11-09T02:02:06.603Z,1.0
1668005722,2022-11-09 08:55:22 -0600,61b58fc0ef5156a1597f29be784f5d01076a5303,20221108TN43015,live,96.81,TN,Tennessee,43,1,2022-11-09T01:00:00.000Z,state,0,2022-11-09T14:54:30.150Z,258,278,92.81,49956,128333,65.93,50765,66306,34.07,201044,99,194639,1144489,258,269,0.0,X,2022-11-09T02:02:06.603Z,1.0
1668005762,2022-11-09 08:56:02 -0600,307ba24af73c27ee28138caea25484bd3ece64e9,20221108TN43015,live,96.81,TN,Tennessee,43,1,2022-11-09T01:00:00.000Z,state,0,2022-11-09T14:55:30.750Z,258,278,92.81,49956,128333,65.93,50765,66306,34.07,201044,99,194639,1144489,258,269,0.0,X,2022-11-09T02:02:06.603Z,1.0
1668005841,2022-11-09 08:57:21 -0600,12993f9fa4bbae6815cb69862bd0625d2669ac5c,20221108TN43015,live,96.81,TN,Tennessee,43,1,2022-11-09T01:00:00.000Z,state,0,2022-11-09T14:56:32.352Z,258,278,92.81,49956,128333,65.93,50765,66306,34.07,201044,99,194639,1144489,258,269,0.0,X,2022-11-09T02:02:06.603Z,1.0
1668007266,2022-11-09 09:21:06 -0600,57dbe3c51dc4a6c9ecfbf50bf7f2c7f6a80aef58,20221108TN43015,live,96.81,TN,Tennessee,43,1,2022-11-09T01:00:00.000Z,state,0,2022-11-09T15:20:31.153Z,258,278,92.81,49956,128333,65.93,50765,66306,34.07,201044,99,194639,1144489,258,269,0.0,X,2022-11-09T02:02:06.603Z,1.0
1668007346,2022-11-09 09:22:26 -0600,f6b980a00d97c3c687f3cb686a576e58833e7e35,20221108TN43015,live,96.81,TN,Tennessee,43,1,2022-11-09T01:00:00.000Z,state,0,2022-11-09T15:21:34.524Z,258,278,92.81,49956,128333,65.93,50765,66306,34.07,201044,99,194639,1144489,258,269,0.0,X,2022-11-09T02:02:06.603Z,1.0
1668007387,2022-11-09 09:23:07 -0600,bea0c94185fce6e47125e27fdd292e977a1919ae,20221108TN43015,live,96.81,TN,Tennessee,43,1,2022-11-09T01:00:00.000Z,state,0,2022-11-09T15:22:31.695Z,258,278,92.81,49956,128333,65.93,50765,66306,34.07,201044,99,194639,1144489,258,269,0.0,X,2022-11-09T02:02:06.603Z,1.0
1668009669,2022-11-09 10:01:09 -0600,54f6b2eac7d596c4b9fc2605b9a549e39c140695,20221108TN43015,live,96.81,TN,Tennessee,43,1,2022-11-09T01:00:00.000Z,state,0,2022-11-09T16:00:44.294Z,258,278,92.81,49956,128333,65.93,50765,66306,34.07,201044,99,194639,1144489,258,269,0.0,X,2022-11-09T02:02:06.603Z,1.0
1668009874,2022-11-09 10:04:34 -0600,11b8834593a88447f151c2b14e88da1e99d29b7a,20221108TN43015,live,96.88,TN,Tennessee,43,1,2022-11-09T01:00:00.000Z,state,0,2022-11-09T16:03:30.021Z,259,278,93.17,49956,128444,65.95,50765,66329,34.05,201044,99,194773,1144489,259,269,0.0,X,2022-11-09T02:02:06.603Z,1.0
1668013315,2022-11-09 11:01:55 -0600,a63ff640109f379b4e3dc0d69b8c926a1459e532,20221108TN43015,live,97.9,TN,Tennessee,43,1,2022-11-09T01:00:00.000Z,state,0,2022-11-09T17:01:14.693Z,259,278,93.17,49956,128444,65.95,50765,66329,34.05,198942,99,194773,1144489,259,272,0.0,X,2022-11-09T02:02:06.603Z,1.0
1668013476,2022-11-09 11:04:36 -0600,f067c653818775f20f420d30ef384a7957db871f,20221108TN43015,live,97.9,TN,Tennessee,43,1,2022-11-09T01:00:00.000Z,state,0,2022-11-09T17:03:41.922Z,259,278,93.17,49956,128444,65.95,50765,66329,34.05,198942,99,194773,1144489,259,272,0.0,X,2022-11-09T02:02:06.603Z,1.0
1668013598,2022-11-09 11:06:38 -0600,b73843ea180f5fe85f68d153a7e2e2afb94e9f06,20221108TN43015,live,98.43,TN,Tennessee,43,1,2022-11-09T01:00:00.000Z,state,0,2022-11-09T17:05:56.512Z,259,278,93.17,49956,128444,65.95,50765,66329,34.05,197877,99,194773,1144489,259,274,0.0,X,2022-11-09T02:02:06.603Z,1.0
1668013770,2022-11-09 11:09:30 -0600,985ba2507ef43cb105755e4f1f403a98dc80d4cd,20221108TN43015,live,96.88,TN,Tennessee,43,1,2022-11-09T01:00:00.000Z,state,0,2022-11-09T17:09:03.066Z,259,278,93.17,49956,128444,65.95,50765,66329,34.05,201044,99,194773,1144489,259,269,0.0,X,2022-11-09T02:02:06.603Z,1.0
1668014102,2022-11-09 11:15:02 -0600,b2cabcd1e7aaf8bc5b9fff7c805b0088e4c6d7ac,20221108TN43015,live,96.88,TN,Tennessee,43,1,2022-11-09T01:00:00.000Z,state,0,2022-11-09T17:14:36.251Z,259,278,93.17,49956,128444,65.95,50765,66329,34.05,201044,99,194773,1144489,259,269,0.0,X,2022-11-09T02:02:06.603Z,1.0
1668014475,2022-11-09 11:21:15 -0600,b0d59362c1ec54f62602b75bd88ee097f5fe6673,20221108TN43015,live,96.88,TN,Tennessee,43,1,2022-11-09T01:00:00.000Z,state,0,2022-11-09T17:20:42.114Z,259,278,93.17,49956,128444,65.95,50765,66329,34.05,201044,99,194773,1144489,259,269,0.0,X,2022-11-09T02:02:06.603Z,1.0
1668014601,2022-11-09 11:23:21 -0600,d7b46f3fc5058d40d0108d04d992d59115a9539e,20221108TN43015,live,96.88,TN,Tennessee,43,1,2022-11-09T01:00:00.000Z,state,0,2022-11-09T17:22:50.712Z,259,278,93.17,49956,128444,65.95,50765,66329,34.05,201044,99,194773,1144489,259,269,0.0,X,2022-11-09T02:02:06.603Z,1.0
1668014643,2022-11-09 11:24:03 -0600,f5f86614da7b9c70e333016a9cf826d5cc8dc111,20221108TN43015,live,96.88,TN,Tennessee,43,1,2022-11-09T01:00:00.000Z,state,0,2022-11-09T17:23:12.083Z,259,278,93.17,49956,128444,65.95,50765,66329,34.05,201044,99,194773,1144489,259,269,0.0,X,2022-11-09T02:02:06.603Z,1.0
1668014768,2022-11-09 11:26:08 -0600,9ffc273adbb3a83519417aa9a3840515f35f0e97,20221108TN43015,live,97.9,TN,Tennessee,43,1,2022-11-09T01:00:00.000Z,state,0,2022-11-09T17:25:50.232Z,259,278,93.17,49956,128444,65.95,50765,66329,34.05,198942,99,194773,1144489,259,272,0.0,X,2022-11-09T02:02:06.603Z,1.0
1668014809,2022-11-09 11:26:49 -0600,fffdf43f0b6fc755d70750f983e80a24f6b5fc65,20221108TN43015,live,97.83,TN,Tennessee,43,1,2022-11-09T01:00:00.000Z,state,0,2022-11-09T17:25:57.241Z,259,278,93.17,49956,128444,65.95,50765,66329,34.05,199098,99,194773,1144489,259,272,0.0,X,2022-11-09T02:02:06.603Z,1.0
1668014936,2022-11-09 11:28:56 -0600,96f8d865c0d13e3b4af5adb0b9d51f50cb9f3abb,20221108TN43015,live,97.9,TN,Tennessee,43,1,2022-11-09T01:00:00.000Z,state,0,2022-11-09T17:28:30.860Z,259,278,93.17,49956,128444,65.95,50765,66329,34.05,198942,99,194773,1144489,259,272,0.0,X,2022-11-09T02:02:06.603Z,1.0
1668014978,2022-11-09 11:29:38 -0600,e0f266ec74c8fb34e7edcdea056520c9c858a950,20221108TN43015,live,97.83,TN,Tennessee,43,1,2022-11-09T01:00:00.000Z,state,0,2022-11-09T17:28:37.280Z,259,278,93.17,49956,128444,65.95,50765,66329,34.05,199098,99,194773,1144489,259,272,0.0,X,2022-11-09T02:02:06.603Z,1.0
1668015276,2022-11-09 11:34:36 -0600,dcda9d10235f87ec4665b5c918b5272474a1d6ee,20221108TN43015,live,97.83,TN,Tennessee,43,1,2022-11-09T01:00:00.000Z,state,0,2022-11-09T17:33:59.799Z,259,278,93.17,49956,128444,65.95,50765,66329,34.05,199098,99,194773,1144489,259,272,0.0,X,2022-11-09T02:02:06.603Z,1.0
1668016032,2022-11-09 11:47:12 -0600,27b6d59993f2586749b8d889b9e5b55f9654ac9a,20221108TN43015,live,97.83,TN,Tennessee,43,1,2022-11-09T01:00:00.000Z,state,0,2022-11-09T17:46:20.996Z,259,278,93.17,49956,128444,65.95,50765,66329,34.05,199098,99,194773,1144489,259,272,0.0,X,2022-11-09T02:02:06.603Z,1.0
1668016075,2022-11-09 11:47:55 -0600,9bfa0a5cf8ac4701c56c56f1bd6c4457c4bab4d1,20221108TN43015,live,97.83,TN,Tennessee,43,1,2022-11-09T01:00:00.000Z,state,0,2022-11-09T17:46:59.352Z,259,278,93.17,49956,128445,65.94,50765,66331,34.06,199098,99,194776,1144489,259,272,0.0,X,2022-11-09T02:02:06.603Z,1.0
1668018298,2022-11-09 12:24:58 -0600,b90fb5b431f7dd2518c84c4620c56a39796bc969,20221108TN43015,live,97.83,TN,Tennessee,43,1,2022-11-09T01:00:00.000Z,state,0,2022-11-09T18:20:46.714Z,259,278,93.17,49956,128445,65.94,50765,66331,34.06,199098,99,194776,1144489,259,272,0.0,X,2022-11-09T02:02:06.603Z,1.0
1668022234,2022-11-09 13:30:34 -0600,bc5edd902fbe42b692624b6cc02f7422c5c8c56c,20221108TN43015,live,97.83,TN,Tennessee,43,1,2022-11-09T01:00:00.000Z,state,0,2022-11-09T19:29:40.571Z,259,278,93.17,49956,128445,65.94,50765,66331,34.06,199098,99,194776,1144489,259,272,0.0,X,2022-11-09T02:02:06.603Z,1.0
1668022316,2022-11-09 13:31:56 -0600,8ac9d40a9f128bd1e65ee6aa2eeea055ff6e7ec0,20221108TN43015,live,98.35,TN,Tennessee,43,1,2022-11-09T01:00:00.000Z,state,0,2022-11-09T19:31:35.885Z,266,278,95.68,49956,129312,66.04,50765,66499,33.96,199098,99,195811,1144489,266,273,0.0,X,2022-11-09T02:02:06.603Z,1.0
1668023345,2022-11-09 13:49:05 -0600,857dc8c7267d0a9c7fef034d3136de570aaaa9bb,20221108TN43015,live,98.35,TN,Tennessee,43,1,2022-11-09T01:00:00.000Z,state,0,2022-11-09T19:48:28.976Z,266,278,95.68,49956,129312,66.04,50765,66499,33.96,199098,99,195811,1144489,266,273,0.0,X,2022-11-09T02:02:06.603Z,1.0
1668023680,2022-11-09 13:54:40 -0600,535d5bf3d3ea3e7829440ace48b36cb5f700dd22,20221108TN43015,live,98.35,TN,Tennessee,43,1,2022-11-09T01:00:00.000Z,state,0,2022-11-09T19:53:36.784Z,266,278,95.68,49956,129312,66.04,50765,66499,33.96,199098,99,195811,1144489,266,273,0.0,X,2022-11-09T02:02:06.603Z,1.0
1668025562,2022-11-09 14:26:02 -0600,6e185fa404a16ff0325d1a869149ba3db727c2b5,20221108TN43015,live,98.35,TN,Tennessee,43,1,2022-11-09T01:00:00.000Z,state,0,2022-11-09T20:25:34.520Z,266,278,95.68,49956,129312,66.04,50765,66499,33.96,199098,99,195811,1144489,266,273,0.0,X,2022-11-09T02:02:06.603Z,1.0
1668025772,2022-11-09 14:29:32 -0600,ad6d12e2eb4e85c17ce4e04f1afdf134997e43e2,20221108TN43015,live,98.35,TN,Tennessee,43,1,2022-11-09T01:00:00.000Z,state,0,2022-11-09T20:28:34.649Z,266,278,95.68,49956,129313,66.04,50765,66499,33.96,199098,99,195812,1144489,266,273,0.0,X,2022-11-09T02:02:06.603Z,1.0
1668027729,2022-11-09 15:02:09 -0600,d5d88d1b20e1a43623c87bd459d7581b792c539a,20221108TN43015,live,98.35,TN,Tennessee,43,1,2022-11-09T01:00:00.000Z,state,0,2022-11-09T21:01:37.384Z,266,278,95.68,49956,129313,66.04,50765,66499,33.96,199098,99,195812,1144489,266,273,0.0,X,2022-11-09T02:02:06.603Z,1.0
1668031716,2022-11-09 16:08:36 -0600,d733b6eaf68a85c7f650dffafd683403c3c413a8,20221108TN43015,live,98.35,TN,Tennessee,43,1,2022-11-09T01:00:00.000Z,state,0,2022-11-09T22:07:43.184Z,266,278,95.68,49956,129313,66.04,50765,66499,33.96,199098,99,195812,1144489,266,273,0.0,X,2022-11-09T02:02:06.603Z,1.0
1668035092,2022-11-09 17:04:52 -0600,bb1348c48f28c323c7acd58318cbd29acbae94e0,20221108TN43015,live,98.35,TN,Tennessee,43,1,2022-11-09T01:00:00.000Z,state,0,2022-11-09T23:04:08.521Z,266,278,95.68,49956,129313,66.04,50765,66499,33.96,199098,99,195812,1144489,266,273,0.0,X,2022-11-09T02:02:06.603Z,1.0
1668038758,2022-11-09 18:05:58 -0600,d52b7ca32c5cf8b275d3e7f260262833d0646621,20221108TN43015,live,98.35,TN,Tennessee,43,1,2022-11-09T01:00:00.000Z,state,0,2022-11-10T00:04:50.815Z,266,278,95.68,49956,129311,66.04,50765,66498,33.96,199098,99,195809,1144489,266,273,0.0,X,2022-11-09T02:02:06.603Z,1.0
1668046189,2022-11-09 20:09:49 -0600,f682ccf2d1ae34104984a0e62a45a0448dfe2890,20221108TN43015,live,98.35,TN,Tennessee,43,1,2022-11-09T01:00:00.000Z,state,0,2022-11-10T02:09:08.181Z,266,278,95.68,49956,129311,66.04,50765,66498,33.96,199098,99,195809,1144489,266,273,0.0,X,2022-11-09T02:02:06.603Z,1.0
1668047172,2022-11-09 20:26:12 -0600,22623cdb3e3427e75fc63438359e3a7de6636b00,20221108TN43015,live,98.35,TN,Tennessee,43,1,2022-11-09T01:00:00.000Z,state,0,2022-11-10T02:25:39.627Z,266,278,95.68,49956,129311,66.04,50765,66498,33.96,199098,99,195809,1144489,266,273,0.0,X,2022-11-09T02:02:06.603Z,1.0
1668145578,2022-11-10 23:46:18 -0600,bfa5bbf09d3de09b7fca8457bbe75ebc387437c3,20221108TN43015,live,98.35,TN,Tennessee,43,1,2022-11-09T01:00:00.000Z,state,0,2022-11-11T05:45:54.472Z,266,278,95.68,49956,129311,66.04,50765,66498,33.96,199095,99,195809,1144489,266,273,0.0,X,2022-11-09T02:02:06.603Z,1.0
1668145620,2022-11-10 23:47:00 -0600,fb23218ef6961fbc7841bd67eaab0b140c6e6139,20221108TN43015,live,98.35,TN,Tennessee,43,1,2022-11-09T01:00:00.000Z,state,0,2022-11-11T05:46:27.086Z,266,278,95.68,49956,129311,66.04,50765,66498,33.96,199095,99,195809,1144489,266,273,0.0,X,2022-11-09T02:02:06.603Z,1.0
1668145788,2022-11-10 23:49:48 -0600,1185342299bddc7725e19cadb4f98a99a719215e,20221108TN43015,live,98.22,TN,Tennessee,43,1,2022-11-09T01:00:00.000Z,state,0,2022-11-11T05:48:48.156Z,266,278,95.68,49956,129311,66.04,50765,66498,33.96,199348,99,195809,1144489,266,273,0.0,X,2022-11-09T02:02:06.603Z,1.0
1668146039,2022-11-10 23:53:59 -0600,551cbdc5869a7ccc9b1ead91d705a268b26f50d2,20221108TN43015,live,98.18,TN,Tennessee,43,1,2022-11-09T01:00:00.000Z,state,0,2022-11-11T05:53:36.422Z,266,278,95.68,49956,129311,66.04,50765,66498,33.96,199440,99,195809,1144489,266,273,0.0,X,2022-11-09T02:02:06.603Z,1.0
1668146082,2022-11-10 23:54:42 -0600,e01c628501826102a9b3fed137667d2a7b674a1a,20221108TN43015,live,98.35,TN,Tennessee,43,1,2022-11-09T01:00:00.000Z,state,0,2022-11-11T05:53:41.009Z,266,278,95.68,49956,129311,66.04,50765,66498,33.96,199095,99,195809,1144489,266,273,0.0,X,2022-11-09T02:02:06.603Z,1.0
1668146209,2022-11-10 23:56:49 -0600,2560213bc9a02171b2f4d3460702a4c871346f79,20221108TN43015,live,98.35,TN,Tennessee,43,1,2022-11-09T01:00:00.000Z,state,0,2022-11-11T05:54:03.326Z,266,278,95.68,49956,129311,66.04,50765,66498,33.96,199095,99,195809,1144489,266,273,0.0,X,2022-11-09T02:02:06.603Z,1.0
1668146375,2022-11-10 23:59:35 -0600,786a143ee7f402f8490bff69e41e67687eaa62bd,20221108TN43015,live,98.96,TN,Tennessee,43,1,2022-11-09T01:00:00.000Z,state,0,2022-11-11T05:59:14.360Z,266,278,95.68,49956,129311,66.04,50765,66498,33.96,197874,99,195809,1144489,266,275,0.0,X,2022-11-09T02:02:06.603Z,1.0
1668146421,2022-11-11 00:00:21 -0600,d25507b4ba88fdc4d614da68ef68dbb34a20fa4e,20221108TN43015,live,99.0,TN,Tennessee,43,1,2022-11-09T01:00:00.000Z,state,0,2022-11-11T05:59:25.229Z,266,278,95.68,49956,129311,66.04,50765,66498,33.96,197787,99,195809,1144489,266,275,0.0,X,2022-11-09T02:02:06.603Z,1.0
1668198559,2022-11-11 14:29:19 -0600,49826c62ee86e5b4c07f2b2ecadcdbd8a3646977,20221108TN43015,live,99.0,TN,Tennessee,43,1,2022-11-09T01:00:00.000Z,state,0,2022-11-11T20:28:40.821Z,266,278,95.68,49956,129311,66.04,50765,66498,33.96,197787,99,195809,1144489,266,275,0.0,X,2022-11-09T02:02:06.603Z,1.0
1668198725,2022-11-11 14:32:05 -0600,1b858648fade2a6042df247fc155b0767c3fe3f7,20221108TN43015,live,98.54,TN,Tennessee,43,1,2022-11-09T01:00:00.000Z,state,0,2022-11-11T20:31:38.162Z,278,278,100.0,49956,129311,66.34,50765,65598,33.66,197787,99,194909,1144489,278,274,0.0,X,2022-11-09T02:02:06.603Z,1.0
1668198768,2022-11-11 14:32:48 -0600,9d3bef8f69b6f0739a0aa9ef100078cee83144d5,20221108TN43015,live,98.54,TN,Tennessee,43,1,2022-11-09T01:00:00.000Z,state,0,2022-11-11T20:32:07.143Z,278,278,100.0,49956,129311,66.34,50765,65598,33.66,197787,99,194909,1144489,278,274,0.0,X,2022-11-09T02:02:06.603Z,1.0
