captureTimestamp,captureDateTime,captureRevision,statePostal,reportingunitID,reportingunitLevel,pollClosingTime,level,fipsCode,electTotal,lastUpdated,precinctsReporting,eevp,precinctsTotal,precinctsReportingPct,candidates.0.candidateID,candidates.0.voteCount,candidates.0.votePct,candidates.1.candidateID,candidates.1.voteCount,candidates.1.votePct,candidates.2.candidateID,candidates.2.voteCount,candidates.2.votePct,candidates.3.candidateID,candidates.3.voteCount,candidates.3.votePct,parameters.vote.expected.actual,parameters.vote.expected.eevpCap,parameters.vote.total,parameters.vote.registered,parameters.precinctsReportingActual,parameters.precinctsReportingProportional
1667886761,2022-11-08 05:52:41 +0000,454ce019f86614717daba988180b8577e032630f,OR,41019,2,2022-11-09T04:00:00.000Z,FIPSCode,41019,0,2022-11-07T21:27:49.890Z,0,0.0,29,0.0,4634,0,0.0,6421,0,0.0,6149,0,0.0,6422,0,0.0,51608,99,0,87318,0,0
1667944347,2022-11-08 21:52:27 +0000,05a3e91e497cb8d3251b3f2f481fd479b6ed8cc7,OR,41019,2,2022-11-09T04:00:00.000Z,FIPSCode,41019,0,2022-11-08T19:49:41.003Z,0,0.0,29,0.0,4634,0,0.0,6421,0,0.0,6149,0,0.0,6422,0,0.0,66715,60,0,87318,0,0
1667963668,2022-11-09 03:14:28 +0000,504ec01bb7ea4ec861b67f44aa636e0055b5ba3d,OR,41019,2,2022-11-09T04:00:00.000Z,FIPSCode,41019,0,2022-11-09T03:06:09.298Z,0,0.0,29,0.0,4634,0,0.0,6421,0,0.0,6149,0,0.0,6422,0,0.0,66715,60,0,87318,0,0
1667966989,2022-11-09 04:09:49 +0000,47c6fd3e525919b429e23d0446afd1809e9c353c,OR,41019,2,2022-11-09T04:00:00.000Z,FIPSCode,41019,0,2022-11-09T04:02:48.725Z,16,44.18,29,55.17,6149,18941,64.26,4634,9964,33.8,6421,345,1.17,6422,225,0.76,66715,60,29475,87318,16,13
1667967540,2022-11-08 22:19:00 -0600,673632f1537c7c9f2368084b99ec47b67621c41e,OR,41019,2,2022-11-09T04:00:00.000Z,FIPSCode,41019,0,2022-11-09T04:02:48.725Z,16,44.18,29,55.17,6149,18941,64.26,4634,9964,33.8,6421,345,1.17,6422,225,0.76,66715,60,29475,87318,16,13
1667967592,2022-11-08 22:19:52 -0600,bb461283809479aaf92a1a30cba63636f0c85695,OR,41019,2,2022-11-09T04:00:00.000Z,FIPSCode,41019,0,2022-11-09T04:02:48.725Z,16,44.18,29,55.17,6149,18941,64.26,4634,9964,33.8,6421,345,1.17,6422,225,0.76,66715,60,29475,87318,16,13
1667967905,2022-11-08 22:25:05 -0600,7b53fc8cb8c53477e9f4fecf82fac92988ee5275,OR,41019,2,2022-11-09T04:00:00.000Z,FIPSCode,41019,0,2022-11-09T04:02:48.725Z,16,44.18,29,55.17,6149,18941,64.26,4634,9964,33.8,6421,345,1.17,6422,225,0.76,66715,60,29475,87318,16,13
1667967954,2022-11-08 22:25:54 -0600,ddd8cd55583cb4e51013ac431e84d23dc8167e7a,OR,41019,2,2022-11-09T04:00:00.000Z,FIPSCode,41019,0,2022-11-09T04:23:51.237Z,16,44.18,29,55.17,6149,18941,64.26,4634,9964,33.8,6421,345,1.17,6422,225,0.76,66715,60,29475,87318,16,13
1667968002,2022-11-08 22:26:42 -0600,1235204137f0f06fe3cd4983951d9356477924c9,OR,41019,2,2022-11-09T04:00:00.000Z,FIPSCode,41019,0,2022-11-09T04:23:51.237Z,16,44.18,29,55.17,6149,18941,64.26,4634,9964,33.8,6421,345,1.17,6422,225,0.76,66715,60,29475,87318,16,13
1667968361,2022-11-08 22:32:41 -0600,0b888fe41bc653990f05b2c6fe09da530560e7a3,OR,41019,2,2022-11-09T04:00:00.000Z,FIPSCode,41019,0,2022-11-09T04:23:51.237Z,16,44.18,29,55.17,6149,18941,64.26,4634,9964,33.8,6421,345,1.17,6422,225,0.76,66715,60,29475,87318,16,13
1667968406,2022-11-08 22:33:26 -0600,9894c9990b429281fa1911dc561355d202f43cc4,OR,41019,2,2022-11-09T04:00:00.000Z,FIPSCode,41019,0,2022-11-09T04:23:51.237Z,16,44.18,29,55.17,6149,18941,64.26,4634,9964,33.8,6421,345,1.17,6422,225,0.76,66715,60,29475,87318,16,13
1667968451,2022-11-08 22:34:11 -0600,ec7c4c2fbdf80046dac3b25dd67b45de79385a9e,OR,41019,2,2022-11-09T04:00:00.000Z,FIPSCode,41019,0,2022-11-09T04:23:51.237Z,16,44.18,29,55.17,6149,18941,64.26,4634,9964,33.8,6421,345,1.17,6422,225,0.76,66715,60,29475,87318,16,13
1667968709,2022-11-08 22:38:29 -0600,a479186c1a21e09ae947de1863bf72d461e8b879,OR,41019,2,2022-11-09T04:00:00.000Z,FIPSCode,41019,0,2022-11-09T04:23:51.237Z,16,44.18,29,55.17,6149,18941,64.26,4634,9964,33.8,6421,345,1.17,6422,225,0.76,66715,60,29475,87318,16,13
1667968757,2022-11-08 22:39:17 -0600,444e7baf756125a86bedac9f7455307c41fed63a,OR,41019,2,2022-11-09T04:00:00.000Z,FIPSCode,41019,0,2022-11-09T04:23:51.237Z,16,44.18,29,55.17,6149,18941,64.26,4634,9964,33.8,6421,345,1.17,6422,225,0.76,66715,60,29475,87318,16,13
1667969067,2022-11-08 22:44:27 -0600,73d0e74cb03400217dbc75a62135f42bc460c502,OR,41019,2,2022-11-09T04:00:00.000Z,FIPSCode,41019,0,2022-11-09T04:23:51.237Z,16,44.18,29,55.17,6149,18941,64.26,4634,9964,33.8,6421,345,1.17,6422,225,0.76,66715,60,29475,87318,16,13
1667969116,2022-11-08 22:45:16 -0600,79682069eac6cae3840febac265b40363b9c51ff,OR,41019,2,2022-11-09T04:00:00.000Z,FIPSCode,41019,0,2022-11-09T04:23:51.237Z,16,44.18,29,55.17,6149,18941,64.26,4634,9964,33.8,6421,345,1.17,6422,225,0.76,66715,60,29475,87318,16,13
1667969248,2022-11-08 22:47:28 -0600,22d8758416ee8e5b986d6c680c79fc8b3c4bdaaf,OR,41019,2,2022-11-09T04:00:00.000Z,FIPSCode,41019,0,2022-11-09T04:45:59.927Z,16,44.18,29,55.17,6149,18941,64.26,4634,9964,33.8,6421,345,1.17,6422,225,0.76,66715,60,29475,87318,16,13
1667970327,2022-11-08 23:05:27 -0600,1b6c4725cf9e59e40e1d6792336f8520d5b10b5b,OR,41019,2,2022-11-09T04:00:00.000Z,FIPSCode,41019,0,2022-11-09T04:45:59.927Z,16,44.18,29,55.17,6149,18941,64.26,4634,9964,33.8,6421,345,1.17,6422,225,0.76,66715,60,29475,87318,16,13
1667970373,2022-11-08 23:06:13 -0600,3ea973c74a9585b2e944f9dd59e390b2b951b2cd,OR,41019,2,2022-11-09T04:00:00.000Z,FIPSCode,41019,0,2022-11-09T04:45:59.927Z,16,44.18,29,55.17,6149,18941,64.26,4634,9964,33.8,6421,345,1.17,6422,225,0.76,66715,60,29475,87318,16,13
1667970415,2022-11-08 23:06:55 -0600,f1d4e9736f94ffa7aa7ebd5da07699c9a419c5df,OR,41019,2,2022-11-09T04:00:00.000Z,FIPSCode,41019,0,2022-11-09T04:45:59.927Z,16,44.18,29,55.17,6149,18941,64.26,4634,9964,33.8,6421,345,1.17,6422,225,0.76,66715,60,29475,87318,16,13
1667970637,2022-11-08 23:10:37 -0600,879713b6aae904f8cc55b1a8c3ce99346dd39ab3,OR,41019,2,2022-11-09T04:00:00.000Z,FIPSCode,41019,0,2022-11-09T04:45:59.927Z,16,44.18,29,55.17,6149,18941,64.26,4634,9964,33.8,6421,345,1.17,6422,225,0.76,66715,60,29475,87318,16,13
1667970985,2022-11-08 23:16:25 -0600,458b8c029ed943a1966fd047ace4d102323e3185,OR,41019,2,2022-11-09T04:00:00.000Z,FIPSCode,41019,0,2022-11-09T04:45:59.927Z,16,44.18,29,55.17,6149,18941,64.26,4634,9964,33.8,6421,345,1.17,6422,225,0.76,66715,60,29475,87318,16,13
1667971079,2022-11-08 23:17:59 -0600,1cf7281bce65e8581e70a1164dc3589ed87371d4,OR,41019,2,2022-11-09T04:00:00.000Z,FIPSCode,41019,0,2022-11-09T04:45:59.927Z,16,44.18,29,55.17,6149,18941,64.26,4634,9964,33.8,6421,345,1.17,6422,225,0.76,66715,60,29475,87318,16,13
1667971614,2022-11-08 23:26:54 -0600,3e2db293b352d34f57f22cada11d4f92f345178d,OR,41019,2,2022-11-09T04:00:00.000Z,FIPSCode,41019,0,2022-11-09T04:45:59.927Z,16,44.18,29,55.17,6149,18941,64.26,4634,9964,33.8,6421,345,1.17,6422,225,0.76,66715,60,29475,87318,16,13
1667972176,2022-11-08 23:36:16 -0600,a6fd708cc30eea79171ae74711d81685981a53ab,OR,41019,2,2022-11-09T04:00:00.000Z,FIPSCode,41019,0,2022-11-09T04:45:59.927Z,16,44.18,29,55.17,6149,18941,64.26,4634,9964,33.8,6421,345,1.17,6422,225,0.76,66715,60,29475,87318,16,13
1667972308,2022-11-08 23:38:28 -0600,ba9f5f7b5ce443fdefcabab3b6292f3cd1310af6,OR,41019,2,2022-11-09T04:00:00.000Z,FIPSCode,41019,0,2022-11-09T04:45:59.927Z,16,44.18,29,55.17,6149,18941,64.26,4634,9964,33.8,6421,345,1.17,6422,225,0.76,66715,60,29475,87318,16,13
1667972364,2022-11-08 23:39:24 -0600,bfe9cb466aa6b65574c16effa903cd993efd4fe0,OR,41019,2,2022-11-09T04:00:00.000Z,FIPSCode,41019,0,2022-11-09T04:45:59.927Z,16,44.18,29,55.17,6149,18941,64.26,4634,9964,33.8,6421,345,1.17,6422,225,0.76,66715,60,29475,87318,16,13
1667972427,2022-11-08 23:40:27 -0600,ae4901446f849f3ab62f6a79323d475c59ad0832,OR,41019,2,2022-11-09T04:00:00.000Z,FIPSCode,41019,0,2022-11-09T04:45:59.927Z,16,44.18,29,55.17,6149,18941,64.26,4634,9964,33.8,6421,345,1.17,6422,225,0.76,66715,60,29475,87318,16,13
1667972764,2022-11-08 23:46:04 -0600,82ba377844e9961d9064213cab9939b1444d2eba,OR,41019,2,2022-11-09T04:00:00.000Z,FIPSCode,41019,0,2022-11-09T04:45:59.927Z,16,44.18,29,55.17,6149,18941,64.26,4634,9964,33.8,6421,345,1.17,6422,225,0.76,66715,60,29475,87318,16,13
1667972898,2022-11-08 23:48:18 -0600,7f5611a68542690dfbbea4b10f2d25fb123813f8,OR,41019,2,2022-11-09T04:00:00.000Z,FIPSCode,41019,0,2022-11-09T04:45:59.927Z,16,44.18,29,55.17,6149,18941,64.26,4634,9964,33.8,6421,345,1.17,6422,225,0.76,66715,60,29475,87318,16,13
1667973737,2022-11-09 00:02:17 -0600,f7940d04f83247dd0cbf585d2d4f25b8c66e477d,OR,41019,2,2022-11-09T04:00:00.000Z,FIPSCode,41019,0,2022-11-09T06:01:29.221Z,20,53.72,29,68.97,6149,23176,64.66,4634,11953,33.35,6421,431,1.2,6422,282,0.79,66715,60,35842,87318,20,16
1667973921,2022-11-09 00:05:21 -0600,8c7bea4e5501d62c6edf8b543f4ffeaf66fbee7c,OR,41019,2,2022-11-09T04:00:00.000Z,FIPSCode,41019,0,2022-11-09T06:01:29.221Z,20,53.72,29,68.97,6149,23176,64.66,4634,11953,33.35,6421,431,1.2,6422,282,0.79,66715,60,35842,87318,20,16
1667974006,2022-11-09 00:06:46 -0600,c8cae7bec2b0c7f4ed9e9ca6a473abc069a1d034,OR,41019,2,2022-11-09T04:00:00.000Z,FIPSCode,41019,0,2022-11-09T06:01:29.221Z,20,53.72,29,68.97,6149,23176,64.66,4634,11953,33.35,6421,431,1.2,6422,282,0.79,66715,60,35842,87318,20,16
1667974050,2022-11-09 00:07:30 -0600,7abf683084771abb66bcbd62c846b6795b86899c,OR,41019,2,2022-11-09T04:00:00.000Z,FIPSCode,41019,0,2022-11-09T06:01:29.221Z,20,53.72,29,68.97,6149,23176,64.66,4634,11953,33.35,6421,431,1.2,6422,282,0.79,66715,60,35842,87318,20,16
1667974099,2022-11-09 00:08:19 -0600,67d73bab95116eb2dbcfbbf8bea9e7546d6f9d87,OR,41019,2,2022-11-09T04:00:00.000Z,FIPSCode,41019,0,2022-11-09T06:01:29.221Z,20,53.72,29,68.97,6149,23176,64.66,4634,11953,33.35,6421,431,1.2,6422,282,0.79,66715,60,35842,87318,20,16
1667974141,2022-11-09 00:09:01 -0600,6ac032f537e1cf474dd6798112535df8c4f1f419,OR,41019,2,2022-11-09T04:00:00.000Z,FIPSCode,41019,0,2022-11-09T06:08:11.782Z,20,53.72,29,68.97,6149,23176,64.66,4634,11953,33.35,6421,431,1.2,6422,282,0.79,66715,60,35842,87318,20,16
1667974357,2022-11-09 00:12:37 -0600,f3a34debf9bc3f3d09633b4380781add88e0174a,OR,41019,2,2022-11-09T04:00:00.000Z,FIPSCode,41019,0,2022-11-09T06:08:11.782Z,20,53.72,29,68.97,6149,23176,64.66,4634,11953,33.35,6421,431,1.2,6422,282,0.79,66715,60,35842,87318,20,16
1667974399,2022-11-09 00:13:19 -0600,d8b138971a5b2dcea653b8ad14e8ae0ccdecaf13,OR,41019,2,2022-11-09T04:00:00.000Z,FIPSCode,41019,0,2022-11-09T06:08:11.782Z,20,53.72,29,68.97,6149,23176,64.66,4634,11953,33.35,6421,431,1.2,6422,282,0.79,66715,60,35842,87318,20,16
1667974664,2022-11-09 00:17:44 -0600,d987a91643923201706646f74ed6cc4da6a088a6,OR,41019,2,2022-11-09T04:00:00.000Z,FIPSCode,41019,0,2022-11-09T06:08:11.782Z,20,53.72,29,68.97,6149,23176,64.66,4634,11953,33.35,6421,431,1.2,6422,282,0.79,66715,60,35842,87318,20,16
1667974712,2022-11-09 00:18:32 -0600,8831ad0cd913a7df98a9591de88a61ddfc8730ee,OR,41019,2,2022-11-09T04:00:00.000Z,FIPSCode,41019,0,2022-11-09T06:08:11.782Z,20,53.72,29,68.97,6149,23176,64.66,4634,11953,33.35,6421,431,1.2,6422,282,0.79,66715,60,35842,87318,20,16
1667974762,2022-11-09 00:19:22 -0600,eae9f5b1ba131d7652f49e9c3001c7a015f755b1,OR,41019,2,2022-11-09T04:00:00.000Z,FIPSCode,41019,0,2022-11-09T06:08:11.782Z,20,53.72,29,68.97,6149,23176,64.66,4634,11953,33.35,6421,431,1.2,6422,282,0.79,66715,60,35842,87318,20,16
1667975361,2022-11-09 00:29:21 -0600,d37d846c431e83eb6217de33215cf28365760117,OR,41019,2,2022-11-09T04:00:00.000Z,FIPSCode,41019,0,2022-11-09T06:08:11.782Z,20,53.72,29,68.97,6149,23176,64.66,4634,11953,33.35,6421,431,1.2,6422,282,0.79,66715,60,35842,87318,20,16
1667975609,2022-11-09 00:33:29 -0600,62fa28ab1db323241f81f05574f15005f7d100fe,OR,41019,2,2022-11-09T04:00:00.000Z,FIPSCode,41019,0,2022-11-09T06:08:11.782Z,20,53.72,29,68.97,6149,23176,64.66,4634,11953,33.35,6421,431,1.2,6422,282,0.79,66715,60,35842,87318,20,16
1667975734,2022-11-09 00:35:34 -0600,416f9cd2c686176e63aeb1ee56cb9d01151b28ae,OR,41019,2,2022-11-09T04:00:00.000Z,FIPSCode,41019,0,2022-11-09T06:08:11.782Z,20,53.72,29,68.97,6149,23176,64.66,4634,11953,33.35,6421,431,1.2,6422,282,0.79,66715,60,35842,87318,20,16
1667976103,2022-11-09 00:41:43 -0600,5c2c6a219a6e0642a5f516a1c66f722f5c42d6c0,OR,41019,2,2022-11-09T04:00:00.000Z,FIPSCode,41019,0,2022-11-09T06:08:11.782Z,20,53.72,29,68.97,6149,23176,64.66,4634,11953,33.35,6421,431,1.2,6422,282,0.79,66715,60,35842,87318,20,16
1667976184,2022-11-09 00:43:04 -0600,fe83a024be41b5416de8f3b3aadef0173027df04,OR,41019,2,2022-11-09T04:00:00.000Z,FIPSCode,41019,0,2022-11-09T06:08:11.782Z,20,53.72,29,68.97,6149,23176,64.66,4634,11953,33.35,6421,431,1.2,6422,282,0.79,66715,60,35842,87318,20,16
1667976548,2022-11-09 00:49:08 -0600,6a83da7820809fa5eca34d5b2e493e02ed29f8e1,OR,41019,2,2022-11-09T04:00:00.000Z,FIPSCode,41019,0,2022-11-09T06:08:11.782Z,20,53.72,29,68.97,6149,23176,64.66,4634,11953,33.35,6421,431,1.2,6422,282,0.79,66715,60,35842,87318,20,16
1667977447,2022-11-09 01:04:07 -0600,85b5a3bb4e8662c6fa8f3bf8244be3cdf20864e6,OR,41019,2,2022-11-09T04:00:00.000Z,FIPSCode,41019,0,2022-11-09T06:08:11.782Z,20,53.72,29,68.97,6149,23176,64.66,4634,11953,33.35,6421,431,1.2,6422,282,0.79,66715,60,35842,87318,20,16
1667977490,2022-11-09 01:04:50 -0600,73af89bd198396be18bf17786481f7c1aff2cd2b,OR,41019,2,2022-11-09T04:00:00.000Z,FIPSCode,41019,0,2022-11-09T06:08:11.782Z,20,53.72,29,68.97,6149,23176,64.66,4634,11953,33.35,6421,431,1.2,6422,282,0.79,66715,60,35842,87318,20,16
1667977529,2022-11-09 01:05:29 -0600,41a86a702268ec57df877a606f8777dfeb75024d,OR,41019,2,2022-11-09T04:00:00.000Z,FIPSCode,41019,0,2022-11-09T06:08:11.782Z,20,53.72,29,68.97,6149,23176,64.66,4634,11953,33.35,6421,431,1.2,6422,282,0.79,66715,60,35842,87318,20,16
1667977690,2022-11-09 01:08:10 -0600,c2d57f962724e5d811f2a0173268728cbb4962f4,OR,41019,2,2022-11-09T04:00:00.000Z,FIPSCode,41019,0,2022-11-09T06:08:11.782Z,20,53.72,29,68.97,6149,23176,64.66,4634,11953,33.35,6421,431,1.2,6422,282,0.79,66715,60,35842,87318,20,16
1667977730,2022-11-09 01:08:50 -0600,eb7c135f53880b948a2c1d8d800428a5719cefdc,OR,41019,2,2022-11-09T04:00:00.000Z,FIPSCode,41019,0,2022-11-09T06:08:11.782Z,20,53.72,29,68.97,6149,23176,64.66,4634,11953,33.35,6421,431,1.2,6422,282,0.79,66715,60,35842,87318,20,16
1667977812,2022-11-09 01:10:12 -0600,f6003f8f022049fc0501c9f6d634893d3cdbfc16,OR,41019,2,2022-11-09T04:00:00.000Z,FIPSCode,41019,0,2022-11-09T06:08:11.782Z,20,53.72,29,68.97,6149,23176,64.66,4634,11953,33.35,6421,431,1.2,6422,282,0.79,66715,60,35842,87318,20,16
1667978016,2022-11-09 01:13:36 -0600,7febc527721e6e7f43de63ba3eb206040d4f99d8,OR,41019,2,2022-11-09T04:00:00.000Z,FIPSCode,41019,0,2022-11-09T06:08:11.782Z,20,53.72,29,68.97,6149,23176,64.66,4634,11953,33.35,6421,431,1.2,6422,282,0.79,66715,60,35842,87318,20,16
1667978421,2022-11-09 01:20:21 -0600,fd4cba60c8af2db3bbc95876878bf1114019d874,OR,41019,2,2022-11-09T04:00:00.000Z,FIPSCode,41019,0,2022-11-09T06:08:11.782Z,20,53.72,29,68.97,6149,23176,64.66,4634,11953,33.35,6421,431,1.2,6422,282,0.79,66715,60,35842,87318,20,16
1667978461,2022-11-09 01:21:01 -0600,f1eaab2ad1bc5db55713124b104cf813b6eb5754,OR,41019,2,2022-11-09T04:00:00.000Z,FIPSCode,41019,0,2022-11-09T06:08:11.782Z,20,53.72,29,68.97,6149,23176,64.66,4634,11953,33.35,6421,431,1.2,6422,282,0.79,66715,60,35842,87318,20,16
1667978582,2022-11-09 01:23:02 -0600,6fbbff39de224458e6936cb861e2ada647e487bb,OR,41019,2,2022-11-09T04:00:00.000Z,FIPSCode,41019,0,2022-11-09T06:08:11.782Z,20,53.72,29,68.97,6149,23176,64.66,4634,11953,33.35,6421,431,1.2,6422,282,0.79,66715,60,35842,87318,20,16
1667978624,2022-11-09 01:23:44 -0600,97e704602754dedf1a218b99d26e3136f940ebe6,OR,41019,2,2022-11-09T04:00:00.000Z,FIPSCode,41019,0,2022-11-09T06:08:11.782Z,20,53.72,29,68.97,6149,23176,64.66,4634,11953,33.35,6421,431,1.2,6422,282,0.79,66715,60,35842,87318,20,16
1667978744,2022-11-09 01:25:44 -0600,8b13f33679adcee88a6a055b710570330a1d0128,OR,41019,2,2022-11-09T04:00:00.000Z,FIPSCode,41019,0,2022-11-09T06:08:11.782Z,20,53.72,29,68.97,6149,23176,64.66,4634,11953,33.35,6421,431,1.2,6422,282,0.79,66715,60,35842,87318,20,16
1667979727,2022-11-09 01:42:07 -0600,f41db939b852c033d0f66ec2a12ae59a5cf6c37a,OR,41019,2,2022-11-09T04:00:00.000Z,FIPSCode,41019,0,2022-11-09T06:08:11.782Z,20,53.72,29,68.97,6149,23176,64.66,4634,11953,33.35,6421,431,1.2,6422,282,0.79,66715,60,35842,87318,20,16
1667979845,2022-11-09 01:44:05 -0600,56f55ff2a859e10bf2feb3a958e483acbe185172,OR,41019,2,2022-11-09T04:00:00.000Z,FIPSCode,41019,0,2022-11-09T06:08:11.782Z,20,53.72,29,68.97,6149,23176,64.66,4634,11953,33.35,6421,431,1.2,6422,282,0.79,66715,60,35842,87318,20,16
1667980840,2022-11-09 02:00:40 -0600,5418f1636d7484673d071c25f7efde6e91377caa,OR,41019,2,2022-11-09T04:00:00.000Z,FIPSCode,41019,0,2022-11-09T06:08:11.782Z,20,53.72,29,68.97,6149,23176,64.66,4634,11953,33.35,6421,431,1.2,6422,282,0.79,66715,60,35842,87318,20,16
1667981123,2022-11-09 02:05:23 -0600,cab57d2c03fab6367d8f4209c67e475f346b5a09,OR,41019,2,2022-11-09T04:00:00.000Z,FIPSCode,41019,0,2022-11-09T06:08:11.782Z,20,53.72,29,68.97,6149,23176,64.66,4634,11953,33.35,6421,431,1.2,6422,282,0.79,66715,60,35842,87318,20,16
1667981204,2022-11-09 02:06:44 -0600,09a8563a8daa3136c9787fc4f73c6b797a1fddf0,OR,41019,2,2022-11-09T04:00:00.000Z,FIPSCode,41019,0,2022-11-09T06:08:11.782Z,20,53.72,29,68.97,6149,23176,64.66,4634,11953,33.35,6421,431,1.2,6422,282,0.79,66715,60,35842,87318,20,16
1667981483,2022-11-09 02:11:23 -0600,71b7e139fa561afc8a43f66a3db53706a14f3cc6,OR,41019,2,2022-11-09T04:00:00.000Z,FIPSCode,41019,0,2022-11-09T06:08:11.782Z,20,53.72,29,68.97,6149,23176,64.66,4634,11953,33.35,6421,431,1.2,6422,282,0.79,66715,60,35842,87318,20,16
1667981603,2022-11-09 02:13:23 -0600,3310dbe8867ffe9b16ad80e27a2817750d56a0d9,OR,41019,2,2022-11-09T04:00:00.000Z,FIPSCode,41019,0,2022-11-09T06:08:11.782Z,20,53.72,29,68.97,6149,23176,64.66,4634,11953,33.35,6421,431,1.2,6422,282,0.79,66715,60,35842,87318,20,16
1667981644,2022-11-09 02:14:04 -0600,795b577eaa6c2f9211213427433f95db1d9ee856,OR,41019,2,2022-11-09T04:00:00.000Z,FIPSCode,41019,0,2022-11-09T06:08:11.782Z,20,53.72,29,68.97,6149,23176,64.66,4634,11953,33.35,6421,431,1.2,6422,282,0.79,66715,60,35842,87318,20,16
1667981723,2022-11-09 02:15:23 -0600,ed0d693023b7325c0034a40bd5e527fb691b30d5,OR,41019,2,2022-11-09T04:00:00.000Z,FIPSCode,41019,0,2022-11-09T06:08:11.782Z,20,53.72,29,68.97,6149,23176,64.66,4634,11953,33.35,6421,431,1.2,6422,282,0.79,66715,60,35842,87318,20,16
1667982397,2022-11-09 02:26:37 -0600,f4791889114ae4f8264fa44ab1fe91f4a19dfaba,OR,41019,2,2022-11-09T04:00:00.000Z,FIPSCode,41019,0,2022-11-09T06:08:11.782Z,20,53.72,29,68.97,6149,23176,64.66,4634,11953,33.35,6421,431,1.2,6422,282,0.79,66715,60,35842,87318,20,16
1667982478,2022-11-09 02:27:58 -0600,e7a4697387fd0327336c3244c6ef7d3c1cab12ad,OR,41019,2,2022-11-09T04:00:00.000Z,FIPSCode,41019,0,2022-11-09T06:08:11.782Z,20,53.72,29,68.97,6149,23176,64.66,4634,11953,33.35,6421,431,1.2,6422,282,0.79,66715,60,35842,87318,20,16
1667982596,2022-11-09 02:29:56 -0600,bde989b935a69b93b581b2e16860373f3d0861c5,OR,41019,2,2022-11-09T04:00:00.000Z,FIPSCode,41019,0,2022-11-09T06:08:11.782Z,20,53.72,29,68.97,6149,23176,64.66,4634,11953,33.35,6421,431,1.2,6422,282,0.79,66715,60,35842,87318,20,16
1667983471,2022-11-09 02:44:31 -0600,70d36d9850461d49fa32ba3e867341f797936529,OR,41019,2,2022-11-09T04:00:00.000Z,FIPSCode,41019,0,2022-11-09T06:08:11.782Z,20,53.72,29,68.97,6149,23176,64.66,4634,11953,33.35,6421,431,1.2,6422,282,0.79,66715,60,35842,87318,20,16
1667984442,2022-11-09 03:00:42 -0600,b88c277a236e329327b5836883a7e075e996d2d1,OR,41019,2,2022-11-09T04:00:00.000Z,FIPSCode,41019,0,2022-11-09T06:08:11.782Z,20,53.72,29,68.97,6149,23176,64.66,4634,11953,33.35,6421,431,1.2,6422,282,0.79,66715,60,35842,87318,20,16
1667984643,2022-11-09 03:04:03 -0600,c379357a888a5ba9047063da02c1ed2809e3ab76,OR,41019,2,2022-11-09T04:00:00.000Z,FIPSCode,41019,0,2022-11-09T06:08:11.782Z,20,53.72,29,68.97,6149,23176,64.66,4634,11953,33.35,6421,431,1.2,6422,282,0.79,66715,60,35842,87318,20,16
1667985011,2022-11-09 03:10:11 -0600,0743f6f16071cb28a6e8a0e363705623355a94c0,OR,41019,2,2022-11-09T04:00:00.000Z,FIPSCode,41019,0,2022-11-09T09:09:14.384Z,20,53.72,29,68.97,6149,23176,64.66,4634,11953,33.35,6421,431,1.2,6422,282,0.79,66715,60,35842,87318,20,16
1667985093,2022-11-09 03:11:33 -0600,add46abbfc92cef6d2edcd2670f5bac30248fa35,OR,41019,2,2022-11-09T04:00:00.000Z,FIPSCode,41019,0,2022-11-09T09:10:43.486Z,17,58.69,29,0.0,6149,25390,64.85,4634,12955,33.09,6421,476,1.22,6422,333,0.85,66715,60,39154,87318,0,17
1667985134,2022-11-09 03:12:14 -0600,2c897b0fc200e1893488b5752c5c41a90d4a2217,OR,41019,2,2022-11-09T04:00:00.000Z,FIPSCode,41019,0,2022-11-09T09:11:23.355Z,17,58.69,29,0.0,6149,25390,64.85,4634,12955,33.09,6421,476,1.22,6422,333,0.85,66715,60,39154,87318,0,17
1667985336,2022-11-09 03:15:36 -0600,e680c144e30a7078448ff3666071965db0334e66,OR,41019,2,2022-11-09T04:00:00.000Z,FIPSCode,41019,0,2022-11-09T09:13:19.222Z,17,58.69,29,0.0,6149,25390,64.85,4634,12955,33.09,6421,476,1.22,6422,333,0.85,66715,60,39154,87318,0,17
1667985436,2022-11-09 03:17:16 -0600,3424d47f5341c2a346e8a3799f78a52faeab6c0b,OR,41019,2,2022-11-09T04:00:00.000Z,FIPSCode,41019,0,2022-11-09T09:15:30.637Z,17,58.69,29,0.0,6149,25390,64.85,4634,12955,33.09,6421,476,1.22,6422,333,0.85,66715,60,39154,87318,0,17
1667985591,2022-11-09 03:19:51 -0600,483b045d8eb45553d1fc158eaa878605708e5845,OR,41019,2,2022-11-09T04:00:00.000Z,FIPSCode,41019,0,2022-11-09T09:17:52.027Z,17,58.69,29,0.0,6149,25390,64.85,4634,12955,33.09,6421,476,1.22,6422,333,0.85,66715,60,39154,87318,0,17
1667985779,2022-11-09 03:22:59 -0600,af9ba99ad8f2bff9ef334fac2128203d4237fb3b,OR,41019,2,2022-11-09T04:00:00.000Z,FIPSCode,41019,0,2022-11-09T09:17:52.027Z,17,58.69,29,0.0,6149,25390,64.85,4634,12955,33.09,6421,476,1.22,6422,333,0.85,66715,60,39154,87318,0,17
1667985904,2022-11-09 03:25:04 -0600,9a93968822f66fb5ab1446dd87e58d49f4859b6e,OR,41019,2,2022-11-09T04:00:00.000Z,FIPSCode,41019,0,2022-11-09T09:17:52.027Z,17,58.69,29,0.0,6149,25390,64.85,4634,12955,33.09,6421,476,1.22,6422,333,0.85,66715,60,39154,87318,0,17
1667985985,2022-11-09 03:26:25 -0600,2d478258f7e72765d03704400226b05aa5dfba31,OR,41019,2,2022-11-09T04:00:00.000Z,FIPSCode,41019,0,2022-11-09T09:17:52.027Z,17,58.69,29,0.0,6149,25390,64.85,4634,12955,33.09,6421,476,1.22,6422,333,0.85,66715,60,39154,87318,0,17
1667986026,2022-11-09 03:27:06 -0600,e99be915e2896b0e6ab292dfb14f5ee346ab658c,OR,41019,2,2022-11-09T04:00:00.000Z,FIPSCode,41019,0,2022-11-09T09:26:17.467Z,22,58.69,29,75.86,6149,25390,64.85,4634,12955,33.09,6421,476,1.22,6422,333,0.85,66715,60,39154,87318,22,17
1667986070,2022-11-09 03:27:50 -0600,842d9624fa3e4ff5a6b6d21ac818296b8b09522a,OR,41019,2,2022-11-09T04:00:00.000Z,FIPSCode,41019,0,2022-11-09T09:26:17.467Z,22,58.69,29,75.86,6149,25390,64.85,4634,12955,33.09,6421,476,1.22,6422,333,0.85,66715,60,39154,87318,22,17
1667986108,2022-11-09 03:28:28 -0600,0d89337504a89a16ce478d64716763f3ed0e0320,OR,41019,2,2022-11-09T04:00:00.000Z,FIPSCode,41019,0,2022-11-09T09:26:17.467Z,22,58.69,29,75.86,6149,25390,64.85,4634,12955,33.09,6421,476,1.22,6422,333,0.85,66715,60,39154,87318,22,17
1667986270,2022-11-09 03:31:10 -0600,8b08ac238b66c1bf432ca7a82738d5523f4e4f8f,OR,41019,2,2022-11-09T04:00:00.000Z,FIPSCode,41019,0,2022-11-09T09:26:17.467Z,22,58.69,29,75.86,6149,25390,64.85,4634,12955,33.09,6421,476,1.22,6422,333,0.85,66715,60,39154,87318,22,17
1667986351,2022-11-09 03:32:31 -0600,458a623671788240c2b9d6b0c9ceca4f2fef369b,OR,41019,2,2022-11-09T04:00:00.000Z,FIPSCode,41019,0,2022-11-09T09:26:17.467Z,22,58.69,29,75.86,6149,25390,64.85,4634,12955,33.09,6421,476,1.22,6422,333,0.85,66715,60,39154,87318,22,17
1667986391,2022-11-09 03:33:11 -0600,49eb3b2b658978da8fc8e7a6de93597cdfa13352,OR,41019,2,2022-11-09T04:00:00.000Z,FIPSCode,41019,0,2022-11-09T09:26:17.467Z,22,58.69,29,75.86,6149,25390,64.85,4634,12955,33.09,6421,476,1.22,6422,333,0.85,66715,60,39154,87318,22,17
1667986431,2022-11-09 03:33:51 -0600,571b6e116a19aa53d8fa13ce1c809bdc2f746683,OR,41019,2,2022-11-09T04:00:00.000Z,FIPSCode,41019,0,2022-11-09T09:26:17.467Z,22,58.69,29,75.86,6149,25390,64.85,4634,12955,33.09,6421,476,1.22,6422,333,0.85,66715,60,39154,87318,22,17
1667987239,2022-11-09 03:47:19 -0600,ea04b4cf4ec3ed63cf6d1c51c268e60bdfd448b5,OR,41019,2,2022-11-09T04:00:00.000Z,FIPSCode,41019,0,2022-11-09T09:26:17.467Z,22,58.69,29,75.86,6149,25390,64.85,4634,12955,33.09,6421,476,1.22,6422,333,0.85,66715,60,39154,87318,22,17
1667987965,2022-11-09 03:59:25 -0600,4dde3c8f59c3bcf3cff48ec0c0bbba8cecf9614a,OR,41019,2,2022-11-09T04:00:00.000Z,FIPSCode,41019,0,2022-11-09T09:26:17.467Z,22,58.69,29,75.86,6149,25390,64.85,4634,12955,33.09,6421,476,1.22,6422,333,0.85,66715,60,39154,87318,22,17
1667988326,2022-11-09 04:05:26 -0600,81f3312db0f02393b6f99b1a3db05495e5086572,OR,41019,2,2022-11-09T04:00:00.000Z,FIPSCode,41019,0,2022-11-09T09:26:17.467Z,22,58.69,29,75.86,6149,25390,64.85,4634,12955,33.09,6421,476,1.22,6422,333,0.85,66715,60,39154,87318,22,17
1667988564,2022-11-09 04:09:24 -0600,2aeef9544d1832238b865b50255c72fd72952396,OR,41019,2,2022-11-09T04:00:00.000Z,FIPSCode,41019,0,2022-11-09T09:26:17.467Z,22,58.69,29,75.86,6149,25390,64.85,4634,12955,33.09,6421,476,1.22,6422,333,0.85,66715,60,39154,87318,22,17
1667989081,2022-11-09 04:18:01 -0600,563fc595ee6cbed39038ea61943efe67b7efb8ba,OR,41019,2,2022-11-09T04:00:00.000Z,FIPSCode,41019,0,2022-11-09T09:26:17.467Z,22,58.69,29,75.86,6149,25390,64.85,4634,12955,33.09,6421,476,1.22,6422,333,0.85,66715,60,39154,87318,22,17
1667989442,2022-11-09 04:24:02 -0600,364fd392403a5661fc5e3dab8aaacc2dcbbce838,OR,41019,2,2022-11-09T04:00:00.000Z,FIPSCode,41019,0,2022-11-09T09:26:17.467Z,22,58.69,29,75.86,6149,25390,64.85,4634,12955,33.09,6421,476,1.22,6422,333,0.85,66715,60,39154,87318,22,17
1667990644,2022-11-09 04:44:04 -0600,ab17cb3cd797ec2b452314492a94e2e0209de181,OR,41019,2,2022-11-09T04:00:00.000Z,FIPSCode,41019,0,2022-11-09T09:26:17.467Z,22,58.69,29,75.86,6149,25390,64.85,4634,12955,33.09,6421,476,1.22,6422,333,0.85,66715,60,39154,87318,22,17
1667990724,2022-11-09 04:45:24 -0600,eb8cf2ed3ae6e8770a6efab0caeeccde85c49e9a,OR,41019,2,2022-11-09T04:00:00.000Z,FIPSCode,41019,0,2022-11-09T09:26:17.467Z,22,58.69,29,75.86,6149,25390,64.85,4634,12955,33.09,6421,476,1.22,6422,333,0.85,66715,60,39154,87318,22,17
1667990763,2022-11-09 04:46:03 -0600,2b5173ede90d3526057063cf26c1127c856e73ce,OR,41019,2,2022-11-09T04:00:00.000Z,FIPSCode,41019,0,2022-11-09T09:26:17.467Z,22,58.69,29,75.86,6149,25390,64.85,4634,12955,33.09,6421,476,1.22,6422,333,0.85,66715,60,39154,87318,22,17
1667990843,2022-11-09 04:47:23 -0600,4af9daa25625e86aa80d3bbb22a1f254ceb37c2b,OR,41019,2,2022-11-09T04:00:00.000Z,FIPSCode,41019,0,2022-11-09T09:26:17.467Z,22,58.69,29,75.86,6149,25390,64.85,4634,12955,33.09,6421,476,1.22,6422,333,0.85,66715,60,39154,87318,22,17
1667993637,2022-11-09 05:33:57 -0600,c466fc7296c61cf151348ec0cdbb5d5ac3aad22f,OR,41019,2,2022-11-09T04:00:00.000Z,FIPSCode,41019,0,2022-11-09T09:26:17.467Z,22,58.69,29,75.86,6149,25390,64.85,4634,12955,33.09,6421,476,1.22,6422,333,0.85,66715,60,39154,87318,22,17
1668008851,2022-11-09 09:47:31 -0600,4eae96cb5afd738f6ff1a06c1e6f29b746e53059,OR,41019,2,2022-11-09T04:00:00.000Z,FIPSCode,41019,0,2022-11-09T09:26:17.467Z,22,58.69,29,75.86,6149,25390,64.85,4634,12955,33.09,6421,476,1.22,6422,333,0.85,66715,60,39154,87318,22,17
1668023221,2022-11-09 13:47:01 -0600,eb718767d88fd907cb1f9dd503f07df58651dab0,OR,41019,2,2022-11-09T04:00:00.000Z,FIPSCode,41019,0,2022-11-09T09:26:17.467Z,22,58.69,29,75.86,6149,25390,64.85,4634,12955,33.09,6421,476,1.22,6422,333,0.85,66715,60,39154,87318,22,17
1668023263,2022-11-09 13:47:43 -0600,d5962298497a5b4ffe86884debde594f40aac9e3,OR,41019,2,2022-11-09T04:00:00.000Z,FIPSCode,41019,0,2022-11-09T09:26:17.467Z,22,58.69,29,75.86,6149,25390,64.85,4634,12955,33.09,6421,476,1.22,6422,333,0.85,66715,60,39154,87318,22,17
1668023345,2022-11-09 13:49:05 -0600,857dc8c7267d0a9c7fef034d3136de570aaaa9bb,OR,41019,2,2022-11-09T04:00:00.000Z,FIPSCode,41019,0,2022-11-09T09:26:17.467Z,22,58.69,29,75.86,6149,25390,64.85,4634,12955,33.09,6421,476,1.22,6422,333,0.85,66715,60,39154,87318,22,17
1668023430,2022-11-09 13:50:30 -0600,5897ae4376f7bb287aeba69544b5cfabf38a4601,OR,41019,2,2022-11-09T04:00:00.000Z,FIPSCode,41019,0,2022-11-09T09:26:17.467Z,22,58.69,29,75.86,6149,25390,64.85,4634,12955,33.09,6421,476,1.22,6422,333,0.85,66715,60,39154,87318,22,17
1668023514,2022-11-09 13:51:54 -0600,8ce4702fa7c2f1e43478cd8ba51ac3f4283d66d7,OR,41019,2,2022-11-09T04:00:00.000Z,FIPSCode,41019,0,2022-11-09T09:26:17.467Z,22,58.69,29,75.86,6149,25390,64.85,4634,12955,33.09,6421,476,1.22,6422,333,0.85,66715,60,39154,87318,22,17
1668024357,2022-11-09 14:05:57 -0600,9abba7bf3f6b9d79474243843d9c5f63bd4fb88a,OR,41019,2,2022-11-09T04:00:00.000Z,FIPSCode,41019,0,2022-11-09T09:26:17.467Z,22,58.69,29,75.86,6149,25390,64.85,4634,12955,33.09,6421,476,1.22,6422,333,0.85,66715,60,39154,87318,22,17
1668024695,2022-11-09 14:11:35 -0600,9e613beb082afe3c3a4cbd8252f0c9025ffae7f3,OR,41019,2,2022-11-09T04:00:00.000Z,FIPSCode,41019,0,2022-11-09T09:26:17.467Z,22,58.69,29,75.86,6149,25390,64.85,4634,12955,33.09,6421,476,1.22,6422,333,0.85,66715,60,39154,87318,22,17
1668024736,2022-11-09 14:12:16 -0600,3f829e8a68014f0df0822a266c57bbdb17c05942,OR,41019,2,2022-11-09T04:00:00.000Z,FIPSCode,41019,0,2022-11-09T09:26:17.467Z,22,58.69,29,75.86,6149,25390,64.85,4634,12955,33.09,6421,476,1.22,6422,333,0.85,66715,60,39154,87318,22,17
1668026355,2022-11-09 14:39:15 -0600,74cee3c1afba431e5b7018e9b8ea421024ef496b,OR,41019,2,2022-11-09T04:00:00.000Z,FIPSCode,41019,0,2022-11-09T09:26:17.467Z,22,58.69,29,75.86,6149,25390,64.85,4634,12955,33.09,6421,476,1.22,6422,333,0.85,66715,60,39154,87318,22,17
1668026980,2022-11-09 14:49:40 -0600,cc13db511071e888c71814530498f8ca9b571fbc,OR,41019,2,2022-11-09T04:00:00.000Z,FIPSCode,41019,0,2022-11-09T09:26:17.467Z,22,58.69,29,75.86,6149,25390,64.85,4634,12955,33.09,6421,476,1.22,6422,333,0.85,66715,60,39154,87318,22,17
1668028683,2022-11-09 15:18:03 -0600,5fd6158255049d3bce406fa1ec502b3133e7a8d0,OR,41019,2,2022-11-09T04:00:00.000Z,FIPSCode,41019,0,2022-11-09T09:26:17.467Z,22,58.69,29,75.86,6149,25390,64.85,4634,12955,33.09,6421,476,1.22,6422,333,0.85,66715,60,39154,87318,22,17
1668029644,2022-11-09 15:34:04 -0600,58edc5f45a0b9f9e004c1b86e2987c31db6a5d94,OR,41019,2,2022-11-09T04:00:00.000Z,FIPSCode,41019,0,2022-11-09T09:26:17.467Z,22,58.69,29,75.86,6149,25390,64.85,4634,12955,33.09,6421,476,1.22,6422,333,0.85,66715,60,39154,87318,22,17
1668035007,2022-11-09 17:03:27 -0600,43133944602e1e0b8843fe10adadb4aed74ddc19,OR,41019,2,2022-11-09T04:00:00.000Z,FIPSCode,41019,0,2022-11-09T09:26:17.467Z,22,58.69,29,75.86,6149,25390,64.85,4634,12955,33.09,6421,476,1.22,6422,333,0.85,66715,60,39154,87318,22,17
1668035049,2022-11-09 17:04:09 -0600,bff087a16a7b280445ae4738ddb66814d22774a9,OR,41019,2,2022-11-09T04:00:00.000Z,FIPSCode,41019,0,2022-11-09T09:26:17.467Z,22,58.69,29,75.86,6149,25390,64.85,4634,12955,33.09,6421,476,1.22,6422,333,0.85,66715,60,39154,87318,22,17
1668037743,2022-11-09 17:49:03 -0600,9e51655baed82e327ce3879e2dd9d34dcd381850,OR,41019,2,2022-11-09T04:00:00.000Z,FIPSCode,41019,0,2022-11-09T09:26:17.467Z,22,58.69,29,75.86,6149,25390,64.85,4634,12955,33.09,6421,476,1.22,6422,333,0.85,66715,60,39154,87318,22,17
1668038592,2022-11-09 18:03:12 -0600,4595b92d4600525bd33d76309ba22b6a22dc759a,OR,41019,2,2022-11-09T04:00:00.000Z,FIPSCode,41019,0,2022-11-09T09:26:17.467Z,22,58.69,29,75.86,6149,25390,64.85,4634,12955,33.09,6421,476,1.22,6422,333,0.85,66715,60,39154,87318,22,17
1668039432,2022-11-09 18:17:12 -0600,8bc61c3849f6f85fb6ea9b167efb920485f9bd53,OR,41019,2,2022-11-09T04:00:00.000Z,FIPSCode,41019,0,2022-11-09T09:26:17.467Z,22,58.69,29,75.86,6149,25390,64.85,4634,12955,33.09,6421,476,1.22,6422,333,0.85,66715,60,39154,87318,22,17
1668041303,2022-11-09 18:48:23 -0600,96714b9a7dcfecce7522bba7e2480a18bf3408a2,OR,41019,2,2022-11-09T04:00:00.000Z,FIPSCode,41019,0,2022-11-09T09:26:17.467Z,22,58.69,29,75.86,6149,25390,64.85,4634,12955,33.09,6421,476,1.22,6422,333,0.85,66715,60,39154,87318,22,17
1668042140,2022-11-09 19:02:20 -0600,6986c557b8c6bae1069e355ab1b51dbf9ffd192d,OR,41019,2,2022-11-09T04:00:00.000Z,FIPSCode,41019,0,2022-11-09T09:26:17.467Z,22,58.69,29,75.86,6149,25390,64.85,4634,12955,33.09,6421,476,1.22,6422,333,0.85,66715,60,39154,87318,22,17
1668042222,2022-11-09 19:03:42 -0600,c66bd1d6156b2aa96e377dd458c96b5e3cfbadae,OR,41019,2,2022-11-09T04:00:00.000Z,FIPSCode,41019,0,2022-11-09T09:26:17.467Z,22,58.69,29,75.86,6149,25390,64.85,4634,12955,33.09,6421,476,1.22,6422,333,0.85,66715,60,39154,87318,22,17
1668043394,2022-11-09 19:23:14 -0600,2d1a5a29bc6c18230bd707449bc3502aba6d12a0,OR,41019,2,2022-11-09T04:00:00.000Z,FIPSCode,41019,0,2022-11-09T09:26:17.467Z,22,58.69,29,75.86,6149,25390,64.85,4634,12955,33.09,6421,476,1.22,6422,333,0.85,66715,60,39154,87318,22,17
1668044064,2022-11-09 19:34:24 -0600,b9322e8334ebe349a5a26ba1456322c8128f5613,OR,41019,2,2022-11-09T04:00:00.000Z,FIPSCode,41019,0,2022-11-09T09:26:17.467Z,22,58.69,29,75.86,6149,25390,64.85,4634,12955,33.09,6421,476,1.22,6422,333,0.85,66715,60,39154,87318,22,17
1668044106,2022-11-09 19:35:06 -0600,6e7f2d0c57b26cc45ce69b95e85da1344d3f2d25,OR,41019,2,2022-11-09T04:00:00.000Z,FIPSCode,41019,0,2022-11-09T09:26:17.467Z,22,58.69,29,75.86,6149,25390,64.85,4634,12955,33.09,6421,476,1.22,6422,333,0.85,66715,60,39154,87318,22,17
1668044147,2022-11-09 19:35:47 -0600,f4b2930f484ea721eba7cf1d0e4dd26718eb8dcd,OR,41019,2,2022-11-09T04:00:00.000Z,FIPSCode,41019,0,2022-11-09T09:26:17.467Z,22,58.69,29,75.86,6149,25390,64.85,4634,12955,33.09,6421,476,1.22,6422,333,0.85,66715,60,39154,87318,22,17
1668046700,2022-11-09 20:18:20 -0600,9183598b5bf342918e51ea320caf6e5305c2af72,OR,41019,2,2022-11-09T04:00:00.000Z,FIPSCode,41019,0,2022-11-09T09:26:17.467Z,22,58.69,29,75.86,6149,25390,64.85,4634,12955,33.09,6421,476,1.22,6422,333,0.85,66715,60,39154,87318,22,17
1668046786,2022-11-09 20:19:46 -0600,19d95a55a9ff9c887e48293e44b8d8c24fd8fdf5,OR,41019,2,2022-11-09T04:00:00.000Z,FIPSCode,41019,0,2022-11-09T09:26:17.467Z,22,58.69,29,75.86,6149,25390,64.85,4634,12955,33.09,6421,476,1.22,6422,333,0.85,66715,60,39154,87318,22,17
1668093989,2022-11-10 09:26:29 -0600,ef198f77994117ecec2de0e8061c444cd7ae8e46,OR,41019,2,2022-11-09T04:00:00.000Z,FIPSCode,41019,0,2022-11-09T09:26:17.467Z,22,58.69,29,75.86,6149,25390,64.85,4634,12955,33.09,6421,476,1.22,6422,333,0.85,66715,60,39154,87318,22,17
1668113281,2022-11-10 14:48:01 -0600,8504f8671aebaccde2ecce23d15b42e2aced3f6a,OR,41019,2,2022-11-09T04:00:00.000Z,FIPSCode,41019,0,2022-11-09T09:26:17.467Z,22,58.69,29,75.86,6149,25390,64.85,4634,12955,33.09,6421,476,1.22,6422,333,0.85,66715,60,39154,87318,22,17
1668118286,2022-11-10 16:11:26 -0600,041a25d9a4a17b9f7978fd3ef6213234cc2769f2,OR,41019,2,2022-11-09T04:00:00.000Z,FIPSCode,41019,0,2022-11-09T09:26:17.467Z,22,58.69,29,75.86,6149,25390,64.85,4634,12955,33.09,6421,476,1.22,6422,333,0.85,66715,60,39154,87318,22,17
1668118327,2022-11-10 16:12:07 -0600,ade45523ce6d191d403b388900b9c6e435dc0946,OR,41019,2,2022-11-09T04:00:00.000Z,FIPSCode,41019,0,2022-11-09T09:26:17.467Z,22,58.69,29,75.86,6149,25390,64.85,4634,12955,33.09,6421,476,1.22,6422,333,0.85,66715,60,39154,87318,22,17
1668118412,2022-11-10 16:13:32 -0600,4ecf80c8873e7d3586cc9c5c8be1c8b7716befdc,OR,41019,2,2022-11-09T04:00:00.000Z,FIPSCode,41019,0,2022-11-09T09:26:17.467Z,22,58.69,29,75.86,6149,25390,64.85,4634,12955,33.09,6421,476,1.22,6422,333,0.85,66715,60,39154,87318,22,17
1668118454,2022-11-10 16:14:14 -0600,6c6c7c1a6a8f4a3b18ed0e46f0d00632e2b88e2b,OR,41019,2,2022-11-09T04:00:00.000Z,FIPSCode,41019,0,2022-11-09T09:26:17.467Z,22,58.69,29,75.86,6149,25390,64.85,4634,12955,33.09,6421,476,1.22,6422,333,0.85,66715,60,39154,87318,22,17
1668118543,2022-11-10 16:15:43 -0600,8422bb2d69fff5059667da0a04bba8b8775603ab,OR,41019,2,2022-11-09T04:00:00.000Z,FIPSCode,41019,0,2022-11-09T09:26:17.467Z,22,58.69,29,75.86,6149,25390,64.85,4634,12955,33.09,6421,476,1.22,6422,333,0.85,66715,60,39154,87318,22,17
1668119005,2022-11-10 16:23:25 -0600,9543fd0abade138dacf78203ab132eccf165190a,OR,41019,2,2022-11-09T04:00:00.000Z,FIPSCode,41019,0,2022-11-09T09:26:17.467Z,22,58.69,29,75.86,6149,25390,64.85,4634,12955,33.09,6421,476,1.22,6422,333,0.85,66715,60,39154,87318,22,17
1668119047,2022-11-10 16:24:07 -0600,0343ac671e318bd4e321cf4b6b10baf682d88447,OR,41019,2,2022-11-09T04:00:00.000Z,FIPSCode,41019,0,2022-11-10T22:23:24.053Z,22,60.0,29,75.86,6149,25390,64.85,4634,12955,33.09,6421,476,1.22,6422,333,0.85,58439,60,39154,87318,22,17
1668119089,2022-11-10 16:24:49 -0600,b39152ca9cfc2a676d53f102ef365b1d71efd8ef,OR,41019,2,2022-11-09T04:00:00.000Z,FIPSCode,41019,0,2022-11-10T22:23:24.053Z,22,60.0,29,75.86,6149,25390,64.85,4634,12955,33.09,6421,476,1.22,6422,333,0.85,58439,60,39154,87318,22,17
1668119132,2022-11-10 16:25:32 -0600,2a25fd6104bf529fbfab6151a0f4a162c0a01c68,OR,41019,2,2022-11-09T04:00:00.000Z,FIPSCode,41019,0,2022-11-10T22:24:58.906Z,22,67.0,29,75.86,6149,25390,64.85,4634,12955,33.09,6421,476,1.22,6422,333,0.85,58439,70,39154,87318,22,19
1668119341,2022-11-10 16:29:01 -0600,1a3aad005a4f256f12705703789ea61bd776f61e,OR,41019,2,2022-11-09T04:00:00.000Z,FIPSCode,41019,0,2022-11-10T22:24:58.906Z,22,67.0,29,75.86,6149,25390,64.85,4634,12955,33.09,6421,476,1.22,6422,333,0.85,58439,70,39154,87318,22,19
1668119424,2022-11-10 16:30:24 -0600,dc751032c69ff188205500e8c8b4522a9dbb59bd,OR,41019,2,2022-11-09T04:00:00.000Z,FIPSCode,41019,0,2022-11-10T22:24:58.906Z,22,67.0,29,75.86,6149,25390,64.85,4634,12955,33.09,6421,476,1.22,6422,333,0.85,58439,70,39154,87318,22,19
1668119467,2022-11-10 16:31:07 -0600,dc330ef89b1599ab5c03de8c10d4a31a9700da0c,OR,41019,2,2022-11-09T04:00:00.000Z,FIPSCode,41019,0,2022-11-10T22:24:58.906Z,22,67.0,29,75.86,6149,25390,64.85,4634,12955,33.09,6421,476,1.22,6422,333,0.85,58439,70,39154,87318,22,19
1668119677,2022-11-10 16:34:37 -0600,375d2dad7cfcd6cafe50575bde7c24fe54352452,OR,41019,2,2022-11-09T04:00:00.000Z,FIPSCode,41019,0,2022-11-10T22:24:58.906Z,22,67.0,29,75.86,6149,25390,64.85,4634,12955,33.09,6421,476,1.22,6422,333,0.85,58439,70,39154,87318,22,19
1668119931,2022-11-10 16:38:51 -0600,a772bce200f8701c43204387247b78081874fbbf,OR,41019,2,2022-11-09T04:00:00.000Z,FIPSCode,41019,0,2022-11-10T22:24:58.906Z,22,67.0,29,75.86,6149,25390,64.85,4634,12955,33.09,6421,476,1.22,6422,333,0.85,58439,70,39154,87318,22,19
1668119970,2022-11-10 16:39:30 -0600,6653463680683f9c7021a6a434ac2bf41735b906,OR,41019,2,2022-11-09T04:00:00.000Z,FIPSCode,41019,0,2022-11-10T22:24:58.906Z,22,67.0,29,75.86,6149,25390,64.85,4634,12955,33.09,6421,476,1.22,6422,333,0.85,58439,70,39154,87318,22,19
1668120516,2022-11-10 16:48:36 -0600,cce09d470154673d02db7fd61df7c47e65b384e9,OR,41019,2,2022-11-09T04:00:00.000Z,FIPSCode,41019,0,2022-11-10T22:24:58.906Z,22,67.0,29,75.86,6149,25390,64.85,4634,12955,33.09,6421,476,1.22,6422,333,0.85,58439,70,39154,87318,22,19
1668124733,2022-11-10 17:58:53 -0600,6a38e671ba18648eeb8b24188472c991929d2c23,OR,41019,2,2022-11-09T04:00:00.000Z,FIPSCode,41019,0,2022-11-10T22:24:58.906Z,22,67.0,29,75.86,6149,25390,64.85,4634,12955,33.09,6421,476,1.22,6422,333,0.85,58439,70,39154,87318,22,19
1668126794,2022-11-10 18:33:14 -0600,95630eadc7ded1f3e26b18f650e9a6e22cb77b69,OR,41019,2,2022-11-09T04:00:00.000Z,FIPSCode,41019,0,2022-11-10T22:24:58.906Z,22,67.0,29,75.86,6149,25390,64.85,4634,12955,33.09,6421,476,1.22,6422,333,0.85,58439,70,39154,87318,22,19
1668127632,2022-11-10 18:47:12 -0600,5a2dcad4089e483cbf3f2c0fd356c81add0311e9,OR,41019,2,2022-11-09T04:00:00.000Z,FIPSCode,41019,0,2022-11-10T22:24:58.906Z,22,67.0,29,75.86,6149,25390,64.85,4634,12955,33.09,6421,476,1.22,6422,333,0.85,58439,70,39154,87318,22,19
1668128510,2022-11-10 19:01:50 -0600,6961e37c2c55c45e9f0b05502436865a2f5344bf,OR,41019,2,2022-11-09T04:00:00.000Z,FIPSCode,41019,0,2022-11-11T01:01:20.752Z,22,67.0,29,75.86,6149,25390,64.85,4634,12955,33.09,6421,476,1.22,6422,333,0.85,58439,95,39154,87318,22,19
1668128553,2022-11-10 19:02:33 -0600,cf3b12c85c3964940819ec2575de5f1fda017ec6,OR,41019,2,2022-11-09T04:00:00.000Z,FIPSCode,41019,0,2022-11-11T01:01:38.419Z,22,80.0,29,75.86,6149,25390,64.85,4634,12955,33.09,6421,476,1.22,6422,333,0.85,48942,95,39154,87318,22,23
1668128638,2022-11-10 19:03:58 -0600,a7970ec5f57f50664f6eb41dc7886381a02fa415,OR,41019,2,2022-11-09T04:00:00.000Z,FIPSCode,41019,0,2022-11-11T01:01:38.419Z,22,80.0,29,75.86,6149,25390,64.85,4634,12955,33.09,6421,476,1.22,6422,333,0.85,48942,95,39154,87318,22,23
1668129353,2022-11-10 19:15:53 -0600,780d58b2110156b5aea0c51401d556af16bf3b45,OR,41019,2,2022-11-09T04:00:00.000Z,FIPSCode,41019,0,2022-11-11T01:01:38.419Z,22,80.0,29,75.86,6149,25390,64.85,4634,12955,33.09,6421,476,1.22,6422,333,0.85,48942,95,39154,87318,22,23
1668129478,2022-11-10 19:17:58 -0600,bac8b53f8dab81541f136e2799083584aa488f91,OR,41019,2,2022-11-09T04:00:00.000Z,FIPSCode,41019,0,2022-11-11T01:17:13.534Z,24,90.07,29,82.76,6149,28778,65.29,4634,14329,32.51,6421,571,1.3,6422,402,0.91,48942,95,44080,87318,24,26
1668129729,2022-11-10 19:22:09 -0600,0c4844dde34a486799b31f81e91a5c94cad86243,OR,41019,2,2022-11-09T04:00:00.000Z,FIPSCode,41019,0,2022-11-11T01:17:13.534Z,24,90.07,29,82.76,6149,28778,65.29,4634,14329,32.51,6421,571,1.3,6422,402,0.91,48942,95,44080,87318,24,26
1668129812,2022-11-10 19:23:32 -0600,35aa8cd437e5f56db5f3a95763b16453b88d0541,OR,41019,2,2022-11-09T04:00:00.000Z,FIPSCode,41019,0,2022-11-11T01:17:13.534Z,24,90.07,29,82.76,6149,28778,65.29,4634,14329,32.51,6421,571,1.3,6422,402,0.91,48942,95,44080,87318,24,26
1668129852,2022-11-10 19:24:12 -0600,1b259a8caf68cba4757b4593967833e1bb79c119,OR,41019,2,2022-11-09T04:00:00.000Z,FIPSCode,41019,0,2022-11-11T01:17:13.534Z,24,90.07,29,82.76,6149,28778,65.29,4634,14329,32.51,6421,571,1.3,6422,402,0.91,48942,95,44080,87318,24,26
1668129894,2022-11-10 19:24:54 -0600,2e9fcc3e75f6da15b02935823952975d95e0fb81,OR,41019,2,2022-11-09T04:00:00.000Z,FIPSCode,41019,0,2022-11-11T01:17:13.534Z,24,90.07,29,82.76,6149,28778,65.29,4634,14329,32.51,6421,571,1.3,6422,402,0.91,48942,95,44080,87318,24,26
1668130485,2022-11-10 19:34:45 -0600,f23c52e639331e28968cf8a5b9fbec027e7966ed,OR,41019,2,2022-11-09T04:00:00.000Z,FIPSCode,41019,0,2022-11-11T01:17:13.534Z,24,90.07,29,82.76,6149,28778,65.29,4634,14329,32.51,6421,571,1.3,6422,402,0.91,48942,95,44080,87318,24,26
1668131338,2022-11-10 19:48:58 -0600,7cdcd799d48fc7b28238648faa9f094159a8b4db,OR,41019,2,2022-11-09T04:00:00.000Z,FIPSCode,41019,0,2022-11-11T01:17:13.534Z,24,90.07,29,82.76,6149,28778,65.29,4634,14329,32.51,6421,571,1.3,6422,402,0.91,48942,95,44080,87318,24,26
1668131720,2022-11-10 19:55:20 -0600,8c2b41ccc2e43cd6285605ba2c2a2a6301daeb75,OR,41019,2,2022-11-09T04:00:00.000Z,FIPSCode,41019,0,2022-11-11T01:17:13.534Z,24,90.07,29,82.76,6149,28778,65.29,4634,14329,32.51,6421,571,1.3,6422,402,0.91,48942,95,44080,87318,24,26
1668131763,2022-11-10 19:56:03 -0600,69e8a790a4c7a4c2b745ed17e2ba37bff3a768ee,OR,41019,2,2022-11-09T04:00:00.000Z,FIPSCode,41019,0,2022-11-11T01:17:13.534Z,24,90.07,29,82.76,6149,28778,65.29,4634,14329,32.51,6421,571,1.3,6422,402,0.91,48942,95,44080,87318,24,26
1668131846,2022-11-10 19:57:26 -0600,51b6321ed65cc2806e1b6e51cd2b2d170e59e0d0,OR,41019,2,2022-11-09T04:00:00.000Z,FIPSCode,41019,0,2022-11-11T01:17:13.534Z,24,90.07,29,82.76,6149,28778,65.29,4634,14329,32.51,6421,571,1.3,6422,402,0.91,48942,95,44080,87318,24,26
1668133031,2022-11-10 20:17:11 -0600,eb6fec73adf9d569072eb62a47f6260743bbe72f,OR,41019,2,2022-11-09T04:00:00.000Z,FIPSCode,41019,0,2022-11-11T01:17:13.534Z,24,90.07,29,82.76,6149,28778,65.29,4634,14329,32.51,6421,571,1.3,6422,402,0.91,48942,95,44080,87318,24,26
1668216400,2022-11-11 19:26:40 -0600,9f96961265fa3617aa6df9ffa373de12d0c6fb85,OR,41019,2,2022-11-09T04:00:00.000Z,FIPSCode,41019,0,2022-11-11T01:17:13.534Z,24,90.07,29,82.76,6149,28778,65.29,4634,14329,32.51,6421,571,1.3,6422,402,0.91,48942,95,44080,87318,24,26
1668274829,2022-11-12 11:40:29 -0600,4c84b93f102b394bc9d754037c1ff35eacafed1a,OR,41019,2,2022-11-09T04:00:00.000Z,FIPSCode,41019,0,2022-11-11T01:17:13.534Z,24,90.07,29,82.76,6149,28778,65.29,4634,14329,32.51,6421,571,1.3,6422,402,0.91,48942,95,44080,87318,24,26
1668274871,2022-11-12 11:41:11 -0600,3d3ae3dd9a89ad2b48b2b604e7dc69f8658edc75,OR,41019,2,2022-11-09T04:00:00.000Z,FIPSCode,41019,0,2022-11-11T01:17:13.534Z,24,90.07,29,82.76,6149,28778,65.29,4634,14329,32.51,6421,571,1.3,6422,402,0.91,48942,95,44080,87318,24,26
1668275086,2022-11-12 11:44:46 -0600,ed78eacc8a258a95dac8722f26a3d64107bc14ac,OR,41019,2,2022-11-09T04:00:00.000Z,FIPSCode,41019,0,2022-11-11T01:17:13.534Z,24,90.07,29,82.76,6149,28778,65.29,4634,14329,32.51,6421,571,1.3,6422,402,0.91,48942,95,44080,87318,24,26
1668275293,2022-11-12 11:48:13 -0600,dbda6b72b4c8ff6408572b68b27e49f863df5e5c,OR,41019,2,2022-11-09T04:00:00.000Z,FIPSCode,41019,0,2022-11-11T01:17:13.534Z,24,90.07,29,82.76,6149,28778,65.29,4634,14329,32.51,6421,571,1.3,6422,402,0.91,48942,95,44080,87318,24,26
1668275545,2022-11-12 11:52:25 -0600,f3b3a29a37db2e1b77ded0bab541bf9d63005675,OR,41019,2,2022-11-09T04:00:00.000Z,FIPSCode,41019,0,2022-11-12T17:51:19.394Z,25,85.0,29,86.21,6149,28778,65.29,4634,14329,32.51,6421,571,1.3,6422,402,0.91,51859,95,44080,87318,24,25
1668275585,2022-11-12 11:53:05 -0600,f9273b167a3f7ba29c50f58e2393c9dcf4028aec,OR,41019,2,2022-11-09T04:00:00.000Z,FIPSCode,41019,0,2022-11-12T17:51:19.394Z,25,85.0,29,86.21,6149,28778,65.29,4634,14329,32.51,6421,571,1.3,6422,402,0.91,51859,95,44080,87318,24,25
1668277562,2022-11-12 12:26:02 -0600,1ece768779e42a75000c9753203775dce460f92d,OR,41019,2,2022-11-09T04:00:00.000Z,FIPSCode,41019,0,2022-11-12T17:51:19.394Z,25,85.0,29,86.21,6149,28778,65.29,4634,14329,32.51,6421,571,1.3,6422,402,0.91,51859,95,44080,87318,24,25
1668277603,2022-11-12 12:26:43 -0600,568679f5930c665c056c6478f6ef5d5a4a5d232d,OR,41019,2,2022-11-09T04:00:00.000Z,FIPSCode,41019,0,2022-11-12T17:51:19.394Z,25,85.0,29,86.21,6149,28778,65.29,4634,14329,32.51,6421,571,1.3,6422,402,0.91,51859,95,44080,87318,24,25
1668279163,2022-11-12 12:52:43 -0600,efae812460b6091f15ade01180b351c48d31d5b0,OR,41019,2,2022-11-09T04:00:00.000Z,FIPSCode,41019,0,2022-11-12T17:51:19.394Z,25,85.0,29,86.21,6149,28778,65.29,4634,14329,32.51,6421,571,1.3,6422,402,0.91,51859,95,44080,87318,24,25
1668279242,2022-11-12 12:54:02 -0600,5bbb504d24b6a1377be6939ce6d9807eee132701,OR,41019,2,2022-11-09T04:00:00.000Z,FIPSCode,41019,0,2022-11-12T17:51:19.394Z,25,85.0,29,86.21,6149,28778,65.29,4634,14329,32.51,6421,571,1.3,6422,402,0.91,51859,95,44080,87318,24,25
1668279323,2022-11-12 12:55:23 -0600,78708adae527765d3d8fbb4ebbfaf4d7b8916967,OR,41019,2,2022-11-09T04:00:00.000Z,FIPSCode,41019,0,2022-11-12T18:54:57.233Z,24,84.0,29,82.76,6149,28778,65.29,4634,14329,32.51,6421,571,1.3,6422,402,0.91,52476,95,44080,87318,24,24
1668279402,2022-11-12 12:56:42 -0600,482079617202910c8634ab8031865f5a10d6ae76,OR,41019,2,2022-11-09T04:00:00.000Z,FIPSCode,41019,0,2022-11-12T18:54:57.233Z,24,84.0,29,82.76,6149,28778,65.29,4634,14329,32.51,6421,571,1.3,6422,402,0.91,52476,95,44080,87318,24,24
1668279482,2022-11-12 12:58:02 -0600,6fc5831d9b99f412b7f11be989c16b2e3bb43cf1,OR,41019,2,2022-11-09T04:00:00.000Z,FIPSCode,41019,0,2022-11-12T18:54:57.233Z,24,84.0,29,82.76,6149,28778,65.29,4634,14329,32.51,6421,571,1.3,6422,402,0.91,52476,95,44080,87318,24,24
1668279923,2022-11-12 13:05:23 -0600,6a76cad26b0dcfe14e54d9d5eadb507e8ce70cae,OR,41019,2,2022-11-09T04:00:00.000Z,FIPSCode,41019,0,2022-11-12T18:54:57.233Z,24,84.0,29,82.76,6149,28778,65.29,4634,14329,32.51,6421,571,1.3,6422,402,0.91,52476,95,44080,87318,24,24
1668280003,2022-11-12 13:06:43 -0600,d5f7293d6894c53f3a9280945b9dec9a2a48cfe4,OR,41019,2,2022-11-09T04:00:00.000Z,FIPSCode,41019,0,2022-11-12T18:54:57.233Z,24,84.0,29,82.76,6149,28778,65.29,4634,14329,32.51,6421,571,1.3,6422,402,0.91,52476,95,44080,87318,24,24
1668280204,2022-11-12 13:10:04 -0600,32e060f849e963373ac77ed56c36aa88b530ef1b,OR,41019,2,2022-11-09T04:00:00.000Z,FIPSCode,41019,0,2022-11-12T18:54:57.233Z,24,84.0,29,82.76,6149,28778,65.29,4634,14329,32.51,6421,571,1.3,6422,402,0.91,52476,95,44080,87318,24,24
1668280325,2022-11-12 13:12:05 -0600,132d7446761e4dcabbec6cdd2bd7b262095f7317,OR,41019,2,2022-11-09T04:00:00.000Z,FIPSCode,41019,0,2022-11-12T18:54:57.233Z,24,84.0,29,82.76,6149,28778,65.29,4634,14329,32.51,6421,571,1.3,6422,402,0.91,52476,95,44080,87318,24,24
1668280406,2022-11-12 13:13:26 -0600,ed3ab2f00560714e03584745d3d64eff74461d01,OR,41019,2,2022-11-09T04:00:00.000Z,FIPSCode,41019,0,2022-11-12T18:54:57.233Z,24,84.0,29,82.76,6149,28778,65.29,4634,14329,32.51,6421,571,1.3,6422,402,0.91,52476,95,44080,87318,24,24
1668280486,2022-11-12 13:14:46 -0600,0393a8713ff044279cf62835ea34d26c831a2fb4,OR,41019,2,2022-11-09T04:00:00.000Z,FIPSCode,41019,0,2022-11-12T18:54:57.233Z,24,84.0,29,82.76,6149,28778,65.29,4634,14329,32.51,6421,571,1.3,6422,402,0.91,52476,95,44080,87318,24,24
1668280568,2022-11-12 13:16:08 -0600,dc44ef81d16ec1410f4d45d3e07c7dce88aaa3ac,OR,41019,2,2022-11-09T04:00:00.000Z,FIPSCode,41019,0,2022-11-12T18:54:57.233Z,24,84.0,29,82.76,6149,28778,65.29,4634,14329,32.51,6421,571,1.3,6422,402,0.91,52476,95,44080,87318,24,24
1668280689,2022-11-12 13:18:09 -0600,1e9fa5d6a83ad8273ba4e17eefaddf3e019a2a82,OR,41019,2,2022-11-09T04:00:00.000Z,FIPSCode,41019,0,2022-11-12T18:54:57.233Z,24,84.0,29,82.76,6149,28778,65.29,4634,14329,32.51,6421,571,1.3,6422,402,0.91,52476,95,44080,87318,24,24
1668280894,2022-11-12 13:21:34 -0600,653ebdf233ba53f8cf2f30c0b7610db3ae213384,OR,41019,2,2022-11-09T04:00:00.000Z,FIPSCode,41019,0,2022-11-12T18:54:57.233Z,24,84.0,29,82.76,6149,28778,65.29,4634,14329,32.51,6421,571,1.3,6422,402,0.91,52476,95,44080,87318,24,24
1668281347,2022-11-12 13:29:07 -0600,59eabe8ca091d7a28ac8c2a04c4a3a2af6f6acbc,OR,41019,2,2022-11-09T04:00:00.000Z,FIPSCode,41019,0,2022-11-12T18:54:57.233Z,24,84.0,29,82.76,6149,28778,65.29,4634,14329,32.51,6421,571,1.3,6422,402,0.91,52476,95,44080,87318,24,24
1668281470,2022-11-12 13:31:10 -0600,713d1957820728abf857e89e5ebc52e6afae07a3,OR,41019,2,2022-11-09T04:00:00.000Z,FIPSCode,41019,0,2022-11-12T18:54:57.233Z,24,84.0,29,82.76,6149,28778,65.29,4634,14329,32.51,6421,571,1.3,6422,402,0.91,52476,95,44080,87318,24,24
1668281511,2022-11-12 13:31:51 -0600,8098985957562cddedbc0a23d23ab8c32a6dc605,OR,41019,2,2022-11-09T04:00:00.000Z,FIPSCode,41019,0,2022-11-12T18:54:57.233Z,24,84.0,29,82.76,6149,28778,65.29,4634,14329,32.51,6421,571,1.3,6422,402,0.91,52476,95,44080,87318,24,24
1668281553,2022-11-12 13:32:33 -0600,0e7a31d1e020e445948d01e9683a66f7e0722317,OR,41019,2,2022-11-09T04:00:00.000Z,FIPSCode,41019,0,2022-11-12T18:54:57.233Z,24,84.0,29,82.76,6149,28778,65.29,4634,14329,32.51,6421,571,1.3,6422,402,0.91,52476,95,44080,87318,24,24
1668281757,2022-11-12 13:35:57 -0600,be1f1caf624a80c1f202745a1891e8dbc61ab260,OR,41019,2,2022-11-09T04:00:00.000Z,FIPSCode,41019,0,2022-11-12T18:54:57.233Z,24,84.0,29,82.76,6149,28778,65.29,4634,14329,32.51,6421,571,1.3,6422,402,0.91,52476,95,44080,87318,24,24
1668281798,2022-11-12 13:36:38 -0600,3cb1955ef4a45f524230359811aec0deea7d9f99,OR,41019,2,2022-11-09T04:00:00.000Z,FIPSCode,41019,0,2022-11-12T18:54:57.233Z,24,84.0,29,82.76,6149,28778,65.29,4634,14329,32.51,6421,571,1.3,6422,402,0.91,52476,95,44080,87318,24,24
1668281922,2022-11-12 13:38:42 -0600,e8f06ca45dd732fda8c1db382b09ad08f750472b,OR,41019,2,2022-11-09T04:00:00.000Z,FIPSCode,41019,0,2022-11-12T18:54:57.233Z,24,84.0,29,82.76,6149,28778,65.29,4634,14329,32.51,6421,571,1.3,6422,402,0.91,52476,95,44080,87318,24,24
1668290145,2022-11-12 15:55:45 -0600,de4c9bf32a99985ce6e21bd9f8601bd507aa6bc5,OR,41019,2,2022-11-09T04:00:00.000Z,FIPSCode,41019,0,2022-11-12T18:54:57.233Z,24,84.0,29,82.76,6149,28778,65.29,4634,14329,32.51,6421,571,1.3,6422,402,0.91,52476,95,44080,87318,24,24
1668318543,2022-11-12 23:49:03 -0600,c1ac834e72ad2d296d1f9f0fc9a9ed7e35fdfb03,OR,41019,2,2022-11-09T04:00:00.000Z,FIPSCode,41019,0,2022-11-12T18:54:57.233Z,24,84.0,29,82.76,6149,28778,65.29,4634,14329,32.51,6421,571,1.3,6422,402,0.91,52476,95,44080,87318,24,24
1668320969,2022-11-13 00:29:29 -0600,3218fbd2d21a8296740170684de6b3b8de29e690,OR,41019,2,2022-11-09T04:00:00.000Z,FIPSCode,41019,0,2022-11-12T18:54:57.233Z,24,84.0,29,82.76,6149,28778,65.29,4634,14329,32.51,6421,571,1.3,6422,402,0.91,52476,95,44080,87318,24,24
1668355643,2022-11-13 10:07:23 -0600,b00fd18cb5702563b62cd38db3466968167508fb,OR,41019,2,2022-11-09T04:00:00.000Z,FIPSCode,41019,0,2022-11-12T18:54:57.233Z,24,84.0,29,82.76,6149,28778,65.29,4634,14329,32.51,6421,571,1.3,6422,402,0.91,52476,95,44080,87318,24,24
1668355809,2022-11-13 10:10:09 -0600,fb85f03248946b3911d2e7aff9855613cdf1e1a8,OR,41019,2,2022-11-09T04:00:00.000Z,FIPSCode,41019,0,2022-11-12T18:54:57.233Z,24,84.0,29,82.76,6149,28778,65.29,4634,14329,32.51,6421,571,1.3,6422,402,0.91,52476,95,44080,87318,24,24
1668367749,2022-11-13 13:29:09 -0600,e5bf82ff5623c13c8051ffc775f97a4fb3c49000,OR,41019,2,2022-11-09T04:00:00.000Z,FIPSCode,41019,0,2022-11-12T18:54:57.233Z,24,84.0,29,82.76,6149,28778,65.29,4634,14329,32.51,6421,571,1.3,6422,402,0.91,52476,95,44080,87318,24,24
1668367840,2022-11-13 13:30:40 -0600,98e04d639b5d8007ffc4d5cda5899d216dbade4a,OR,41019,2,2022-11-09T04:00:00.000Z,FIPSCode,41019,0,2022-11-12T18:54:57.233Z,24,84.0,29,82.76,6149,28778,65.29,4634,14329,32.51,6421,571,1.3,6422,402,0.91,52476,95,44080,87318,24,24
1668368613,2022-11-13 13:43:33 -0600,d34e995732c99472a84822f37a7bd7ca98f3bccc,OR,41019,2,2022-11-09T04:00:00.000Z,FIPSCode,41019,0,2022-11-12T18:54:57.233Z,24,84.0,29,82.76,6149,28778,65.29,4634,14329,32.51,6421,571,1.3,6422,402,0.91,52476,95,44080,87318,24,24
1668368991,2022-11-13 13:49:51 -0600,32cafe238f557f7942effea060f09589900c4fb2,OR,41019,2,2022-11-09T04:00:00.000Z,FIPSCode,41019,0,2022-11-12T18:54:57.233Z,24,84.0,29,82.76,6149,28778,65.29,4634,14329,32.51,6421,571,1.3,6422,402,0.91,52476,95,44080,87318,24,24
1668369549,2022-11-13 13:59:09 -0600,6b9e505b44f0244500640e62a1a6ec860e2f0008,OR,41019,2,2022-11-09T04:00:00.000Z,FIPSCode,41019,0,2022-11-12T18:54:57.233Z,24,84.0,29,82.76,6149,28778,65.29,4634,14329,32.51,6421,571,1.3,6422,402,0.91,52476,95,44080,87318,24,24
1668369672,2022-11-13 14:01:12 -0600,c943ec6ed5cb1e94b0e7baf3278478320b066897,OR,41019,2,2022-11-09T04:00:00.000Z,FIPSCode,41019,0,2022-11-12T18:54:57.233Z,24,84.0,29,82.76,6149,28778,65.29,4634,14329,32.51,6421,571,1.3,6422,402,0.91,52476,95,44080,87318,24,24
1668369844,2022-11-13 14:04:04 -0600,e2a1250a9caf0475b5ba140304a49cba3cc1f49e,OR,41019,2,2022-11-09T04:00:00.000Z,FIPSCode,41019,0,2022-11-12T18:54:57.233Z,24,84.0,29,82.76,6149,28778,65.29,4634,14329,32.51,6421,571,1.3,6422,402,0.91,52476,95,44080,87318,24,24
1668370598,2022-11-13 14:16:38 -0600,04f60b9bbff1857cf20d6c721057a42d29ea2ef7,OR,41019,2,2022-11-09T04:00:00.000Z,FIPSCode,41019,0,2022-11-12T18:54:57.233Z,24,84.0,29,82.76,6149,28778,65.29,4634,14329,32.51,6421,571,1.3,6422,402,0.91,52476,95,44080,87318,24,24
1668370640,2022-11-13 14:17:20 -0600,eb64e83e18d43282dd97db97f7c976a3dab6dea1,OR,41019,2,2022-11-09T04:00:00.000Z,FIPSCode,41019,0,2022-11-12T18:54:57.233Z,24,84.0,29,82.76,6149,28778,65.29,4634,14329,32.51,6421,571,1.3,6422,402,0.91,52476,95,44080,87318,24,24
1668370756,2022-11-13 14:19:16 -0600,d23fb033b83c74e89b9cf1c7196bc48fe2ba27d7,OR,41019,2,2022-11-09T04:00:00.000Z,FIPSCode,41019,0,2022-11-12T18:54:57.233Z,24,84.0,29,82.76,6149,28778,65.29,4634,14329,32.51,6421,571,1.3,6422,402,0.91,52476,95,44080,87318,24,24
1668378284,2022-11-13 16:24:44 -0600,cd79459c66234bdef48175df925d0d9e803ed62d,OR,41019,2,2022-11-09T04:00:00.000Z,FIPSCode,41019,0,2022-11-13T22:24:15.090Z,24,84.0,29,82.76,6149,28778,65.29,4634,14329,32.51,6421,571,1.3,6422,402,0.91,52476,99,44080,87318,24,24
1668445470,2022-11-14 11:04:30 -0600,e2cc6d465e58e222ed4d7263bfd4c0e4728d9742,OR,41019,2,2022-11-09T04:00:00.000Z,FIPSCode,41019,0,2022-11-13T22:24:15.090Z,24,84.0,29,82.76,6149,28778,65.29,4634,14329,32.51,6421,571,1.3,6422,402,0.91,52476,99,44080,87318,24,24
1668445659,2022-11-14 11:07:39 -0600,fc3f5458fa3938eff198a9bba63a482c95a03561,OR,41019,2,2022-11-09T04:00:00.000Z,FIPSCode,41019,0,2022-11-14T17:07:16.277Z,26,88.0,29,89.66,6149,28778,65.29,4634,14329,32.51,6421,571,1.3,6422,402,0.91,50091,99,44080,87318,24,26
1668445983,2022-11-14 11:13:03 -0600,f0c62edd0de8bda92b8a2d05f77f2bbd30d3bcc0,OR,41019,2,2022-11-09T04:00:00.000Z,FIPSCode,41019,0,2022-11-14T17:07:16.277Z,26,88.0,29,89.66,6149,28778,65.29,4634,14329,32.51,6421,571,1.3,6422,402,0.91,50091,99,44080,87318,24,26
1668446129,2022-11-14 11:15:29 -0600,2a6c62302550b77f2302602980b570eb87d7672d,OR,41019,2,2022-11-09T04:00:00.000Z,FIPSCode,41019,0,2022-11-14T17:07:16.277Z,26,88.0,29,89.66,6149,28778,65.29,4634,14329,32.51,6421,571,1.3,6422,402,0.91,50091,99,44080,87318,24,26
1668446296,2022-11-14 11:18:16 -0600,d24c5a9b5fba3cb2ec72b119ca8da97c5f9901bd,OR,41019,2,2022-11-09T04:00:00.000Z,FIPSCode,41019,0,2022-11-14T17:07:16.277Z,26,88.0,29,89.66,6149,28778,65.29,4634,14329,32.51,6421,571,1.3,6422,402,0.91,50091,99,44080,87318,24,26
1668446497,2022-11-14 11:21:37 -0600,2ddaca88ad6cc2386381abc12599c00d5240cd4f,OR,41019,2,2022-11-09T04:00:00.000Z,FIPSCode,41019,0,2022-11-14T17:07:16.277Z,26,88.0,29,89.66,6149,28778,65.29,4634,14329,32.51,6421,571,1.3,6422,402,0.91,50091,99,44080,87318,24,26
1668446909,2022-11-14 11:28:29 -0600,bd9e61c6574a2f6ada011de8fba1e20558ae2df1,OR,41019,2,2022-11-09T04:00:00.000Z,FIPSCode,41019,0,2022-11-14T17:07:16.277Z,26,88.0,29,89.66,6149,28778,65.29,4634,14329,32.51,6421,571,1.3,6422,402,0.91,50091,99,44080,87318,24,26
1668446953,2022-11-14 11:29:13 -0600,43c0e2b5118f8e2258f11b0b1352869210005d45,OR,41019,2,2022-11-09T04:00:00.000Z,FIPSCode,41019,0,2022-11-14T17:07:16.277Z,26,88.0,29,89.66,6149,28778,65.29,4634,14329,32.51,6421,571,1.3,6422,402,0.91,50091,99,44080,87318,24,26
1668447051,2022-11-14 11:30:51 -0600,98c5c7815dc2d2d2a3d84fbcf665dcab791feb6f,OR,41019,2,2022-11-09T04:00:00.000Z,FIPSCode,41019,0,2022-11-14T17:07:16.277Z,26,88.0,29,89.66,6149,28778,65.29,4634,14329,32.51,6421,571,1.3,6422,402,0.91,50091,99,44080,87318,24,26
1668447680,2022-11-14 11:41:20 -0600,83a00e7bf85109e48d2caf0719c6348e99cf5c40,OR,41019,2,2022-11-09T04:00:00.000Z,FIPSCode,41019,0,2022-11-14T17:07:16.277Z,26,88.0,29,89.66,6149,28778,65.29,4634,14329,32.51,6421,571,1.3,6422,402,0.91,50091,99,44080,87318,24,26
1668448179,2022-11-14 11:49:39 -0600,cba0eb1504e308cf9847f2aef0539f2938870afd,OR,41019,2,2022-11-09T04:00:00.000Z,FIPSCode,41019,0,2022-11-14T17:07:16.277Z,26,88.0,29,89.66,6149,28778,65.29,4634,14329,32.51,6421,571,1.3,6422,402,0.91,50091,99,44080,87318,24,26
1668448630,2022-11-14 11:57:10 -0600,f8b2216d2845232c925d3079e9899846ac6291a7,OR,41019,2,2022-11-09T04:00:00.000Z,FIPSCode,41019,0,2022-11-14T17:07:16.277Z,26,88.0,29,89.66,6149,28778,65.29,4634,14329,32.51,6421,571,1.3,6422,402,0.91,50091,99,44080,87318,24,26
1668448735,2022-11-14 11:58:55 -0600,aa85b2e601a2ebcf69a04a56cc6f7a1729bc1a03,OR,41019,2,2022-11-09T04:00:00.000Z,FIPSCode,41019,0,2022-11-14T17:07:16.277Z,26,88.0,29,89.66,6149,28778,65.29,4634,14329,32.51,6421,571,1.3,6422,402,0.91,50091,99,44080,87318,24,26
1668450069,2022-11-14 12:21:09 -0600,6ec141aa2c1d784aae92ec4454234528280ec596,OR,41019,2,2022-11-09T04:00:00.000Z,FIPSCode,41019,0,2022-11-14T17:07:16.277Z,26,88.0,29,89.66,6149,28778,65.29,4634,14329,32.51,6421,571,1.3,6422,402,0.91,50091,99,44080,87318,24,26
1668451556,2022-11-14 12:45:56 -0600,561179061c4449f31cca8802a60022d2472fc334,OR,41019,2,2022-11-09T04:00:00.000Z,FIPSCode,41019,0,2022-11-14T17:07:16.277Z,26,88.0,29,89.66,6149,28778,65.29,4634,14329,32.51,6421,571,1.3,6422,402,0.91,50091,99,44080,87318,24,26
1668451620,2022-11-14 12:47:00 -0600,77e7ace0cc2b9434dd8fa817e6da011c2637da18,OR,41019,2,2022-11-09T04:00:00.000Z,FIPSCode,41019,0,2022-11-14T17:07:16.277Z,26,88.0,29,89.66,6149,28778,65.29,4634,14329,32.51,6421,571,1.3,6422,402,0.91,50091,99,44080,87318,24,26
1668451684,2022-11-14 12:48:04 -0600,f966c17e9a0dfb5a68c27cdb0d3b2f5806d3abc1,OR,41019,2,2022-11-09T04:00:00.000Z,FIPSCode,41019,0,2022-11-14T17:07:16.277Z,26,88.0,29,89.66,6149,28778,65.29,4634,14329,32.51,6421,571,1.3,6422,402,0.91,50091,99,44080,87318,24,26
1668451732,2022-11-14 12:48:52 -0600,e9bd546f5702d705a2876db4392278d23bccb1bc,OR,41019,2,2022-11-09T04:00:00.000Z,FIPSCode,41019,0,2022-11-14T17:07:16.277Z,26,88.0,29,89.66,6149,28778,65.29,4634,14329,32.51,6421,571,1.3,6422,402,0.91,50091,99,44080,87318,24,26
1668453856,2022-11-14 13:24:16 -0600,54ee3d060a5ab45fc065245b2616d0315d8c606e,OR,41019,2,2022-11-09T04:00:00.000Z,FIPSCode,41019,0,2022-11-14T17:07:16.277Z,26,88.0,29,89.66,6149,28778,65.29,4634,14329,32.51,6421,571,1.3,6422,402,0.91,50091,99,44080,87318,24,26
1668456124,2022-11-14 14:02:04 -0600,3b4fba0c3140efe8c301a2bc6bd8ec6457235f71,OR,41019,2,2022-11-09T04:00:00.000Z,FIPSCode,41019,0,2022-11-14T17:07:16.277Z,26,88.0,29,89.66,6149,28778,65.29,4634,14329,32.51,6421,571,1.3,6422,402,0.91,50091,99,44080,87318,24,26
1668459644,2022-11-14 15:00:44 -0600,230b1cff3bbebf292c472ba234adaedcde631ffc,OR,41019,2,2022-11-09T04:00:00.000Z,FIPSCode,41019,0,2022-11-14T17:07:16.277Z,26,88.0,29,89.66,6149,28778,65.29,4634,14329,32.51,6421,571,1.3,6422,402,0.91,50091,99,44080,87318,24,26
1668471496,2022-11-14 18:18:16 -0600,c31d2073e4dfce28acd0f9fb0ff5d3e5779faa97,OR,41019,2,2022-11-09T04:00:00.000Z,FIPSCode,41019,0,2022-11-14T21:21:15.143Z,26,88.0,29,89.66,6149,28778,65.29,4634,14329,32.51,6421,571,1.3,6422,402,0.91,50091,99,44080,87318,24,26
1668472350,2022-11-14 18:32:30 -0600,10663eac867582b07e7e86dacd965d9531596cf0,OR,41019,2,2022-11-09T04:00:00.000Z,FIPSCode,41019,0,2022-11-14T21:21:15.143Z,26,88.0,29,89.66,6149,28778,65.29,4634,14329,32.51,6421,571,1.3,6422,402,0.91,50091,99,44080,87318,24,26
1668473812,2022-11-14 18:56:52 -0600,c8be4acf2022b2efab3c55285dbd8b3e956b217a,OR,41019,2,2022-11-09T04:00:00.000Z,FIPSCode,41019,0,2022-11-14T21:21:15.143Z,26,88.0,29,89.66,6149,28778,65.29,4634,14329,32.51,6421,571,1.3,6422,402,0.91,50091,99,44080,87318,24,26
1668474205,2022-11-14 19:03:25 -0600,c14fad359edb8b4d957575fea15cf57ddedb5385,OR,41019,2,2022-11-09T04:00:00.000Z,FIPSCode,41019,0,2022-11-14T21:21:15.143Z,26,88.0,29,89.66,6149,28778,65.29,4634,14329,32.51,6421,571,1.3,6422,402,0.91,50091,99,44080,87318,24,26
1668475914,2022-11-14 19:31:54 -0600,17b30601fe561fe0e0563bec8b8880b056e12262,OR,41019,2,2022-11-09T04:00:00.000Z,FIPSCode,41019,0,2022-11-14T21:21:15.143Z,26,88.0,29,89.66,6149,28778,65.29,4634,14329,32.51,6421,571,1.3,6422,402,0.91,50091,99,44080,87318,24,26
1668476898,2022-11-14 19:48:18 -0600,9dec7d2ee1a4874d23d33cddb04c3374488d5ee3,OR,41019,2,2022-11-09T04:00:00.000Z,FIPSCode,41019,0,2022-11-14T21:21:15.143Z,26,88.0,29,89.66,6149,28778,65.29,4634,14329,32.51,6421,571,1.3,6422,402,0.91,50091,99,44080,87318,24,26
1668476913,2022-11-14 19:48:33 -0600,c6871c2baaba9804dda0f49c3c3cec1585ce3b3c,OR,41019,2,2022-11-09T04:00:00.000Z,FIPSCode,41019,0,2022-11-14T21:21:15.143Z,26,88.0,29,89.66,6149,28778,65.29,4634,14329,32.51,6421,571,1.3,6422,402,0.91,50091,99,44080,87318,24,26
1668477769,2022-11-14 20:02:49 -0600,e2b8934c3a8c3561ed869456bdcf8458a161ed11,OR,41019,2,2022-11-09T04:00:00.000Z,FIPSCode,41019,0,2022-11-14T21:21:15.143Z,26,88.0,29,89.66,6149,28778,65.29,4634,14329,32.51,6421,571,1.3,6422,402,0.91,50091,99,44080,87318,24,26
1668478495,2022-11-14 20:14:55 -0600,d7c67e75dc460aa4b27c0a58b8cb6712562ae6dc,OR,41019,2,2022-11-09T04:00:00.000Z,FIPSCode,41019,0,2022-11-14T21:21:15.143Z,26,88.0,29,89.66,6149,28778,65.29,4634,14329,32.51,6421,571,1.3,6422,402,0.91,50091,99,44080,87318,24,26
1668479308,2022-11-14 20:28:28 -0600,048a5508e8703a803a6353a2bd8764bc99758abe,OR,41019,2,2022-11-09T04:00:00.000Z,FIPSCode,41019,0,2022-11-14T21:21:15.143Z,26,88.0,29,89.66,6149,28778,65.29,4634,14329,32.51,6421,571,1.3,6422,402,0.91,50091,99,44080,87318,24,26
1668479603,2022-11-14 20:33:23 -0600,d6ad0f29501295f7c58d338e36d82da30147bd7d,OR,41019,2,2022-11-09T04:00:00.000Z,FIPSCode,41019,0,2022-11-14T21:21:15.143Z,26,88.0,29,89.66,6149,28778,65.29,4634,14329,32.51,6421,571,1.3,6422,402,0.91,50091,99,44080,87318,24,26
1668531221,2022-11-15 10:53:41 -0600,cbbb77bd55072431e9c01dd4657f60464293bef4,OR,41019,2,2022-11-09T04:00:00.000Z,FIPSCode,41019,0,2022-11-14T21:21:15.143Z,26,88.0,29,89.66,6149,28778,65.29,4634,14329,32.51,6421,571,1.3,6422,402,0.91,50091,99,44080,87318,24,26
1668531558,2022-11-15 10:59:18 -0600,df5f035f9e573be9ecd06e0c17d59fe713e26010,OR,41019,2,2022-11-09T04:00:00.000Z,FIPSCode,41019,0,2022-11-14T21:21:15.143Z,26,88.0,29,89.66,6149,28778,65.29,4634,14329,32.51,6421,571,1.3,6422,402,0.91,50091,99,44080,87318,24,26
1668531915,2022-11-15 11:05:15 -0600,fa38f1fce4f0481c8f12bd633ed5fc8df49a12de,OR,41019,2,2022-11-09T04:00:00.000Z,FIPSCode,41019,0,2022-11-14T21:21:15.143Z,26,88.0,29,89.66,6149,28778,65.29,4634,14329,32.51,6421,571,1.3,6422,402,0.91,50091,99,44080,87318,24,26
1668548989,2022-11-15 15:49:49 -0600,0cd7ef5a8e5ba0be9de40fdfc756b19874bd84b7,OR,41019,2,2022-11-09T04:00:00.000Z,FIPSCode,41019,0,2022-11-14T21:21:15.143Z,26,88.0,29,89.66,6149,28778,65.29,4634,14329,32.51,6421,571,1.3,6422,402,0.91,50091,99,44080,87318,24,26
1668549746,2022-11-15 16:02:26 -0600,4e32cf6b95c6951c32beea30fd2e667a86e25805,OR,41019,2,2022-11-09T04:00:00.000Z,FIPSCode,41019,0,2022-11-14T21:21:15.143Z,26,88.0,29,89.66,6149,28778,65.29,4634,14329,32.51,6421,571,1.3,6422,402,0.91,50091,99,44080,87318,24,26
1668550467,2022-11-15 16:14:27 -0600,259a63c3d9de7e84ab0bde2d9b046d91c5ef9a99,OR,41019,2,2022-11-09T04:00:00.000Z,FIPSCode,41019,0,2022-11-14T21:21:15.143Z,26,88.0,29,89.66,6149,28778,65.29,4634,14329,32.51,6421,571,1.3,6422,402,0.91,50091,99,44080,87318,24,26
1668550491,2022-11-15 16:14:51 -0600,7907c9318135e3406c71809679a05431b05bdfe9,OR,41019,2,2022-11-09T04:00:00.000Z,FIPSCode,41019,0,2022-11-14T21:21:15.143Z,26,88.0,29,89.66,6149,28778,65.29,4634,14329,32.51,6421,571,1.3,6422,402,0.91,50091,99,44080,87318,24,26
1668550555,2022-11-15 16:15:55 -0600,bd47987867eb10263e2ef0e5c0bb4d296d4cb816,OR,41019,2,2022-11-09T04:00:00.000Z,FIPSCode,41019,0,2022-11-14T21:21:15.143Z,26,88.0,29,89.66,6149,28778,65.29,4634,14329,32.51,6421,571,1.3,6422,402,0.91,50091,99,44080,87318,24,26
1668550612,2022-11-15 16:16:52 -0600,2a9801346ffaa058d381540152e0301e0ee75ae5,OR,41019,2,2022-11-09T04:00:00.000Z,FIPSCode,41019,0,2022-11-14T21:21:15.143Z,26,88.0,29,89.66,6149,28778,65.29,4634,14329,32.51,6421,571,1.3,6422,402,0.91,50091,99,44080,87318,24,26
1668551307,2022-11-15 16:28:27 -0600,946939986689d0afdf7ef320a1dfee1dc08c8d90,OR,41019,2,2022-11-09T04:00:00.000Z,FIPSCode,41019,0,2022-11-14T21:21:15.143Z,26,88.0,29,89.66,6149,28778,65.29,4634,14329,32.51,6421,571,1.3,6422,402,0.91,50091,99,44080,87318,24,26
1668551580,2022-11-15 16:33:00 -0600,7815a0a5af22ab58042f1ef23c17407774ccb467,OR,41019,2,2022-11-09T04:00:00.000Z,FIPSCode,41019,0,2022-11-14T21:21:15.143Z,26,88.0,29,89.66,6149,28778,65.29,4634,14329,32.51,6421,571,1.3,6422,402,0.91,50091,99,44080,87318,24,26
1668552080,2022-11-15 16:41:20 -0600,9df144418e99c2d54318d8d2272b319a0509e111,OR,41019,2,2022-11-09T04:00:00.000Z,FIPSCode,41019,0,2022-11-14T21:21:15.143Z,26,88.0,29,89.66,6149,28778,65.29,4634,14329,32.51,6421,571,1.3,6422,402,0.91,50091,99,44080,87318,24,26
1668556986,2022-11-15 18:03:06 -0600,af0735ceee864ee5fd4dc873469177fed943e376,OR,41019,2,2022-11-09T04:00:00.000Z,FIPSCode,41019,0,2022-11-14T21:21:15.143Z,26,88.0,29,89.66,6149,28778,65.29,4634,14329,32.51,6421,571,1.3,6422,402,0.91,50091,99,44080,87318,24,26
1668557447,2022-11-15 18:10:47 -0600,e410c6cb7ac4268bdf5130f3e6d4186711295de4,OR,41019,2,2022-11-09T04:00:00.000Z,FIPSCode,41019,0,2022-11-14T21:21:15.143Z,26,88.0,29,89.66,6149,28778,65.29,4634,14329,32.51,6421,571,1.3,6422,402,0.91,50091,99,44080,87318,24,26
1668557844,2022-11-15 18:17:24 -0600,2e2ec9a7b2d6d593a3cebacf9138476819bf3644,OR,41019,2,2022-11-09T04:00:00.000Z,FIPSCode,41019,0,2022-11-14T21:21:15.143Z,26,88.0,29,89.66,6149,28778,65.29,4634,14329,32.51,6421,571,1.3,6422,402,0.91,50091,99,44080,87318,24,26
1668561405,2022-11-15 19:16:45 -0600,2721bb653c9469054807b760023d532d65ea5204,OR,41019,2,2022-11-09T04:00:00.000Z,FIPSCode,41019,0,2022-11-14T21:21:15.143Z,26,88.0,29,89.66,6149,28778,65.29,4634,14329,32.51,6421,571,1.3,6422,402,0.91,50091,99,44080,87318,24,26
1668562398,2022-11-15 19:33:18 -0600,3852133279f245141930471b3e0a1afdece4eb06,OR,41019,2,2022-11-09T04:00:00.000Z,FIPSCode,41019,0,2022-11-14T21:21:15.143Z,26,88.0,29,89.66,6149,28778,65.29,4634,14329,32.51,6421,571,1.3,6422,402,0.91,50091,99,44080,87318,24,26
1668615859,2022-11-16 10:24:19 -0600,7615e8c514dec47a93d97e6472659ea0811931fe,OR,41019,2,2022-11-09T04:00:00.000Z,FIPSCode,41019,0,2022-11-14T21:21:15.143Z,26,88.0,29,89.66,6149,28778,65.29,4634,14329,32.51,6421,571,1.3,6422,402,0.91,50091,99,44080,87318,24,26
1668622701,2022-11-16 12:18:21 -0600,dbf2101e07dac53f93b50871cc03a13ae91ec294,OR,41019,2,2022-11-09T04:00:00.000Z,FIPSCode,41019,0,2022-11-14T21:21:15.143Z,26,88.0,29,89.66,6149,28778,65.29,4634,14329,32.51,6421,571,1.3,6422,402,0.91,50091,99,44080,87318,24,26
1668625678,2022-11-16 13:07:58 -0600,de67e3fc0c2e53093ab7a3368723be181fd1a2b8,OR,41019,2,2022-11-09T04:00:00.000Z,FIPSCode,41019,0,2022-11-14T21:21:15.143Z,26,88.0,29,89.66,6149,28778,65.29,4634,14329,32.51,6421,571,1.3,6422,402,0.91,50091,99,44080,87318,24,26
1668634374,2022-11-16 15:32:54 -0600,46590f1df8baffe26a2240114a4aa728865b7229,OR,41019,2,2022-11-09T04:00:00.000Z,FIPSCode,41019,0,2022-11-14T21:21:15.143Z,26,88.0,29,89.66,6149,28778,65.29,4634,14329,32.51,6421,571,1.3,6422,402,0.91,50091,99,44080,87318,24,26
1668636644,2022-11-16 16:10:44 -0600,0ad24463110dd1530015c9faa4960f27e1951871,OR,41019,2,2022-11-09T04:00:00.000Z,FIPSCode,41019,0,2022-11-14T21:21:15.143Z,26,88.0,29,89.66,6149,28778,65.29,4634,14329,32.51,6421,571,1.3,6422,402,0.91,50091,99,44080,87318,24,26
1668636770,2022-11-16 16:12:50 -0600,43bb890de06289e439daebd6ab11b34accf99c1e,OR,41019,2,2022-11-09T04:00:00.000Z,FIPSCode,41019,0,2022-11-14T21:21:15.143Z,26,88.0,29,89.66,6149,28778,65.29,4634,14329,32.51,6421,571,1.3,6422,402,0.91,50091,99,44080,87318,24,26
1668636866,2022-11-16 16:14:26 -0600,90f40b02e3368eecb44aa950ee2e582d2659b412,OR,41019,2,2022-11-09T04:00:00.000Z,FIPSCode,41019,0,2022-11-14T21:21:15.143Z,26,88.0,29,89.66,6149,28778,65.29,4634,14329,32.51,6421,571,1.3,6422,402,0.91,50091,99,44080,87318,24,26
1668636879,2022-11-16 16:14:39 -0600,758e1ee44f61ffbbfe43f0ee9c842450a7a497f6,OR,41019,2,2022-11-09T04:00:00.000Z,FIPSCode,41019,0,2022-11-14T21:21:15.143Z,26,88.0,29,89.66,6149,28778,65.29,4634,14329,32.51,6421,571,1.3,6422,402,0.91,50091,99,44080,87318,24,26
1668636958,2022-11-16 16:15:58 -0600,3d8022416fe7c40857d6707be16e97ad2b1b34ab,OR,41019,2,2022-11-09T04:00:00.000Z,FIPSCode,41019,0,2022-11-14T21:21:15.143Z,26,88.0,29,89.66,6149,28778,65.29,4634,14329,32.51,6421,571,1.3,6422,402,0.91,50091,99,44080,87318,24,26
1668637221,2022-11-16 16:20:21 -0600,1152f8f230b27ea7fa3b0b246a2ec493b0ddac55,OR,41019,2,2022-11-09T04:00:00.000Z,FIPSCode,41019,0,2022-11-14T21:21:15.143Z,26,88.0,29,89.66,6149,28778,65.29,4634,14329,32.51,6421,571,1.3,6422,402,0.91,50091,99,44080,87318,24,26
1668640637,2022-11-16 17:17:17 -0600,fac654ca1b9e04e6caafd8064a3b006b2b9ffeb4,OR,41019,2,2022-11-09T04:00:00.000Z,FIPSCode,41019,0,2022-11-14T21:21:15.143Z,26,88.0,29,89.66,6149,28778,65.29,4634,14329,32.51,6421,571,1.3,6422,402,0.91,50091,99,44080,87318,24,26
1668641346,2022-11-16 17:29:06 -0600,ad4834bb72bcf278bf7a2ba4c4058c4c208033c0,OR,41019,2,2022-11-09T04:00:00.000Z,FIPSCode,41019,0,2022-11-14T21:21:15.143Z,26,88.0,29,89.66,6149,28778,65.29,4634,14329,32.51,6421,571,1.3,6422,402,0.91,50091,99,44080,87318,24,26
1668641643,2022-11-16 17:34:03 -0600,8d5a6aa47d4f6f6fb885cec7a4df7d71f9a06e4a,OR,41019,2,2022-11-09T04:00:00.000Z,FIPSCode,41019,0,2022-11-14T21:21:15.143Z,26,88.0,29,89.66,6149,28778,65.29,4634,14329,32.51,6421,571,1.3,6422,402,0.91,50091,99,44080,87318,24,26
1668643859,2022-11-16 18:10:59 -0600,019d0697945fc636c7f70c5b079186ba9ae8634c,OR,41019,2,2022-11-09T04:00:00.000Z,FIPSCode,41019,0,2022-11-14T21:21:15.143Z,26,88.0,29,89.66,6149,28778,65.29,4634,14329,32.51,6421,571,1.3,6422,402,0.91,50091,99,44080,87318,24,26
1668645194,2022-11-16 18:33:14 -0600,f0f730e70fbd3279fd23a5f67064e42c3f90e436,OR,41019,2,2022-11-09T04:00:00.000Z,FIPSCode,41019,0,2022-11-14T21:21:15.143Z,26,88.0,29,89.66,6149,28778,65.29,4634,14329,32.51,6421,571,1.3,6422,402,0.91,50091,99,44080,87318,24,26
1668645385,2022-11-16 18:36:25 -0600,50046e5b8e808233eb0c0dcfca12a823f5a9a6a4,OR,41019,2,2022-11-09T04:00:00.000Z,FIPSCode,41019,0,2022-11-14T21:21:15.143Z,26,88.0,29,89.66,6149,28778,65.29,4634,14329,32.51,6421,571,1.3,6422,402,0.91,50091,99,44080,87318,24,26
1668646055,2022-11-16 18:47:35 -0600,4d6b0ad2ddf898d44a286d1f8d8aebdcabcc450d,OR,41019,2,2022-11-09T04:00:00.000Z,FIPSCode,41019,0,2022-11-14T21:21:15.143Z,26,88.0,29,89.66,6149,28778,65.29,4634,14329,32.51,6421,571,1.3,6422,402,0.91,50091,99,44080,87318,24,26
1668646418,2022-11-16 18:53:38 -0600,aab0dcce09ef346f2532af2512d81346bd3a4390,OR,41019,2,2022-11-09T04:00:00.000Z,FIPSCode,41019,0,2022-11-14T21:21:15.143Z,26,88.0,29,89.66,6149,28778,65.29,4634,14329,32.51,6421,571,1.3,6422,402,0.91,50091,99,44080,87318,24,26
1668646430,2022-11-16 18:53:50 -0600,8c12d019cede1d4278c1b6fad6a4c0daf3dce49b,OR,41019,2,2022-11-09T04:00:00.000Z,FIPSCode,41019,0,2022-11-14T21:21:15.143Z,26,88.0,29,89.66,6149,28778,65.29,4634,14329,32.51,6421,571,1.3,6422,402,0.91,50091,99,44080,87318,24,26
1668646894,2022-11-16 19:01:34 -0600,0b9962bdc03454f7dc0bb5f5269ff1af62df90f8,OR,41019,2,2022-11-09T04:00:00.000Z,FIPSCode,41019,0,2022-11-17T01:01:23.542Z,29,99.0,29,100.0,6149,33745,65.34,4634,16628,32.2,6421,738,1.43,6422,532,1.03,50091,99,51643,87318,29,29
1668647162,2022-11-16 19:06:02 -0600,299ef465b1cb2cf0b83245d1130939e037381853,OR,41019,2,2022-11-09T04:00:00.000Z,FIPSCode,41019,0,2022-11-17T01:05:41.514Z,29,99.0,29,100.0,6149,33745,65.34,4634,16628,32.2,6421,738,1.43,6422,532,1.03,52165,99,51643,87318,29,29
1668647174,2022-11-16 19:06:14 -0600,718f97f5742d02da9608175037e8fda90632727a,OR,41019,2,2022-11-09T04:00:00.000Z,FIPSCode,41019,0,2022-11-17T01:05:41.514Z,29,99.0,29,100.0,6149,33745,65.34,4634,16628,32.2,6421,738,1.43,6422,532,1.03,52165,99,51643,87318,29,29
1668647876,2022-11-16 19:17:56 -0600,5a85315cf15dcdb56e189672d6f0a395ec90489d,OR,41019,2,2022-11-09T04:00:00.000Z,FIPSCode,41019,0,2022-11-17T01:05:41.514Z,29,99.0,29,100.0,6149,33745,65.34,4634,16628,32.2,6421,738,1.43,6422,532,1.03,52165,99,51643,87318,29,29
1668648211,2022-11-16 19:23:31 -0600,6c3c9be90d0abf9e19160c96111871487bbb38e7,OR,41019,2,2022-11-09T04:00:00.000Z,FIPSCode,41019,0,2022-11-17T01:05:41.514Z,29,99.0,29,100.0,6149,33745,65.34,4634,16628,32.2,6421,738,1.43,6422,532,1.03,52165,99,51643,87318,29,29
1668700764,2022-11-17 09:59:24 -0600,a5d87b91516d0948d07ca41b94e86558192aab49,OR,41019,2,2022-11-09T04:00:00.000Z,FIPSCode,41019,0,2022-11-17T01:05:41.514Z,29,99.0,29,100.0,6149,33745,65.34,4634,16628,32.2,6421,738,1.43,6422,532,1.03,52165,99,51643,87318,29,29
1668788912,2022-11-18 10:28:32 -0600,1a8aef0ef45ffbaafd81f2571a5332c08eaf7308,OR,41019,2,2022-11-09T04:00:00.000Z,FIPSCode,41019,0,2022-11-17T01:05:41.514Z,29,99.0,29,100.0,6149,33745,65.34,4634,16628,32.2,6421,738,1.43,6422,532,1.03,52165,99,51643,87318,29,29
1668789629,2022-11-18 10:40:29 -0600,69d0b2fd6dd31c9cf380d941a99d185772ccce91,OR,41019,2,2022-11-09T04:00:00.000Z,FIPSCode,41019,0,2022-11-17T01:05:41.514Z,29,99.0,29,100.0,6149,33745,65.34,4634,16628,32.2,6421,738,1.43,6422,532,1.03,52165,99,51643,87318,29,29
1668806813,2022-11-18 15:26:53 -0600,d9da6eb33e6ba1a40cad2554f63fc8f24b9eb3b2,OR,41019,2,2022-11-09T04:00:00.000Z,FIPSCode,41019,0,2022-11-17T01:05:41.514Z,29,99.0,29,100.0,6149,33745,65.34,4634,16628,32.2,6421,738,1.43,6422,532,1.03,52165,99,51643,87318,29,29
1668806878,2022-11-18 15:27:58 -0600,d3417f4962365c36789ea39a4c6086b1f0e2d00c,OR,41019,2,2022-11-09T04:00:00.000Z,FIPSCode,41019,0,2022-11-17T01:05:41.514Z,29,99.0,29,100.0,6149,33745,65.34,4634,16628,32.2,6421,738,1.43,6422,532,1.03,52165,99,51643,87318,29,29
1668806933,2022-11-18 15:28:53 -0600,d8856796a715e203eb0a89451c8c69651ffa93fe,OR,41019,2,2022-11-09T04:00:00.000Z,FIPSCode,41019,0,2022-11-17T01:05:41.514Z,29,99.0,29,100.0,6149,33745,65.34,4634,16628,32.2,6421,738,1.43,6422,532,1.03,52165,99,51643,87318,29,29
1668820275,2022-11-18 19:11:15 -0600,0969a4ec4f84a2730baf27fa285ccfbfaf5009a2,OR,41019,2,2022-11-09T04:00:00.000Z,FIPSCode,41019,0,2022-11-17T01:05:41.514Z,29,99.0,29,100.0,6149,33745,65.34,4634,16628,32.2,6421,738,1.43,6422,532,1.03,52165,99,51643,87318,29,29
1668877216,2022-11-19 11:00:16 -0600,ae78cff2e46a60963e26323fb60cd25bdd10a58a,OR,41019,2,2022-11-09T04:00:00.000Z,FIPSCode,41019,0,2022-11-17T01:05:41.514Z,29,99.0,29,100.0,6149,33745,65.34,4634,16628,32.2,6421,738,1.43,6422,532,1.03,52165,99,51643,87318,29,29
1669001429,2022-11-20 21:30:29 -0600,0b987f73093772d0795c856d5c507f0185620491,OR,41019,2,2022-11-09T04:00:00.000Z,FIPSCode,41019,0,2022-11-17T01:05:41.514Z,29,99.0,29,100.0,6149,33745,65.34,4634,16628,32.2,6421,738,1.43,6422,532,1.03,52165,99,51643,87318,29,29
1669001441,2022-11-20 21:30:41 -0600,f831af234e97fb42ad7a7b8f2d093a2f5c3e3fd9,OR,41019,2,2022-11-09T04:00:00.000Z,FIPSCode,41019,0,2022-11-17T01:05:41.514Z,29,99.0,29,100.0,6149,33745,65.34,4634,16628,32.2,6421,738,1.43,6422,532,1.03,52165,99,51643,87318,29,29
1669001467,2022-11-20 21:31:07 -0600,c13e58fa6e7eb9ea0638a6f038117b07ce7092ad,OR,41019,2,2022-11-09T04:00:00.000Z,FIPSCode,41019,0,2022-11-17T01:05:41.514Z,29,99.0,29,100.0,6149,33745,65.34,4634,16628,32.2,6421,738,1.43,6422,532,1.03,52165,99,51643,87318,29,29
1669001491,2022-11-20 21:31:31 -0600,791b5c508912ae0117deaded7511e7ffecaaa9ca,OR,41019,2,2022-11-09T04:00:00.000Z,FIPSCode,41019,0,2022-11-17T01:05:41.514Z,29,99.0,29,100.0,6149,33745,65.34,4634,16628,32.2,6421,738,1.43,6422,532,1.03,52165,99,51643,87318,29,29
1669001513,2022-11-20 21:31:53 -0600,a445eaab711c057d9095dead8adf45f9ce8d06a4,OR,41019,2,2022-11-09T04:00:00.000Z,FIPSCode,41019,0,2022-11-17T01:05:41.514Z,29,99.0,29,100.0,6149,33745,65.34,4634,16628,32.2,6421,738,1.43,6422,532,1.03,52165,99,51643,87318,29,29
1669078971,2022-11-21 19:02:51 -0600,fcbbb8b8612b1ce3e8924b56c1db5c2a50f5bd16,OR,41019,2,2022-11-09T04:00:00.000Z,FIPSCode,41019,0,2022-11-17T01:05:41.514Z,29,99.0,29,100.0,6149,33745,65.34,4634,16628,32.2,6421,738,1.43,6422,532,1.03,52165,99,51643,87318,29,29
1669133848,2022-11-22 10:17:28 -0600,cdfa4cb5e447f05eaa02b04a326d1a7293b0c18f,OR,41019,2,2022-11-09T04:00:00.000Z,FIPSCode,41019,0,2022-11-17T01:05:41.514Z,29,99.0,29,100.0,6149,33745,65.34,4634,16628,32.2,6421,738,1.43,6422,532,1.03,52165,99,51643,87318,29,29
1669133902,2022-11-22 10:18:22 -0600,31a56e6e8c007c43a723a3d9bb2ea78fb0ee0ade,OR,41019,2,2022-11-09T04:00:00.000Z,FIPSCode,41019,0,2022-11-17T01:05:41.514Z,29,99.0,29,100.0,6149,33745,65.34,4634,16628,32.2,6421,738,1.43,6422,532,1.03,52165,99,51643,87318,29,29
1669144091,2022-11-22 13:08:11 -0600,d3e26fa8531914e3de046590149b9e866996ecf1,OR,41019,2,2022-11-09T04:00:00.000Z,FIPSCode,41019,0,2022-11-17T01:05:41.514Z,29,99.0,29,100.0,6149,33745,65.34,4634,16628,32.2,6421,738,1.43,6422,532,1.03,52165,99,51643,87318,29,29
1669144104,2022-11-22 13:08:24 -0600,69826cf80e1c3e859b56f0de889acbfe42a9a668,OR,41019,2,2022-11-09T04:00:00.000Z,FIPSCode,41019,0,2022-11-17T01:05:41.514Z,29,99.0,29,100.0,6149,33745,65.34,4634,16628,32.2,6421,738,1.43,6422,532,1.03,52165,99,51643,87318,29,29
1669144117,2022-11-22 13:08:37 -0600,ae42eaa37cad134ceb25bd11acdc00f0805d0e6f,OR,41019,2,2022-11-09T04:00:00.000Z,FIPSCode,41019,0,2022-11-17T01:05:41.514Z,29,99.0,29,100.0,6149,33745,65.34,4634,16628,32.2,6421,738,1.43,6422,532,1.03,52165,99,51643,87318,29,29
1669144129,2022-11-22 13:08:49 -0600,92aea165215c8c37c6e715b524fbdc0306f49492,OR,41019,2,2022-11-09T04:00:00.000Z,FIPSCode,41019,0,2022-11-17T01:05:41.514Z,29,99.0,29,100.0,6149,33745,65.34,4634,16628,32.2,6421,738,1.43,6422,532,1.03,52165,99,51643,87318,29,29
1669144140,2022-11-22 13:09:00 -0600,3424c7de172237a0fa39e4fc731aa217eb42aac7,OR,41019,2,2022-11-09T04:00:00.000Z,FIPSCode,41019,0,2022-11-17T01:05:41.514Z,29,99.0,29,100.0,6149,33745,65.34,4634,16628,32.2,6421,738,1.43,6422,532,1.03,52165,99,51643,87318,29,29
1669144152,2022-11-22 13:09:12 -0600,ec7144f3b8b1ab959f674dc5b371482130a955d5,OR,41019,2,2022-11-09T04:00:00.000Z,FIPSCode,41019,0,2022-11-17T01:05:41.514Z,29,99.0,29,100.0,6149,33745,65.34,4634,16628,32.2,6421,738,1.43,6422,532,1.03,52165,99,51643,87318,29,29
1669146299,2022-11-22 13:44:59 -0600,a6eed74f2c0b98b122cefcecd2ef72c8a134398f,OR,41019,2,2022-11-09T04:00:00.000Z,FIPSCode,41019,0,2022-11-17T01:05:41.514Z,29,99.0,29,100.0,6149,33745,65.34,4634,16628,32.2,6421,738,1.43,6422,532,1.03,52165,99,51643,87318,29,29
1669156606,2022-11-22 16:36:46 -0600,4ff1c515f8aca529fb09e973ac336a7d992ea3c0,OR,41019,2,2022-11-09T04:00:00.000Z,FIPSCode,41019,0,2022-11-17T01:05:41.514Z,29,99.0,29,100.0,6149,33745,65.34,4634,16628,32.2,6421,738,1.43,6422,532,1.03,52165,99,51643,87318,29,29
1669228008,2022-11-23 12:26:48 -0600,d5ff7359e5bc260148334c3c53844c8c5fe0ba0d,OR,41019,2,2022-11-09T04:00:00.000Z,FIPSCode,41019,0,2022-11-17T01:05:41.514Z,29,99.0,29,100.0,6149,33745,65.34,4634,16628,32.2,6421,738,1.43,6422,532,1.03,52165,99,51643,87318,29,29
1669228402,2022-11-23 12:33:22 -0600,2c7ba42d29f4aed4e0257435ba3e86aec2163cff,OR,41019,2,2022-11-09T04:00:00.000Z,FIPSCode,41019,0,2022-11-17T01:05:41.514Z,29,99.0,29,100.0,6149,33745,65.34,4634,16628,32.2,6421,738,1.43,6422,532,1.03,52165,99,51643,87318,29,29
1669354675,2022-11-24 23:37:55 -0600,7e593998b327a3db9d8e74f4ae52d57d27e64cac,OR,41019,2,2022-11-09T04:00:00.000Z,FIPSCode,41019,0,2022-11-17T01:05:41.514Z,29,99.0,29,100.0,6149,33745,65.34,4634,16628,32.2,6421,738,1.43,6422,532,1.03,52165,99,51643,87318,29,29
1669354739,2022-11-24 23:38:59 -0600,1f508ee6056788fa5c5852916c7970a36e23aadf,OR,41019,2,2022-11-09T04:00:00.000Z,FIPSCode,41019,0,2022-11-17T01:05:41.514Z,29,99.0,29,100.0,6149,33745,65.34,4634,16628,32.2,6421,738,1.43,6422,532,1.03,52165,99,51643,87318,29,29
1669354794,2022-11-24 23:39:54 -0600,5b5c2ac435034f68fb0736fdec898d9764b58737,OR,41019,2,2022-11-09T04:00:00.000Z,FIPSCode,41019,0,2022-11-17T01:05:41.514Z,29,99.0,29,100.0,6149,33745,65.34,4634,16628,32.2,6421,738,1.43,6422,532,1.03,52165,99,51643,87318,29,29
1669423566,2022-11-25 18:46:06 -0600,7a3f13aa66dd85d75bddf2fe8efd932a2f66e5c2,OR,41019,2,2022-11-09T04:00:00.000Z,FIPSCode,41019,0,2022-11-17T01:05:41.514Z,29,99.0,29,100.0,6149,33745,65.34,4634,16628,32.2,6421,738,1.43,6422,532,1.03,52165,99,51643,87318,29,29
1669438552,2022-11-25 22:55:52 -0600,f4c561d10b7f0a1437f89cf960c0c833cb72887b,OR,41019,2,2022-11-09T04:00:00.000Z,FIPSCode,41019,0,2022-11-17T01:05:41.514Z,29,99.0,29,100.0,6149,33745,65.34,4634,16628,32.2,6421,738,1.43,6422,532,1.03,52165,99,51643,87318,29,29
1669438615,2022-11-25 22:56:55 -0600,207861915d329f2599fdbff9dbeb282cf7cfc863,OR,41019,2,2022-11-09T04:00:00.000Z,FIPSCode,41019,0,2022-11-17T01:05:41.514Z,29,99.0,29,100.0,6149,33745,65.34,4634,16628,32.2,6421,738,1.43,6422,532,1.03,52165,99,51643,87318,29,29
1669438668,2022-11-25 22:57:48 -0600,083a50344f5ce5bd51cec74f092be2d52fa4ad9a,OR,41019,2,2022-11-09T04:00:00.000Z,FIPSCode,41019,0,2022-11-17T01:05:41.514Z,29,99.0,29,100.0,6149,33745,65.34,4634,16628,32.2,6421,738,1.43,6422,532,1.03,52165,99,51643,87318,29,29
1669438732,2022-11-25 22:58:52 -0600,3913c20c17c1f0ca7ff60a7dc0cd5e851dc8af4b,OR,41019,2,2022-11-09T04:00:00.000Z,FIPSCode,41019,0,2022-11-17T01:05:41.514Z,29,99.0,29,100.0,6149,33745,65.34,4634,16628,32.2,6421,738,1.43,6422,532,1.03,52165,99,51643,87318,29,29
1669551775,2022-11-27 06:22:55 -0600,1e0fab982589825b7b85545759e55524bb20a8cf,OR,41019,2,2022-11-09T04:00:00.000Z,FIPSCode,41019,0,2022-11-17T01:05:41.514Z,29,99.0,29,100.0,6149,33745,65.34,4634,16628,32.2,6421,738,1.43,6422,532,1.03,52165,99,51643,87318,29,29
1669551830,2022-11-27 06:23:50 -0600,ab091fc9a219a12dd65af4f0dc924787d9c94a17,OR,41019,2,2022-11-09T04:00:00.000Z,FIPSCode,41019,0,2022-11-17T01:05:41.514Z,29,99.0,29,100.0,6149,33745,65.34,4634,16628,32.2,6421,738,1.43,6422,532,1.03,52165,99,51643,87318,29,29
1669551896,2022-11-27 06:24:56 -0600,f1213eea2518353fc1797b734896b31a08b6340f,OR,41019,2,2022-11-09T04:00:00.000Z,FIPSCode,41019,0,2022-11-17T01:05:41.514Z,29,99.0,29,100.0,6149,33745,65.34,4634,16628,32.2,6421,738,1.43,6422,532,1.03,52165,99,51643,87318,29,29
1669551954,2022-11-27 06:25:54 -0600,e654eec621cd9eb37606c79948a55fb5fd1ec1ee,OR,41019,2,2022-11-09T04:00:00.000Z,FIPSCode,41019,0,2022-11-17T01:05:41.514Z,29,99.0,29,100.0,6149,33745,65.34,4634,16628,32.2,6421,738,1.43,6422,532,1.03,52165,99,51643,87318,29,29
1669659661,2022-11-28 12:21:01 -0600,7e47f4a0b08a1ff4f79daa45cad9a4b5449e485f,OR,41019,2,2022-11-09T04:00:00.000Z,FIPSCode,41019,0,2022-11-17T01:05:41.514Z,29,99.0,29,100.0,6149,33745,65.34,4634,16628,32.2,6421,738,1.43,6422,532,1.03,52165,99,51643,87318,29,29
1669659707,2022-11-28 12:21:47 -0600,b699f79d368790da05b35cd9dd50006961d1b65c,OR,41019,2,2022-11-09T04:00:00.000Z,FIPSCode,41019,0,2022-11-17T01:05:41.514Z,29,99.0,29,100.0,6149,33745,65.34,4634,16628,32.2,6421,738,1.43,6422,532,1.03,52165,99,51643,87318,29,29
1669659889,2022-11-28 12:24:49 -0600,0d3bdfc4dab2b46c316cc4beee5af110a94911e3,OR,41019,2,2022-11-09T04:00:00.000Z,FIPSCode,41019,0,2022-11-17T01:05:41.514Z,29,99.0,29,100.0,6149,33745,65.34,4634,16628,32.2,6421,738,1.43,6422,532,1.03,52165,99,51643,87318,29,29
1669660762,2022-11-28 12:39:22 -0600,566da8688668c932fcd9ae155ef789a1cb13c6da,OR,41019,2,2022-11-09T04:00:00.000Z,FIPSCode,41019,0,2022-11-17T01:05:41.514Z,29,99.0,29,100.0,6149,33745,65.34,4634,16628,32.2,6421,738,1.43,6422,532,1.03,52165,99,51643,87318,29,29
1669667071,2022-11-28 14:24:31 -0600,99f8becd70a811a9a6ce966d206775ef93e85a15,OR,41019,2,2022-11-09T04:00:00.000Z,FIPSCode,41019,0,2022-11-17T01:05:41.514Z,29,99.0,29,100.0,6149,33745,65.34,4634,16628,32.2,6421,738,1.43,6422,532,1.03,52165,99,51643,87318,29,29
1669667097,2022-11-28 14:24:57 -0600,5d2cf718aaa8ca3408979999eacb5a15fafc1ab3,OR,41019,2,2022-11-09T04:00:00.000Z,FIPSCode,41019,0,2022-11-17T01:05:41.514Z,29,99.0,29,100.0,6149,33745,65.34,4634,16628,32.2,6421,738,1.43,6422,532,1.03,52165,99,51643,87318,29,29
1669667108,2022-11-28 14:25:08 -0600,fd7156a1c4c7229b375586df76d81ec97d7188dc,OR,41019,2,2022-11-09T04:00:00.000Z,FIPSCode,41019,0,2022-11-17T01:05:41.514Z,29,99.0,29,100.0,6149,33745,65.34,4634,16628,32.2,6421,738,1.43,6422,532,1.03,52165,99,51643,87318,29,29
1669688184,2022-11-28 20:16:24 -0600,60d70b45caeac1a931297dd65a430a70d6eb5a19,OR,41019,2,2022-11-09T04:00:00.000Z,FIPSCode,41019,0,2022-11-17T01:05:41.514Z,29,99.0,29,100.0,6149,33745,65.34,4634,16628,32.2,6421,738,1.43,6422,532,1.03,52165,99,51643,87318,29,29
1669743217,2022-11-29 11:33:37 -0600,c6126fdcf738bffe1ab87a8882b1e339a7045ccc,OR,41019,2,2022-11-09T04:00:00.000Z,FIPSCode,41019,0,2022-11-17T01:05:41.514Z,29,99.0,29,100.0,6149,33745,65.34,4634,16628,32.2,6421,738,1.43,6422,532,1.03,52165,99,51643,87318,29,29
1669743240,2022-11-29 11:34:00 -0600,aff953bdd8fb7b0621646992d2076d7df979ccb3,OR,41019,2,2022-11-09T04:00:00.000Z,FIPSCode,41019,0,2022-11-17T01:05:41.514Z,29,99.0,29,100.0,6149,33745,65.34,4634,16628,32.2,6421,738,1.43,6422,532,1.03,52165,99,51643,87318,29,29
1669761799,2022-11-29 16:43:19 -0600,1c8934ea858d5166242928783f0e073d16d9c0c7,OR,41019,2,2022-11-09T04:00:00.000Z,FIPSCode,41019,0,2022-11-17T01:05:41.514Z,29,99.0,29,100.0,6149,33745,65.34,4634,16628,32.2,6421,738,1.43,6422,532,1.03,52165,99,51643,87318,29,29
1669765734,2022-11-29 17:48:54 -0600,78a577d095f7e9137a0fa4ba41a8f31c2eabdef0,OR,41019,2,2022-11-09T04:00:00.000Z,FIPSCode,41019,0,2022-11-17T01:05:41.514Z,29,99.0,29,100.0,6149,33745,65.34,4634,16628,32.2,6421,738,1.43,6422,532,1.03,52165,99,51643,87318,29,29
1669765783,2022-11-29 17:49:43 -0600,bc0f548a310d93fd1e178f0d3d6aaaac20f86ba5,OR,41019,2,2022-11-09T04:00:00.000Z,FIPSCode,41019,0,2022-11-17T01:05:41.514Z,29,99.0,29,100.0,6149,33745,65.34,4634,16628,32.2,6421,738,1.43,6422,532,1.03,52165,99,51643,87318,29,29
1669765852,2022-11-29 17:50:52 -0600,274fff41c3fada098cccde48f570125b00fe9b9e,OR,41019,2,2022-11-09T04:00:00.000Z,FIPSCode,41019,0,2022-11-17T01:05:41.514Z,29,99.0,29,100.0,6149,33745,65.34,4634,16628,32.2,6421,738,1.43,6422,532,1.03,52165,99,51643,87318,29,29
1669765906,2022-11-29 17:51:46 -0600,0b4488e7bae92b8b339850e30606d4ec7ecda05b,OR,41019,2,2022-11-09T04:00:00.000Z,FIPSCode,41019,0,2022-11-17T01:05:41.514Z,29,99.0,29,100.0,6149,33745,65.34,4634,16628,32.2,6421,738,1.43,6422,532,1.03,52165,99,51643,87318,29,29
1669767589,2022-11-29 18:19:49 -0600,975199703ab140642541937d00da3d4ca3c68ecd,OR,41019,2,2022-11-09T04:00:00.000Z,FIPSCode,41019,0,2022-11-17T01:05:41.514Z,29,99.0,29,100.0,6149,33745,65.34,4634,16628,32.2,6421,738,1.43,6422,532,1.03,52165,99,51643,87318,29,29
1669767653,2022-11-29 18:20:53 -0600,a8f8096ca465300f9df0a2809ec7a8edecb33751,OR,41019,2,2022-11-09T04:00:00.000Z,FIPSCode,41019,0,2022-11-17T01:05:41.514Z,29,99.0,29,100.0,6149,33745,65.34,4634,16628,32.2,6421,738,1.43,6422,532,1.03,52165,99,51643,87318,29,29
1669767717,2022-11-29 18:21:57 -0600,9927247bd46b836bef7844919efd46f60781d381,OR,41019,2,2022-11-09T04:00:00.000Z,FIPSCode,41019,0,2022-11-17T01:05:41.514Z,29,99.0,29,100.0,6149,33745,65.34,4634,16628,32.2,6421,738,1.43,6422,532,1.03,52165,99,51643,87318,29,29
1669783656,2022-11-29 22:47:36 -0600,9e18c38d8cbe596c89905370bbacc1bce87250cb,OR,41019,2,2022-11-09T04:00:00.000Z,FIPSCode,41019,0,2022-11-17T01:05:41.514Z,29,99.0,29,100.0,6149,33745,65.34,4634,16628,32.2,6421,738,1.43,6422,532,1.03,52165,99,51643,87318,29,29
1669855123,2022-11-30 18:38:43 -0600,143a4f9f44f82ea0ae869f8b291ddc2d6220dfe2,OR,41019,2,2022-11-09T04:00:00.000Z,FIPSCode,41019,0,2022-11-17T01:05:41.514Z,29,99.0,29,100.0,6149,33745,65.34,4634,16628,32.2,6421,738,1.43,6422,532,1.03,52165,99,51643,87318,29,29
1669855189,2022-11-30 18:39:49 -0600,63ae829fb1746889755978626fa42a3f6b47129f,OR,41019,2,2022-11-09T04:00:00.000Z,FIPSCode,41019,0,2022-11-17T01:05:41.514Z,29,99.0,29,100.0,6149,33745,65.34,4634,16628,32.2,6421,738,1.43,6422,532,1.03,52165,99,51643,87318,29,29
1669855217,2022-11-30 18:40:17 -0600,67b62266a184954548a9f25d6ddbe7976eefa833,OR,41019,2,2022-11-09T04:00:00.000Z,FIPSCode,41019,0,2022-11-17T01:05:41.514Z,29,99.0,29,100.0,6149,33745,65.34,4634,16628,32.2,6421,738,1.43,6422,532,1.03,52165,99,51643,87318,29,29
1669855251,2022-11-30 18:40:51 -0600,bb628ece26b8c860af48f1bb47d03321eeae9727,OR,41019,2,2022-11-09T04:00:00.000Z,FIPSCode,41019,0,2022-11-17T01:05:41.514Z,29,99.0,29,100.0,6149,33745,65.34,4634,16628,32.2,6421,738,1.43,6422,532,1.03,52165,99,51643,87318,29,29
1669855600,2022-11-30 18:46:40 -0600,01b017b4fd2785baee13ec531ad941481fb05be4,OR,41019,2,2022-11-09T04:00:00.000Z,FIPSCode,41019,0,2022-11-17T01:05:41.514Z,29,99.0,29,100.0,6149,33745,65.34,4634,16628,32.2,6421,738,1.43,6422,532,1.03,52165,99,51643,87318,29,29
1669855696,2022-11-30 18:48:16 -0600,f3e7d46e11a0574eeb59c7552a00d7cb2c2fc975,OR,41019,2,2022-11-09T04:00:00.000Z,FIPSCode,41019,0,2022-11-17T01:05:41.514Z,29,99.0,29,100.0,6149,33745,65.34,4634,16628,32.2,6421,738,1.43,6422,532,1.03,52165,99,51643,87318,29,29
1669857418,2022-11-30 19:16:58 -0600,0ad9fca05550ec4c22004dd8d2490817ededd8f0,OR,41019,2,2022-11-09T04:00:00.000Z,FIPSCode,41019,0,2022-11-17T01:05:41.514Z,29,99.0,29,100.0,6149,33745,65.34,4634,16628,32.2,6421,738,1.43,6422,532,1.03,52165,99,51643,87318,29,29
1669858403,2022-11-30 19:33:23 -0600,de8c753b986667667a787567b549a90e4900aae0,OR,41019,2,2022-11-09T04:00:00.000Z,FIPSCode,41019,0,2022-11-17T01:05:41.514Z,29,99.0,29,100.0,6149,33745,65.34,4634,16628,32.2,6421,738,1.43,6422,532,1.03,52165,99,51643,87318,29,29
1669859579,2022-11-30 19:52:59 -0600,1b7aa8ef21bdb58bf150cce0ae748adb1a9abfe2,OR,41019,2,2022-11-09T04:00:00.000Z,FIPSCode,41019,0,2022-11-17T01:05:41.514Z,29,99.0,29,100.0,6149,33745,65.34,4634,16628,32.2,6421,738,1.43,6422,532,1.03,52165,99,51643,87318,29,29
1669914172,2022-12-01 11:02:52 -0600,33668d33cd076eadeee01fc14c33ac6d8128b863,OR,41019,2,2022-11-09T04:00:00.000Z,FIPSCode,41019,0,2022-11-17T01:05:41.514Z,29,99.0,29,100.0,6149,33745,65.34,4634,16628,32.2,6421,738,1.43,6422,532,1.03,52165,99,51643,87318,29,29
1669924986,2022-12-01 14:03:06 -0600,52fe6a225925b8c9037f22bec95f10ffd7d10daa,OR,41019,2,2022-11-09T04:00:00.000Z,FIPSCode,41019,0,2022-12-01T20:02:46.246Z,29,99.0,29,100.0,6149,34523,65.42,4634,16935,32.09,6421,764,1.45,6422,549,1.04,52165,99,52771,87318,29,29
1669931284,2022-12-01 15:48:04 -0600,bd7cc41ed1c0b90716a03dc218f07511d49cea49,OR,41019,2,2022-11-09T04:00:00.000Z,FIPSCode,41019,0,2022-12-01T20:02:46.246Z,29,99.0,29,100.0,6149,34523,65.42,4634,16935,32.09,6421,764,1.45,6422,549,1.04,52165,99,52771,87318,29,29
1669931327,2022-12-01 15:48:47 -0600,df919c31d78e9b67a29fa7e3b25bcf7a43aab85a,OR,41019,2,2022-11-09T04:00:00.000Z,FIPSCode,41019,0,2022-12-01T20:02:46.246Z,29,99.0,29,100.0,6149,34523,65.42,4634,16935,32.09,6421,764,1.45,6422,549,1.04,52165,99,52771,87318,29,29
1669931391,2022-12-01 15:49:51 -0600,036f7c4714184e5c61b049b575b130482eb978f5,OR,41019,2,2022-11-09T04:00:00.000Z,FIPSCode,41019,0,2022-12-01T20:02:46.246Z,29,99.0,29,100.0,6149,34523,65.42,4634,16935,32.09,6421,764,1.45,6422,549,1.04,52165,99,52771,87318,29,29
1669931455,2022-12-01 15:50:55 -0600,3ac8fdab9bb5efc396b870f6fc89e2b189168b13,OR,41019,2,2022-11-09T04:00:00.000Z,FIPSCode,41019,0,2022-12-01T20:02:46.246Z,29,99.0,29,100.0,6149,34523,65.42,4634,16935,32.09,6421,764,1.45,6422,549,1.04,52165,99,52771,87318,29,29
1669955811,2022-12-01 22:36:51 -0600,c71483338ca6f82027e26ea41f5c75b473f9174b,OR,41019,2,2022-11-09T04:00:00.000Z,FIPSCode,41019,0,2022-12-01T20:02:46.246Z,29,99.0,29,100.0,6149,34523,65.42,4634,16935,32.09,6421,764,1.45,6422,549,1.04,52165,99,52771,87318,29,29
1669955876,2022-12-01 22:37:56 -0600,884914e731ce5bea72d8db1d70adf53bfac1e44a,OR,41019,2,2022-11-09T04:00:00.000Z,FIPSCode,41019,0,2022-12-01T20:02:46.246Z,29,99.0,29,100.0,6149,34523,65.42,4634,16935,32.09,6421,764,1.45,6422,549,1.04,52165,99,52771,87318,29,29
1669955929,2022-12-01 22:38:49 -0600,888593710bf624d248998c1e0e566d5b818f9fdd,OR,41019,2,2022-11-09T04:00:00.000Z,FIPSCode,41019,0,2022-12-01T20:02:46.246Z,29,99.0,29,100.0,6149,34523,65.42,4634,16935,32.09,6421,764,1.45,6422,549,1.04,52165,99,52771,87318,29,29
1670010227,2022-12-02 13:43:47 -0600,9861914b2a0dfe587aa85e23063486af41e1374a,OR,41019,2,2022-11-09T04:00:00.000Z,FIPSCode,41019,0,2022-12-01T20:02:46.246Z,29,99.0,29,100.0,6149,34523,65.42,4634,16935,32.09,6421,764,1.45,6422,549,1.04,52165,99,52771,87318,29,29
1670023103,2022-12-02 17:18:23 -0600,c91f6e6b732ea2d739cb7773b2523816e9933a39,OR,41019,2,2022-11-09T04:00:00.000Z,FIPSCode,41019,0,2022-12-01T20:02:46.246Z,29,99.0,29,100.0,6149,34523,65.42,4634,16935,32.09,6421,764,1.45,6422,549,1.04,52165,99,52771,87318,29,29
1670262093,2022-12-05 11:41:33 -0600,97e59798c96ce8791e00efdad307e2c178a4098f,OR,41019,2,2022-11-09T04:00:00.000Z,FIPSCode,41019,0,2022-12-01T20:02:46.246Z,29,99.0,29,100.0,6149,34523,65.42,4634,16935,32.09,6421,764,1.45,6422,549,1.04,52165,99,52771,87318,29,29
1670266833,2022-12-05 13:00:33 -0600,af8902ef1a22f2aec3af86cd4d71b3922b1bd301,OR,41019,2,2022-11-09T04:00:00.000Z,FIPSCode,41019,0,2022-12-05T18:59:53.813Z,29,99.0,29,100.0,6149,34523,65.42,4634,16935,32.09,6421,764,1.45,6422,549,1.04,53304,99,52771,87318,29,29
1670266870,2022-12-05 13:01:10 -0600,df0086b7f1b07b622ce10f7799de30959864948d,OR,41019,2,2022-11-09T04:00:00.000Z,FIPSCode,41019,0,2022-12-05T18:59:53.813Z,29,99.0,29,100.0,6149,34523,65.42,4634,16935,32.09,6421,764,1.45,6422,549,1.04,53304,99,52771,87318,29,29
1670354502,2022-12-06 13:21:42 -0600,2a982fe529eda4e172e9bfda7cc49b892ae00ced,OR,41019,2,2022-11-09T04:00:00.000Z,FIPSCode,41019,0,2022-12-05T18:59:53.813Z,29,99.0,29,100.0,6149,34523,65.42,4634,16935,32.09,6421,764,1.45,6422,549,1.04,53304,99,52771,87318,29,29
