captureTimestamp,captureDateTime,captureRevision,statePostal,reportingunitID,reportingunitLevel,pollClosingTime,level,fipsCode,electTotal,lastUpdated,precinctsReporting,eevp,precinctsTotal,precinctsReportingPct,candidates.0.candidateID,candidates.0.voteCount,candidates.0.votePct,candidates.1.candidateID,candidates.1.voteCount,candidates.1.votePct,candidates.2.candidateID,candidates.2.voteCount,candidates.2.votePct,parameters.vote.expected.actual,parameters.vote.expected.eevpCap,parameters.vote.total,parameters.vote.registered,parameters.precinctsReportingActual,parameters.precinctsReportingProportional
1667886761,2022-11-08 05:52:41 +0000,454ce019f86614717daba988180b8577e032630f,AZ,4023,2,2022-11-09T02:00:00.000Z,FIPSCode,04023,0,2022-11-07T20:24:46.597Z,0,0.0,24,0.0,10801,0,0.0,10393,0,0.0,10521,0,0.0,15556,99,0,31793,0,0
1667944347,2022-11-08 21:52:27 +0000,05a3e91e497cb8d3251b3f2f481fd479b6ed8cc7,AZ,4023,2,2022-11-09T02:00:00.000Z,FIPSCode,04023,0,2022-11-08T18:15:56.953Z,0,0.0,24,0.0,10801,0,0.0,10393,0,0.0,10521,0,0.0,15556,99,0,31793,0,0
1667963396,2022-11-09 03:09:56 +0000,6a46c0776c43a17d759f81499ba9ed2e8d7622fc,AZ,4023,2,2022-11-09T02:00:00.000Z,FIPSCode,04023,0,2022-11-09T03:00:29.283Z,0,0.0,24,0.0,10801,0,0.0,10393,0,0.0,10521,0,0.0,15556,99,0,31793,0,0
1667963668,2022-11-09 03:14:28 +0000,504ec01bb7ea4ec861b67f44aa636e0055b5ba3d,AZ,4023,2,2022-11-09T02:00:00.000Z,FIPSCode,04023,0,2022-11-09T03:00:29.283Z,0,0.0,24,0.0,10801,0,0.0,10393,0,0.0,10521,0,0.0,15556,99,0,31793,0,0
1667964227,2022-11-09 03:23:47 +0000,1cb90b95cdd6c1be23968f2b7d9618a95c5a5ad9,AZ,4023,2,2022-11-09T02:00:00.000Z,FIPSCode,04023,0,2022-11-09T03:00:29.283Z,0,0.0,24,0.0,10801,0,0.0,10393,0,0.0,10521,0,0.0,15556,99,0,31793,0,0
1667964559,2022-11-09 03:29:19 +0000,9953e63a0357b9189618b1f7ef238581cfdffcbb,AZ,4023,2,2022-11-09T02:00:00.000Z,FIPSCode,04023,0,2022-11-09T03:00:29.283Z,0,0.0,24,0.0,10801,0,0.0,10393,0,0.0,10521,0,0.0,15556,99,0,31793,0,0
1667965148,2022-11-09 03:39:08 +0000,6fdfe90630de6ba7d3077daaa37563b39e419cfc,AZ,4023,2,2022-11-09T02:00:00.000Z,FIPSCode,04023,0,2022-11-09T03:00:29.283Z,0,0.0,24,0.0,10801,0,0.0,10393,0,0.0,10521,0,0.0,15556,99,0,31793,0,0
1667965711,2022-11-09 03:48:31 +0000,3f97935f76145660588ec69d4480a824e21e2bd4,AZ,4023,2,2022-11-09T02:00:00.000Z,FIPSCode,04023,0,2022-11-09T03:34:43.962Z,0,49.41,24,0.0,10393,5831,75.87,10521,1670,21.73,10801,185,2.41,15556,99,7686,31793,0,12
1667966001,2022-11-09 03:53:21 +0000,cee0a612753351ddb30fde2a157613da20f2be01,AZ,4023,2,2022-11-09T02:00:00.000Z,FIPSCode,04023,0,2022-11-09T03:34:43.962Z,0,49.41,24,0.0,10393,5831,75.87,10521,1670,21.73,10801,185,2.41,15556,99,7686,31793,0,12
1667966989,2022-11-09 04:09:49 +0000,47c6fd3e525919b429e23d0446afd1809e9c353c,AZ,4023,2,2022-11-09T02:00:00.000Z,FIPSCode,04023,0,2022-11-09T03:34:43.962Z,0,49.41,24,0.0,10393,5831,75.87,10521,1670,21.73,10801,185,2.41,15556,99,7686,31793,0,12
1667967269,2022-11-09 04:14:29 +0000,68d92bf23b94b96637a56b0d567d37a581d41ead,AZ,4023,2,2022-11-09T02:00:00.000Z,FIPSCode,04023,0,2022-11-09T03:34:43.962Z,0,49.41,24,0.0,10393,5831,75.87,10521,1670,21.73,10801,185,2.41,15556,99,7686,31793,0,12
1667967540,2022-11-08 22:19:00 -0600,673632f1537c7c9f2368084b99ec47b67621c41e,AZ,4023,2,2022-11-09T02:00:00.000Z,FIPSCode,04023,0,2022-11-09T03:34:43.962Z,0,49.41,24,0.0,10393,5831,75.87,10521,1670,21.73,10801,185,2.41,15556,99,7686,31793,0,12
1667968047,2022-11-08 22:27:27 -0600,3febed665f84b6f0a9717d87750ee8049f50fab6,AZ,4023,2,2022-11-09T02:00:00.000Z,FIPSCode,04023,0,2022-11-09T03:34:43.962Z,0,49.41,24,0.0,10393,5831,75.87,10521,1670,21.73,10801,185,2.41,15556,99,7686,31793,0,12
1667968138,2022-11-08 22:28:58 -0600,78be3d1941803188124b187362be51adf1e8fdfb,AZ,4023,2,2022-11-09T02:00:00.000Z,FIPSCode,04023,0,2022-11-09T03:34:43.962Z,0,49.41,24,0.0,10393,5831,75.87,10521,1670,21.73,10801,185,2.41,15556,99,7686,31793,0,12
1667968272,2022-11-08 22:31:12 -0600,97ef6c54bfa1c7ef6beea70c87aafe0c54251ad8,AZ,4023,2,2022-11-09T02:00:00.000Z,FIPSCode,04023,0,2022-11-09T03:34:43.962Z,0,49.41,24,0.0,10393,5831,75.87,10521,1670,21.73,10801,185,2.41,15556,99,7686,31793,0,12
1667968406,2022-11-08 22:33:26 -0600,9894c9990b429281fa1911dc561355d202f43cc4,AZ,4023,2,2022-11-09T02:00:00.000Z,FIPSCode,04023,0,2022-11-09T03:34:43.962Z,0,49.41,24,0.0,10393,5831,75.87,10521,1670,21.73,10801,185,2.41,15556,99,7686,31793,0,12
1667968494,2022-11-08 22:34:54 -0600,cfbd241bb06919184c9a5ad42a24eb60bc59879a,AZ,4023,2,2022-11-09T02:00:00.000Z,FIPSCode,04023,0,2022-11-09T03:34:43.962Z,0,49.41,24,0.0,10393,5831,75.87,10521,1670,21.73,10801,185,2.41,15556,99,7686,31793,0,12
1667968798,2022-11-08 22:39:58 -0600,a5f602864fc4763e8a6bc6f82d3436a01320e3bc,AZ,4023,2,2022-11-09T02:00:00.000Z,FIPSCode,04023,0,2022-11-09T03:34:43.962Z,0,49.41,24,0.0,10393,5831,75.87,10521,1670,21.73,10801,185,2.41,15556,99,7686,31793,0,12
1667969463,2022-11-08 22:51:03 -0600,33a57724ad86936b636ee9df9a6a905b84cec6b3,AZ,4023,2,2022-11-09T02:00:00.000Z,FIPSCode,04023,0,2022-11-09T03:34:43.962Z,0,49.41,24,0.0,10393,5831,75.87,10521,1670,21.73,10801,185,2.41,15556,99,7686,31793,0,12
1667969505,2022-11-08 22:51:45 -0600,ffc1def8f9e2bf7a494bb8b128a38f199b58da48,AZ,4023,2,2022-11-09T02:00:00.000Z,FIPSCode,04023,0,2022-11-09T03:34:43.962Z,0,49.41,24,0.0,10393,5831,75.87,10521,1670,21.73,10801,185,2.41,15556,99,7686,31793,0,12
1667969810,2022-11-08 22:56:50 -0600,b4af1c5ed222b2aca51b198a04f7adfc76d9c4e9,AZ,4023,2,2022-11-09T02:00:00.000Z,FIPSCode,04023,0,2022-11-09T03:34:43.962Z,0,49.41,24,0.0,10393,5831,75.87,10521,1670,21.73,10801,185,2.41,15556,99,7686,31793,0,12
1667969942,2022-11-08 22:59:02 -0600,302c96144aa0d22b0603db04cac0928c1e8a79f9,AZ,4023,2,2022-11-09T02:00:00.000Z,FIPSCode,04023,0,2022-11-09T03:34:43.962Z,0,49.41,24,0.0,10393,5831,75.87,10521,1670,21.73,10801,185,2.41,15556,99,7686,31793,0,12
1667970594,2022-11-08 23:09:54 -0600,d4f30f0656d3b91d4423d751f85b9496715af7d9,AZ,4023,2,2022-11-09T02:00:00.000Z,FIPSCode,04023,0,2022-11-09T03:34:43.962Z,0,49.41,24,0.0,10393,5831,75.87,10521,1670,21.73,10801,185,2.41,15556,99,7686,31793,0,12
1667971032,2022-11-08 23:17:12 -0600,84fafb476f7846131500489058ff24997434ed54,AZ,4023,2,2022-11-09T02:00:00.000Z,FIPSCode,04023,0,2022-11-09T03:34:43.962Z,0,49.41,24,0.0,10393,5831,75.87,10521,1670,21.73,10801,185,2.41,15556,99,7686,31793,0,12
1667971169,2022-11-08 23:19:29 -0600,a70df26f7f471d11543c24ba2a2ee8ee294f6f1b,AZ,4023,2,2022-11-09T02:00:00.000Z,FIPSCode,04023,0,2022-11-09T03:34:43.962Z,0,49.41,24,0.0,10393,5831,75.87,10521,1670,21.73,10801,185,2.41,15556,99,7686,31793,0,12
1667971614,2022-11-08 23:26:54 -0600,3e2db293b352d34f57f22cada11d4f92f345178d,AZ,4023,2,2022-11-09T02:00:00.000Z,FIPSCode,04023,0,2022-11-09T03:34:43.962Z,0,49.41,24,0.0,10393,5831,75.87,10521,1670,21.73,10801,185,2.41,15556,99,7686,31793,0,12
1667971657,2022-11-08 23:27:37 -0600,d29b633bc901fb24234e16251a717d43d2b1d6c1,AZ,4023,2,2022-11-09T02:00:00.000Z,FIPSCode,04023,0,2022-11-09T03:34:43.962Z,0,49.41,24,0.0,10393,5831,75.87,10521,1670,21.73,10801,185,2.41,15556,99,7686,31793,0,12
1667972364,2022-11-08 23:39:24 -0600,bfe9cb466aa6b65574c16effa903cd993efd4fe0,AZ,4023,2,2022-11-09T02:00:00.000Z,FIPSCode,04023,0,2022-11-09T03:34:43.962Z,0,49.41,24,0.0,10393,5831,75.87,10521,1670,21.73,10801,185,2.41,15556,99,7686,31793,0,12
1667972473,2022-11-08 23:41:13 -0600,a29b2b07dc776af5545ee4ec64ead9d5ba96e873,AZ,4023,2,2022-11-09T02:00:00.000Z,FIPSCode,04023,0,2022-11-09T03:34:43.962Z,0,49.41,24,0.0,10393,5831,75.87,10521,1670,21.73,10801,185,2.41,15556,99,7686,31793,0,12
1667972585,2022-11-08 23:43:05 -0600,801d3f687be77bd20982c8b22a575eda658a7594,AZ,4023,2,2022-11-09T02:00:00.000Z,FIPSCode,04023,0,2022-11-09T03:34:43.962Z,0,49.41,24,0.0,10393,5831,75.87,10521,1670,21.73,10801,185,2.41,15556,99,7686,31793,0,12
1667972810,2022-11-08 23:46:50 -0600,aa61daf8417c040e13c56de238053c966d7a0302,AZ,4023,2,2022-11-09T02:00:00.000Z,FIPSCode,04023,0,2022-11-09T03:34:43.962Z,0,49.41,24,0.0,10393,5831,75.87,10521,1670,21.73,10801,185,2.41,15556,99,7686,31793,0,12
1667972854,2022-11-08 23:47:34 -0600,4c493d7ad5df619297ee4ec86e6725cbd0fcac02,AZ,4023,2,2022-11-09T02:00:00.000Z,FIPSCode,04023,0,2022-11-09T03:34:43.962Z,0,49.41,24,0.0,10393,5831,75.87,10521,1670,21.73,10801,185,2.41,15556,99,7686,31793,0,12
1667972986,2022-11-08 23:49:46 -0600,8b5a6bad408154143d5639ac38f52891382240a4,AZ,4023,2,2022-11-09T02:00:00.000Z,FIPSCode,04023,0,2022-11-09T03:34:43.962Z,0,49.41,24,0.0,10393,5831,75.87,10521,1670,21.73,10801,185,2.41,15556,99,7686,31793,0,12
1667973115,2022-11-08 23:51:55 -0600,76528750fef7c265d19f91ec30e86804e3da6e06,AZ,4023,2,2022-11-09T02:00:00.000Z,FIPSCode,04023,0,2022-11-09T03:34:43.962Z,0,49.41,24,0.0,10393,5831,75.87,10521,1670,21.73,10801,185,2.41,15556,99,7686,31793,0,12
1667973379,2022-11-08 23:56:19 -0600,ed82c57e44d916231a228645db25042e154a7fb4,AZ,4023,2,2022-11-09T02:00:00.000Z,FIPSCode,04023,0,2022-11-09T03:34:43.962Z,0,49.41,24,0.0,10393,5831,75.87,10521,1670,21.73,10801,185,2.41,15556,99,7686,31793,0,12
1667974006,2022-11-09 00:06:46 -0600,c8cae7bec2b0c7f4ed9e9ca6a473abc069a1d034,AZ,4023,2,2022-11-09T02:00:00.000Z,FIPSCode,04023,0,2022-11-09T03:34:43.962Z,0,49.41,24,0.0,10393,5831,75.87,10521,1670,21.73,10801,185,2.41,15556,99,7686,31793,0,12
1667974313,2022-11-09 00:11:53 -0600,6b3b0bacc6c41a15c188eab11ce932a1d154d208,AZ,4023,2,2022-11-09T02:00:00.000Z,FIPSCode,04023,0,2022-11-09T03:34:43.962Z,0,49.41,24,0.0,10393,5831,75.87,10521,1670,21.73,10801,185,2.41,15556,99,7686,31793,0,12
1667974664,2022-11-09 00:17:44 -0600,d987a91643923201706646f74ed6cc4da6a088a6,AZ,4023,2,2022-11-09T02:00:00.000Z,FIPSCode,04023,0,2022-11-09T03:34:43.962Z,0,49.41,24,0.0,10393,5831,75.87,10521,1670,21.73,10801,185,2.41,15556,99,7686,31793,0,12
1667975032,2022-11-09 00:23:52 -0600,2b4eef55da041b24d8b907ba1775c35ebda992e0,AZ,4023,2,2022-11-09T02:00:00.000Z,FIPSCode,04023,0,2022-11-09T03:34:43.962Z,0,49.41,24,0.0,10393,5831,75.87,10521,1670,21.73,10801,185,2.41,15556,99,7686,31793,0,12
1667975154,2022-11-09 00:25:54 -0600,e385cf3ed45230deb4315fbba874f4f4144f56b6,AZ,4023,2,2022-11-09T02:00:00.000Z,FIPSCode,04023,0,2022-11-09T03:34:43.962Z,0,49.41,24,0.0,10393,5831,75.87,10521,1670,21.73,10801,185,2.41,15556,99,7686,31793,0,12
1667975361,2022-11-09 00:29:21 -0600,d37d846c431e83eb6217de33215cf28365760117,AZ,4023,2,2022-11-09T02:00:00.000Z,FIPSCode,04023,0,2022-11-09T03:34:43.962Z,0,49.41,24,0.0,10393,5831,75.87,10521,1670,21.73,10801,185,2.41,15556,99,7686,31793,0,12
1667975484,2022-11-09 00:31:24 -0600,81d3631081e4e7b24b990567f86cc67079a95e6c,AZ,4023,2,2022-11-09T02:00:00.000Z,FIPSCode,04023,0,2022-11-09T03:34:43.962Z,0,49.41,24,0.0,10393,5831,75.87,10521,1670,21.73,10801,185,2.41,15556,99,7686,31793,0,12
1667975568,2022-11-09 00:32:48 -0600,0b16058e032a73c78e2e4b787403862608e151dd,AZ,4023,2,2022-11-09T02:00:00.000Z,FIPSCode,04023,0,2022-11-09T03:34:43.962Z,0,49.41,24,0.0,10393,5831,75.87,10521,1670,21.73,10801,185,2.41,15556,99,7686,31793,0,12
1667976061,2022-11-09 00:41:01 -0600,2426095677e6aeddf8c3a2913a97b500b67dca61,AZ,4023,2,2022-11-09T02:00:00.000Z,FIPSCode,04023,0,2022-11-09T03:34:43.962Z,0,49.41,24,0.0,10393,5831,75.87,10521,1670,21.73,10801,185,2.41,15556,99,7686,31793,0,12
1667976103,2022-11-09 00:41:43 -0600,5c2c6a219a6e0642a5f516a1c66f722f5c42d6c0,AZ,4023,2,2022-11-09T02:00:00.000Z,FIPSCode,04023,0,2022-11-09T03:34:43.962Z,0,49.41,24,0.0,10393,5831,75.87,10521,1670,21.73,10801,185,2.41,15556,99,7686,31793,0,12
1667976144,2022-11-09 00:42:24 -0600,9ba67be41054bbe85d475769a3f52b32f07bb1ad,AZ,4023,2,2022-11-09T02:00:00.000Z,FIPSCode,04023,0,2022-11-09T03:34:43.962Z,0,49.41,24,0.0,10393,5831,75.87,10521,1670,21.73,10801,185,2.41,15556,99,7686,31793,0,12
1667976671,2022-11-09 00:51:11 -0600,ea959052a4daa986b427aee926dc66fbdb41fd60,AZ,4023,2,2022-11-09T02:00:00.000Z,FIPSCode,04023,0,2022-11-09T03:34:43.962Z,0,49.41,24,0.0,10393,5831,75.87,10521,1670,21.73,10801,185,2.41,15556,99,7686,31793,0,12
1667977490,2022-11-09 01:04:50 -0600,73af89bd198396be18bf17786481f7c1aff2cd2b,AZ,4023,2,2022-11-09T02:00:00.000Z,FIPSCode,04023,0,2022-11-09T03:34:43.962Z,0,49.41,24,0.0,10393,5831,75.87,10521,1670,21.73,10801,185,2.41,15556,99,7686,31793,0,12
1667977730,2022-11-09 01:08:50 -0600,eb7c135f53880b948a2c1d8d800428a5719cefdc,AZ,4023,2,2022-11-09T02:00:00.000Z,FIPSCode,04023,0,2022-11-09T03:34:43.962Z,0,49.41,24,0.0,10393,5831,75.87,10521,1670,21.73,10801,185,2.41,15556,99,7686,31793,0,12
1667977812,2022-11-09 01:10:12 -0600,f6003f8f022049fc0501c9f6d634893d3cdbfc16,AZ,4023,2,2022-11-09T02:00:00.000Z,FIPSCode,04023,0,2022-11-09T03:34:43.962Z,0,49.41,24,0.0,10393,5831,75.87,10521,1670,21.73,10801,185,2.41,15556,99,7686,31793,0,12
1667977935,2022-11-09 01:12:15 -0600,feb40c975705809cd00ffdf92140d1a7aba09790,AZ,4023,2,2022-11-09T02:00:00.000Z,FIPSCode,04023,0,2022-11-09T03:34:43.962Z,0,49.41,24,0.0,10393,5831,75.87,10521,1670,21.73,10801,185,2.41,15556,99,7686,31793,0,12
1667978502,2022-11-09 01:21:42 -0600,3a9aa1fa129e28027260f73511b9ecad38e5231d,AZ,4023,2,2022-11-09T02:00:00.000Z,FIPSCode,04023,0,2022-11-09T03:34:43.962Z,0,49.41,24,0.0,10393,5831,75.87,10521,1670,21.73,10801,185,2.41,15556,99,7686,31793,0,12
1667978582,2022-11-09 01:23:02 -0600,6fbbff39de224458e6936cb861e2ada647e487bb,AZ,4023,2,2022-11-09T02:00:00.000Z,FIPSCode,04023,0,2022-11-09T03:34:43.962Z,0,49.41,24,0.0,10393,5831,75.87,10521,1670,21.73,10801,185,2.41,15556,99,7686,31793,0,12
1667978785,2022-11-09 01:26:25 -0600,af0eab9768fdd8200aa460357a21f2c42b46d660,AZ,4023,2,2022-11-09T02:00:00.000Z,FIPSCode,04023,0,2022-11-09T03:34:43.962Z,0,49.41,24,0.0,10393,5831,75.87,10521,1670,21.73,10801,185,2.41,15556,99,7686,31793,0,12
1667978987,2022-11-09 01:29:47 -0600,6fcf7a05ae4e9ea8d79e41c9b355c51adf37e425,AZ,4023,2,2022-11-09T02:00:00.000Z,FIPSCode,04023,0,2022-11-09T07:28:06.389Z,23,60.11,24,95.83,10393,6521,69.74,10521,2610,27.91,10801,220,2.35,15556,99,9351,31793,23,14
1667980397,2022-11-09 01:53:17 -0600,1b200414e74e74c077c598450c24c8df6fb7c5e4,AZ,4023,2,2022-11-09T02:00:00.000Z,FIPSCode,04023,0,2022-11-09T07:28:06.389Z,23,60.11,24,95.83,10393,6521,69.74,10521,2610,27.91,10801,220,2.35,15556,99,9351,31793,23,14
1667980840,2022-11-09 02:00:40 -0600,5418f1636d7484673d071c25f7efde6e91377caa,AZ,4023,2,2022-11-09T02:00:00.000Z,FIPSCode,04023,0,2022-11-09T07:59:41.185Z,24,63.67,24,100.0,10393,6834,69.0,10521,2840,28.67,10801,231,2.33,15556,99,9905,31793,24,15
1667981163,2022-11-09 02:06:03 -0600,c8b71ed8acd6f0c4e3f13e356ff35797eb1102f6,AZ,4023,2,2022-11-09T02:00:00.000Z,FIPSCode,04023,0,2022-11-09T07:59:41.185Z,24,63.67,24,100.0,10393,6834,69.0,10521,2840,28.67,10801,231,2.33,15556,99,9905,31793,24,15
1667981242,2022-11-09 02:07:22 -0600,cf751ccf5a467e68d03bb00a59a524242998a7c9,AZ,4023,2,2022-11-09T02:00:00.000Z,FIPSCode,04023,0,2022-11-09T07:59:41.185Z,24,63.67,24,100.0,10393,6834,69.0,10521,2840,28.67,10801,231,2.33,15556,99,9905,31793,24,15
1667982002,2022-11-09 02:20:02 -0600,55d43d6174b4d852acbda6bae98fc1f4f93cabfe,AZ,4023,2,2022-11-09T02:00:00.000Z,FIPSCode,04023,0,2022-11-09T07:59:41.185Z,24,63.67,24,100.0,10393,6834,69.0,10521,2840,28.67,10801,231,2.33,15556,99,9905,31793,24,15
1667982318,2022-11-09 02:25:18 -0600,d78896390711a8466dc4ef9e83dee06bc896d9df,AZ,4023,2,2022-11-09T02:00:00.000Z,FIPSCode,04023,0,2022-11-09T07:59:41.185Z,24,63.67,24,100.0,10393,6834,69.0,10521,2840,28.67,10801,231,2.33,15556,99,9905,31793,24,15
1667982636,2022-11-09 02:30:36 -0600,5acc7456ca91022c54c673fb8195b1dd05f915f9,AZ,4023,2,2022-11-09T02:00:00.000Z,FIPSCode,04023,0,2022-11-09T07:59:41.185Z,24,63.67,24,100.0,10393,6834,69.0,10521,2840,28.67,10801,231,2.33,15556,99,9905,31793,24,15
1667982794,2022-11-09 02:33:14 -0600,5fd5c7ba16ff99125ec4f08d3bb44215d222c35a,AZ,4023,2,2022-11-09T02:00:00.000Z,FIPSCode,04023,0,2022-11-09T07:59:41.185Z,24,63.67,24,100.0,10393,6834,69.0,10521,2840,28.67,10801,231,2.33,15556,99,9905,31793,24,15
1667983595,2022-11-09 02:46:35 -0600,2dd0aebbae72cb28f364a323cce9d6d3c29ae669,AZ,4023,2,2022-11-09T02:00:00.000Z,FIPSCode,04023,0,2022-11-09T07:59:41.185Z,24,63.67,24,100.0,10393,6834,69.0,10521,2840,28.67,10801,231,2.33,15556,99,9905,31793,24,15
1667984080,2022-11-09 02:54:40 -0600,64f6a7ce21c05e56c49189b02387a15c5c842df8,AZ,4023,2,2022-11-09T02:00:00.000Z,FIPSCode,04023,0,2022-11-09T07:59:41.185Z,24,63.67,24,100.0,10393,6834,69.0,10521,2840,28.67,10801,231,2.33,15556,99,9905,31793,24,15
1667984202,2022-11-09 02:56:42 -0600,2a3d229469fbf73bd09fff993afa4c97a371b1a0,AZ,4023,2,2022-11-09T02:00:00.000Z,FIPSCode,04023,0,2022-11-09T07:59:41.185Z,24,63.67,24,100.0,10393,6834,69.0,10521,2840,28.67,10801,231,2.33,15556,99,9905,31793,24,15
1667984283,2022-11-09 02:58:03 -0600,0170dd1ad3b2504037f68d6f19c85fd52c958ac5,AZ,4023,2,2022-11-09T02:00:00.000Z,FIPSCode,04023,0,2022-11-09T08:57:04.869Z,24,80.0,24,100.0,10393,6834,69.0,10521,2840,28.67,10801,231,2.33,12381,99,9905,31793,24,19
1667984643,2022-11-09 03:04:03 -0600,c379357a888a5ba9047063da02c1ed2809e3ab76,AZ,4023,2,2022-11-09T02:00:00.000Z,FIPSCode,04023,0,2022-11-09T08:57:04.869Z,24,80.0,24,100.0,10393,6834,69.0,10521,2840,28.67,10801,231,2.33,12381,99,9905,31793,24,19
1667985591,2022-11-09 03:19:51 -0600,483b045d8eb45553d1fc158eaa878605708e5845,AZ,4023,2,2022-11-09T02:00:00.000Z,FIPSCode,04023,0,2022-11-09T08:57:04.869Z,24,80.0,24,100.0,10393,6834,69.0,10521,2840,28.67,10801,231,2.33,12381,99,9905,31793,24,19
1667986470,2022-11-09 03:34:30 -0600,8252d82224313aea9a0d717a99f01f186da092f3,AZ,4023,2,2022-11-09T02:00:00.000Z,FIPSCode,04023,0,2022-11-09T08:57:04.869Z,24,80.0,24,100.0,10393,6834,69.0,10521,2840,28.67,10801,231,2.33,12381,99,9905,31793,24,19
1667986791,2022-11-09 03:39:51 -0600,9a50c153b47784532606d145b7458db430ba2b1b,AZ,4023,2,2022-11-09T02:00:00.000Z,FIPSCode,04023,0,2022-11-09T08:57:04.869Z,24,80.0,24,100.0,10393,6834,69.0,10521,2840,28.67,10801,231,2.33,12381,99,9905,31793,24,19
1667987239,2022-11-09 03:47:19 -0600,ea04b4cf4ec3ed63cf6d1c51c268e60bdfd448b5,AZ,4023,2,2022-11-09T02:00:00.000Z,FIPSCode,04023,0,2022-11-09T08:57:04.869Z,24,80.0,24,100.0,10393,6834,69.0,10521,2840,28.67,10801,231,2.33,12381,99,9905,31793,24,19
1667988006,2022-11-09 04:00:06 -0600,4a727edcdaed346df9a04de89a91559ac20cd2b0,AZ,4023,2,2022-11-09T02:00:00.000Z,FIPSCode,04023,0,2022-11-09T08:57:04.869Z,24,80.0,24,100.0,10393,6834,69.0,10521,2840,28.67,10801,231,2.33,12381,99,9905,31793,24,19
1667988603,2022-11-09 04:10:03 -0600,c57fd67b0b96993b9f7c98a49335fed712bca534,AZ,4023,2,2022-11-09T02:00:00.000Z,FIPSCode,04023,0,2022-11-09T08:57:04.869Z,24,80.0,24,100.0,10393,6834,69.0,10521,2840,28.67,10801,231,2.33,12381,99,9905,31793,24,19
1667989121,2022-11-09 04:18:41 -0600,c465f18bc76653d10d16bdf8263355edd2fe0344,AZ,4023,2,2022-11-09T02:00:00.000Z,FIPSCode,04023,0,2022-11-09T08:57:04.869Z,24,80.0,24,100.0,10393,6834,69.0,10521,2840,28.67,10801,231,2.33,12381,99,9905,31793,24,19
1667991206,2022-11-09 04:53:26 -0600,6cffc68bef231669149bccf87b74683f61f2d0fb,AZ,4023,2,2022-11-09T02:00:00.000Z,FIPSCode,04023,0,2022-11-09T08:57:04.869Z,24,80.0,24,100.0,10393,6834,69.0,10521,2840,28.67,10801,231,2.33,12381,99,9905,31793,24,19
1667993074,2022-11-09 05:24:34 -0600,5b70ba98b31836e42a8b6f8fd7c12910559a25bf,AZ,4023,2,2022-11-09T02:00:00.000Z,FIPSCode,04023,0,2022-11-09T08:57:04.869Z,24,80.0,24,100.0,10393,6834,69.0,10521,2840,28.67,10801,231,2.33,12381,99,9905,31793,24,19
1667994034,2022-11-09 05:40:34 -0600,fc5cd167d2620d4c06b3da55788a5f6d7ac38da2,AZ,4023,2,2022-11-09T02:00:00.000Z,FIPSCode,04023,0,2022-11-09T08:57:04.869Z,24,80.0,24,100.0,10393,6834,69.0,10521,2840,28.67,10801,231,2.33,12381,99,9905,31793,24,19
1667997074,2022-11-09 06:31:14 -0600,d7450659f6282292927dcf89f6969214e4e4936e,AZ,4023,2,2022-11-09T02:00:00.000Z,FIPSCode,04023,0,2022-11-09T08:57:04.869Z,24,80.0,24,100.0,10393,6834,69.0,10521,2840,28.67,10801,231,2.33,12381,99,9905,31793,24,19
1667997277,2022-11-09 06:34:37 -0600,f72ac4b6667ab414d059a70d7f9a1da37cdf1a5d,AZ,4023,2,2022-11-09T02:00:00.000Z,FIPSCode,04023,0,2022-11-09T08:57:04.869Z,24,80.0,24,100.0,10393,6834,69.0,10521,2840,28.67,10801,231,2.33,12381,99,9905,31793,24,19
1668003664,2022-11-09 08:21:04 -0600,039a76f2968c8f7d81c8712d5ed24043f5abfba9,AZ,4023,2,2022-11-09T02:00:00.000Z,FIPSCode,04023,0,2022-11-09T08:57:04.869Z,24,80.0,24,100.0,10393,6834,69.0,10521,2840,28.67,10801,231,2.33,12381,99,9905,31793,24,19
1668003744,2022-11-09 08:22:24 -0600,81457a14864f7e8d249d1f6be7b2b54fab9c3abb,AZ,4023,2,2022-11-09T02:00:00.000Z,FIPSCode,04023,0,2022-11-09T08:57:04.869Z,24,80.0,24,100.0,10393,6834,69.0,10521,2840,28.67,10801,231,2.33,12381,99,9905,31793,24,19
1668004146,2022-11-09 08:29:06 -0600,b9169ba7fa99c20656799825a0677eca3846acd6,AZ,4023,2,2022-11-09T02:00:00.000Z,FIPSCode,04023,0,2022-11-09T08:57:04.869Z,24,80.0,24,100.0,10393,6834,69.0,10521,2840,28.67,10801,231,2.33,12381,99,9905,31793,24,19
1668009138,2022-11-09 09:52:18 -0600,ed2b0bcf3f643ba99f29f2dae1192b8b01c130ef,AZ,4023,2,2022-11-09T02:00:00.000Z,FIPSCode,04023,0,2022-11-09T08:57:04.869Z,24,80.0,24,100.0,10393,6834,69.0,10521,2840,28.67,10801,231,2.33,12381,99,9905,31793,24,19
1668009262,2022-11-09 09:54:22 -0600,05b2df033de8074b9e224f40acbc04f63ff3f1d3,AZ,4023,2,2022-11-09T02:00:00.000Z,FIPSCode,04023,0,2022-11-09T08:57:04.869Z,24,80.0,24,100.0,10393,6834,69.0,10521,2840,28.67,10801,231,2.33,12381,99,9905,31793,24,19
1668011197,2022-11-09 10:26:37 -0600,1b554ea7bf9f739d7b56884f55a9c3e491413606,AZ,4023,2,2022-11-09T02:00:00.000Z,FIPSCode,04023,0,2022-11-09T08:57:04.869Z,24,80.0,24,100.0,10393,6834,69.0,10521,2840,28.67,10801,231,2.33,12381,99,9905,31793,24,19
1668024058,2022-11-09 14:00:58 -0600,c5dbf83d765406f6931c207ba25e85d46181f8e7,AZ,4023,2,2022-11-09T02:00:00.000Z,FIPSCode,04023,0,2022-11-09T19:59:43.419Z,24,87.33,24,100.0,10393,7372,68.18,10521,3185,29.46,10801,255,2.36,12381,99,10812,31793,24,21
1668031172,2022-11-09 15:59:32 -0600,40133ce46bad4f8752df1d8ea9a1ed02dea6933d,AZ,4023,2,2022-11-09T02:00:00.000Z,FIPSCode,04023,0,2022-11-09T19:59:43.419Z,24,87.33,24,100.0,10393,7372,68.18,10521,3185,29.46,10801,255,2.36,12381,99,10812,31793,24,21
1668032046,2022-11-09 16:14:06 -0600,ec9dcb518c9cfcc1c5103088ea21530d7e0bdfc6,AZ,4023,2,2022-11-09T02:00:00.000Z,FIPSCode,04023,0,2022-11-09T19:59:43.419Z,24,87.33,24,100.0,10393,7372,68.18,10521,3185,29.46,10801,255,2.36,12381,99,10812,31793,24,21
1668032711,2022-11-09 16:25:11 -0600,5a2a0895d13d39b6a5367f44e9bc3888219bb159,AZ,4023,2,2022-11-09T02:00:00.000Z,FIPSCode,04023,0,2022-11-09T19:59:43.419Z,24,87.33,24,100.0,10393,7372,68.18,10521,3185,29.46,10801,255,2.36,12381,99,10812,31793,24,21
1668033947,2022-11-09 16:45:47 -0600,267ac61a53e30c0698ad8ec63d2759d8fc28bee2,AZ,4023,2,2022-11-09T02:00:00.000Z,FIPSCode,04023,0,2022-11-09T19:59:43.419Z,24,87.33,24,100.0,10393,7372,68.18,10521,3185,29.46,10801,255,2.36,12381,99,10812,31793,24,21
1668033988,2022-11-09 16:46:28 -0600,47115298971d5b101350f130e572b0321626e937,AZ,4023,2,2022-11-09T02:00:00.000Z,FIPSCode,04023,0,2022-11-09T19:59:43.419Z,24,87.33,24,100.0,10393,7372,68.18,10521,3185,29.46,10801,255,2.36,12381,99,10812,31793,24,21
1668036648,2022-11-09 17:30:48 -0600,bde4430f1e07d132d44ec65af01e1deeb7f2c7cf,AZ,4023,2,2022-11-09T02:00:00.000Z,FIPSCode,04023,0,2022-11-09T19:59:43.419Z,24,87.33,24,100.0,10393,7372,68.18,10521,3185,29.46,10801,255,2.36,12381,99,10812,31793,24,21
1668039601,2022-11-09 18:20:01 -0600,7e65cd8737daf0be587b2b54fe1d0732f86b906f,AZ,4023,2,2022-11-09T02:00:00.000Z,FIPSCode,04023,0,2022-11-09T19:59:43.419Z,24,87.33,24,100.0,10393,7372,68.18,10521,3185,29.46,10801,255,2.36,12381,99,10812,31793,24,21
1668041262,2022-11-09 18:47:42 -0600,3a6fb21407434c4f1507af6523ed9d0b5915d572,AZ,4023,2,2022-11-09T02:00:00.000Z,FIPSCode,04023,0,2022-11-09T19:59:43.419Z,24,87.33,24,100.0,10393,7372,68.18,10521,3185,29.46,10801,255,2.36,12381,99,10812,31793,24,21
1668042677,2022-11-09 19:11:17 -0600,0b14c3d1c32073c33d0d7452ed0510a095a2ca13,AZ,4023,2,2022-11-09T02:00:00.000Z,FIPSCode,04023,0,2022-11-09T19:59:43.419Z,24,87.33,24,100.0,10393,7372,68.18,10521,3185,29.46,10801,255,2.36,12381,99,10812,31793,24,21
1668044525,2022-11-09 19:42:05 -0600,dbe363ed19d86e5b6fa45e1a75e9a231ab06d3da,AZ,4023,2,2022-11-09T02:00:00.000Z,FIPSCode,04023,0,2022-11-09T19:59:43.419Z,24,87.33,24,100.0,10393,7372,68.18,10521,3185,29.46,10801,255,2.36,12381,99,10812,31793,24,21
1668045070,2022-11-09 19:51:10 -0600,7ef78fa0bbead8f53016dfec28f716add8ee64a1,AZ,4023,2,2022-11-09T02:00:00.000Z,FIPSCode,04023,0,2022-11-09T19:59:43.419Z,24,87.33,24,100.0,10393,7372,68.18,10521,3185,29.46,10801,255,2.36,12381,99,10812,31793,24,21
1668046700,2022-11-09 20:18:20 -0600,9183598b5bf342918e51ea320caf6e5305c2af72,AZ,4023,2,2022-11-09T02:00:00.000Z,FIPSCode,04023,0,2022-11-09T19:59:43.419Z,24,87.33,24,100.0,10393,7372,68.18,10521,3185,29.46,10801,255,2.36,12381,99,10812,31793,24,21
1668110371,2022-11-10 13:59:31 -0600,4194e7769636e591118812828fa610e9dd1adfd0,AZ,4023,2,2022-11-09T02:00:00.000Z,FIPSCode,04023,0,2022-11-09T19:59:43.419Z,24,87.33,24,100.0,10393,7372,68.18,10521,3185,29.46,10801,255,2.36,12381,99,10812,31793,24,21
1668111772,2022-11-10 14:22:52 -0600,997ef001e053942c95f23b5ceb73f497bc0914cf,AZ,4023,2,2022-11-09T02:00:00.000Z,FIPSCode,04023,0,2022-11-09T19:59:43.419Z,24,87.33,24,100.0,10393,7372,68.18,10521,3185,29.46,10801,255,2.36,12381,99,10812,31793,24,21
1668112819,2022-11-10 14:40:19 -0600,4d5b1b356c721daef2d9b9d370e27665cd6854c7,AZ,4023,2,2022-11-09T02:00:00.000Z,FIPSCode,04023,0,2022-11-09T19:59:43.419Z,24,87.33,24,100.0,10393,7372,68.18,10521,3185,29.46,10801,255,2.36,12381,99,10812,31793,24,21
1668113909,2022-11-10 14:58:29 -0600,390e5f89ae448b2cbe422cf09f60135a85086de3,AZ,4023,2,2022-11-09T02:00:00.000Z,FIPSCode,04023,0,2022-11-09T19:59:43.419Z,24,87.33,24,100.0,10393,7372,68.18,10521,3185,29.46,10801,255,2.36,12381,99,10812,31793,24,21
1668114705,2022-11-10 15:11:45 -0600,acf1628d3239515507bda9ef9c17291f127ffdc9,AZ,4023,2,2022-11-09T02:00:00.000Z,FIPSCode,04023,0,2022-11-09T19:59:43.419Z,24,87.33,24,100.0,10393,7372,68.18,10521,3185,29.46,10801,255,2.36,12381,99,10812,31793,24,21
1668124733,2022-11-10 17:58:53 -0600,6a38e671ba18648eeb8b24188472c991929d2c23,AZ,4023,2,2022-11-09T02:00:00.000Z,FIPSCode,04023,0,2022-11-09T19:59:43.419Z,24,87.33,24,100.0,10393,7372,68.18,10521,3185,29.46,10801,255,2.36,12381,99,10812,31793,24,21
1668124902,2022-11-10 18:01:42 -0600,cd9cf8334d498df528100178658a6c7eec9ddfbd,AZ,4023,2,2022-11-09T02:00:00.000Z,FIPSCode,04023,0,2022-11-09T19:59:43.419Z,24,87.33,24,100.0,10393,7372,68.18,10521,3185,29.46,10801,255,2.36,12381,99,10812,31793,24,21
1668127675,2022-11-10 18:47:55 -0600,997a73dcead84928cf85d41a70b1ec02563eb188,AZ,4023,2,2022-11-09T02:00:00.000Z,FIPSCode,04023,0,2022-11-09T19:59:43.419Z,24,87.33,24,100.0,10393,7372,68.18,10521,3185,29.46,10801,255,2.36,12381,99,10812,31793,24,21
1668128594,2022-11-10 19:03:14 -0600,67b18e047b4c1078a21a9261ce478bbbf1d914f8,AZ,4023,2,2022-11-09T02:00:00.000Z,FIPSCode,04023,0,2022-11-11T01:01:53.586Z,24,98.93,24,100.0,10393,8420,68.75,10521,3533,28.85,10801,295,2.41,12381,99,12248,31793,24,24
1668128847,2022-11-10 19:07:27 -0600,f57eeb279c31740e18a85136f928ccd7557c4c1c,AZ,4023,2,2022-11-09T02:00:00.000Z,FIPSCode,04023,0,2022-11-11T01:01:53.586Z,24,98.93,24,100.0,10393,8420,68.75,10521,3533,28.85,10801,295,2.41,12381,99,12248,31793,24,24
1668132352,2022-11-10 20:05:52 -0600,3394fe45fae52c158ad0ced733a3a5d2204a1279,AZ,4023,2,2022-11-09T02:00:00.000Z,FIPSCode,04023,0,2022-11-11T01:09:47.899Z,24,95.0,24,100.0,10393,8420,68.75,10521,3533,28.85,10801,295,2.41,12893,99,12248,31793,24,23
1668134700,2022-11-10 20:45:00 -0600,257c0acc9e40e671e403feced1dea6ce310250a3,AZ,4023,2,2022-11-09T02:00:00.000Z,FIPSCode,04023,0,2022-11-11T01:09:47.899Z,24,95.0,24,100.0,10393,8420,68.75,10521,3533,28.85,10801,295,2.41,12893,99,12248,31793,24,23
1668134829,2022-11-10 20:47:09 -0600,124aae7a51f8b24b01d2e2198668f4951279f827,AZ,4023,2,2022-11-09T02:00:00.000Z,FIPSCode,04023,0,2022-11-11T01:09:47.899Z,24,95.0,24,100.0,10393,8420,68.75,10521,3533,28.85,10801,295,2.41,12893,99,12248,31793,24,23
1668135809,2022-11-10 21:03:29 -0600,78a47f079f7d5745a3642977458421f6d9034fc2,AZ,4023,2,2022-11-09T02:00:00.000Z,FIPSCode,04023,0,2022-11-11T01:09:47.899Z,24,95.0,24,100.0,10393,8420,68.75,10521,3533,28.85,10801,295,2.41,12893,99,12248,31793,24,23
1668138408,2022-11-10 21:46:48 -0600,f63f2396f29627b6b61479c2a6387c0af5a7c3d1,AZ,4023,2,2022-11-09T02:00:00.000Z,FIPSCode,04023,0,2022-11-11T01:09:47.899Z,24,95.0,24,100.0,10393,8420,68.75,10521,3533,28.85,10801,295,2.41,12893,99,12248,31793,24,23
1668140575,2022-11-10 22:22:55 -0600,8b67bca043da8e818fc9a24ca77732903c85f714,AZ,4023,2,2022-11-09T02:00:00.000Z,FIPSCode,04023,0,2022-11-11T04:21:23.425Z,24,99.0,24,100.0,10393,8879,68.13,10521,3849,29.53,10801,304,2.33,12893,99,13032,31793,24,24
1668142539,2022-11-10 22:55:39 -0600,6fbc1d3ef8d1b055d9e186a1336f849825c2518a,AZ,4023,2,2022-11-09T02:00:00.000Z,FIPSCode,04023,0,2022-11-11T04:40:34.260Z,24,99.0,24,100.0,10393,8879,68.13,10521,3849,29.53,10801,304,2.33,13164,99,13032,31793,24,24
1668184835,2022-11-11 10:40:35 -0600,4ec3803a8a9092fff3fa7173170f660c803cff43,AZ,4023,2,2022-11-09T02:00:00.000Z,FIPSCode,04023,0,2022-11-11T04:40:34.260Z,24,99.0,24,100.0,10393,8879,68.13,10521,3849,29.53,10801,304,2.33,13164,99,13032,31793,24,24
1668194242,2022-11-11 13:17:22 -0600,0e8d4bb93c82c6ed7218950d09b52d5bec85cd51,AZ,4023,2,2022-11-09T02:00:00.000Z,FIPSCode,04023,0,2022-11-11T17:06:38.674Z,24,99.0,24,100.0,10393,8879,68.13,10521,3849,29.53,10801,304,2.33,13164,99,13032,31793,24,24
1668194990,2022-11-11 13:29:50 -0600,9392efc09bd1771cfe5242d377a6515a72a69c4d,AZ,4023,2,2022-11-09T02:00:00.000Z,FIPSCode,04023,0,2022-11-11T17:06:38.674Z,24,99.0,24,100.0,10393,8879,68.13,10521,3849,29.53,10801,304,2.33,13164,99,13032,31793,24,24
1668195075,2022-11-11 13:31:15 -0600,7f451ed3c1695f466b9301f87ee08a3b377e0a12,AZ,4023,2,2022-11-09T02:00:00.000Z,FIPSCode,04023,0,2022-11-11T17:06:38.674Z,24,99.0,24,100.0,10393,8879,68.13,10521,3849,29.53,10801,304,2.33,13164,99,13032,31793,24,24
1668200519,2022-11-11 15:01:59 -0600,1636f830b7fee83b2fe34a502f2efaa79a6ad969,AZ,4023,2,2022-11-09T02:00:00.000Z,FIPSCode,04023,0,2022-11-11T17:06:38.674Z,24,99.0,24,100.0,10393,8879,68.13,10521,3849,29.53,10801,304,2.33,13164,99,13032,31793,24,24
1668200686,2022-11-11 15:04:46 -0600,68ef17b0d1588bfb8d4a774f8046490188cfc393,AZ,4023,2,2022-11-09T02:00:00.000Z,FIPSCode,04023,0,2022-11-11T17:06:38.674Z,24,99.0,24,100.0,10393,8879,68.13,10521,3849,29.53,10801,304,2.33,13164,99,13032,31793,24,24
1668210594,2022-11-11 17:49:54 -0600,341b2ed87b491a43d62295cae619b66f60b7d17c,AZ,4023,2,2022-11-09T02:00:00.000Z,FIPSCode,04023,0,2022-11-11T17:06:38.674Z,24,99.0,24,100.0,10393,8879,68.13,10521,3849,29.53,10801,304,2.33,13164,99,13032,31793,24,24
1668211054,2022-11-11 17:57:34 -0600,2dbb7811392d905551818d03951c6e7dcd764caa,AZ,4023,2,2022-11-09T02:00:00.000Z,FIPSCode,04023,0,2022-11-11T17:06:38.674Z,24,99.0,24,100.0,10393,8879,68.13,10521,3849,29.53,10801,304,2.33,13164,99,13032,31793,24,24
1668211221,2022-11-11 18:00:21 -0600,3d70a906afed419f8df6c058092b33edd1b0e006,AZ,4023,2,2022-11-09T02:00:00.000Z,FIPSCode,04023,0,2022-11-11T17:06:38.674Z,24,99.0,24,100.0,10393,8879,68.13,10521,3849,29.53,10801,304,2.33,13164,99,13032,31793,24,24
1668214113,2022-11-11 18:48:33 -0600,89009492ad592b242078e96becf22a2901aceb22,AZ,4023,2,2022-11-09T02:00:00.000Z,FIPSCode,04023,0,2022-11-11T17:06:38.674Z,24,99.0,24,100.0,10393,8879,68.13,10521,3849,29.53,10801,304,2.33,13164,99,13032,31793,24,24
1668214997,2022-11-11 19:03:17 -0600,ec7c50b2f927b307a153a456e073a2467d515db9,AZ,4023,2,2022-11-09T02:00:00.000Z,FIPSCode,04023,0,2022-11-11T17:06:38.674Z,24,99.0,24,100.0,10393,8879,68.13,10521,3849,29.53,10801,304,2.33,13164,99,13032,31793,24,24
1668215120,2022-11-11 19:05:20 -0600,9b82d42b56cfb3caa26c3cc7732bbfcc1e821658,AZ,4023,2,2022-11-09T02:00:00.000Z,FIPSCode,04023,0,2022-11-11T17:06:38.674Z,24,99.0,24,100.0,10393,8879,68.13,10521,3849,29.53,10801,304,2.33,13164,99,13032,31793,24,24
1668215203,2022-11-11 19:06:43 -0600,db83c1790810c6c0b8ee21d469a208c0bc45359d,AZ,4023,2,2022-11-09T02:00:00.000Z,FIPSCode,04023,0,2022-11-11T17:06:38.674Z,24,99.0,24,100.0,10393,8879,68.13,10521,3849,29.53,10801,304,2.33,13164,99,13032,31793,24,24
1668215410,2022-11-11 19:10:10 -0600,66b2bd256beb93e74774c1a095a55df1864bb36e,AZ,4023,2,2022-11-09T02:00:00.000Z,FIPSCode,04023,0,2022-11-11T17:06:38.674Z,24,99.0,24,100.0,10393,8879,68.13,10521,3849,29.53,10801,304,2.33,13164,99,13032,31793,24,24
1668215494,2022-11-11 19:11:34 -0600,41732617b412752b112b5676df7b3a073793683e,AZ,4023,2,2022-11-09T02:00:00.000Z,FIPSCode,04023,0,2022-11-11T17:06:38.674Z,24,99.0,24,100.0,10393,8879,68.13,10521,3849,29.53,10801,304,2.33,13164,99,13032,31793,24,24
1668216936,2022-11-11 19:35:36 -0600,c888a8318539c644a3077a32f099e4a5d2b75a1f,AZ,4023,2,2022-11-09T02:00:00.000Z,FIPSCode,04023,0,2022-11-11T17:06:38.674Z,24,99.0,24,100.0,10393,8879,68.13,10521,3849,29.53,10801,304,2.33,13164,99,13032,31793,24,24
1668217018,2022-11-11 19:36:58 -0600,16a89c7fe118ee552590d8a60c8ee7f7b02b650b,AZ,4023,2,2022-11-09T02:00:00.000Z,FIPSCode,04023,0,2022-11-11T17:06:38.674Z,24,99.0,24,100.0,10393,8879,68.13,10521,3849,29.53,10801,304,2.33,13164,99,13032,31793,24,24
1668218942,2022-11-11 20:09:02 -0600,31bdf9bc97d293bb6d49367e18e9c06ba344ac04,AZ,4023,2,2022-11-09T02:00:00.000Z,FIPSCode,04023,0,2022-11-11T17:06:38.674Z,24,99.0,24,100.0,10393,8879,68.13,10521,3849,29.53,10801,304,2.33,13164,99,13032,31793,24,24
1668219065,2022-11-11 20:11:05 -0600,f7e18f172b4cf7eb1b1d90de7d1a09a783b5f5c5,AZ,4023,2,2022-11-09T02:00:00.000Z,FIPSCode,04023,0,2022-11-11T17:06:38.674Z,24,99.0,24,100.0,10393,8879,68.13,10521,3849,29.53,10801,304,2.33,13164,99,13032,31793,24,24
1668222556,2022-11-11 21:09:16 -0600,cd54a80af4e4e3573fb1c994b2b9b6eca37ba89b,AZ,4023,2,2022-11-09T02:00:00.000Z,FIPSCode,04023,0,2022-11-11T17:06:38.674Z,24,99.0,24,100.0,10393,8879,68.13,10521,3849,29.53,10801,304,2.33,13164,99,13032,31793,24,24
1668222842,2022-11-11 21:14:02 -0600,922cd1c6126bfcbc43dfda029abc196794b4717a,AZ,4023,2,2022-11-09T02:00:00.000Z,FIPSCode,04023,0,2022-11-11T17:06:38.674Z,24,99.0,24,100.0,10393,8879,68.13,10521,3849,29.53,10801,304,2.33,13164,99,13032,31793,24,24
1668222884,2022-11-11 21:14:44 -0600,c2c399718f14d7d9cc6278899a9dd3183595ddbd,AZ,4023,2,2022-11-09T02:00:00.000Z,FIPSCode,04023,0,2022-11-11T17:06:38.674Z,24,99.0,24,100.0,10393,8879,68.13,10521,3849,29.53,10801,304,2.33,13164,99,13032,31793,24,24
1668222924,2022-11-11 21:15:24 -0600,7b7611f9f4fbb4dba784fb18373386d303d3a9c9,AZ,4023,2,2022-11-09T02:00:00.000Z,FIPSCode,04023,0,2022-11-12T03:14:03.136Z,24,99.0,24,100.0,10393,8879,68.13,10521,3849,29.53,10801,304,2.33,13164,99,13032,31793,24,24
1668293144,2022-11-12 16:45:44 -0600,a7289b09d980378b0ed108b48c5d0cb2003cf588,AZ,4023,2,2022-11-09T02:00:00.000Z,FIPSCode,04023,0,2022-11-12T03:14:03.136Z,24,99.0,24,100.0,10393,8879,68.13,10521,3849,29.53,10801,304,2.33,13164,99,13032,31793,24,24
1668293268,2022-11-12 16:47:48 -0600,7fb83fe48e73e39793a4edb321820d8aeaa8e4cb,AZ,4023,2,2022-11-09T02:00:00.000Z,FIPSCode,04023,0,2022-11-12T03:14:03.136Z,24,99.0,24,100.0,10393,8879,68.13,10521,3849,29.53,10801,304,2.33,13164,99,13032,31793,24,24
1668296766,2022-11-12 17:46:06 -0600,47b0c36432ce7360c3ef418f4562532ae9a6a8fc,AZ,4023,2,2022-11-09T02:00:00.000Z,FIPSCode,04023,0,2022-11-12T03:14:03.136Z,24,99.0,24,100.0,10393,8879,68.13,10521,3849,29.53,10801,304,2.33,13164,99,13032,31793,24,24
1668296859,2022-11-12 17:47:39 -0600,dce3bae7a1ec088b9b125ac45664a014845f52d4,AZ,4023,2,2022-11-09T02:00:00.000Z,FIPSCode,04023,0,2022-11-12T03:14:03.136Z,24,99.0,24,100.0,10393,8879,68.13,10521,3849,29.53,10801,304,2.33,13164,99,13032,31793,24,24
1668298457,2022-11-12 18:14:17 -0600,1df60c80400397a1ebf98118dea262165b1fde92,AZ,4023,2,2022-11-09T02:00:00.000Z,FIPSCode,04023,0,2022-11-12T03:14:03.136Z,24,99.0,24,100.0,10393,8879,68.13,10521,3849,29.53,10801,304,2.33,13164,99,13032,31793,24,24
1668301388,2022-11-12 19:03:08 -0600,43c5979a257f907bad4d844d713e24936616253a,AZ,4023,2,2022-11-09T02:00:00.000Z,FIPSCode,04023,0,2022-11-12T03:14:03.136Z,24,99.0,24,100.0,10393,8879,68.13,10521,3849,29.53,10801,304,2.33,13164,99,13032,31793,24,24
1668301843,2022-11-12 19:10:43 -0600,e0e1bbd9cffa20dde21844dc386f4e84f3abdb6c,AZ,4023,2,2022-11-09T02:00:00.000Z,FIPSCode,04023,0,2022-11-12T03:14:03.136Z,24,99.0,24,100.0,10393,8879,68.13,10521,3849,29.53,10801,304,2.33,13164,99,13032,31793,24,24
1668301883,2022-11-12 19:11:23 -0600,f2841596af3ddc48952743c1d3a1d5eb0950093d,AZ,4023,2,2022-11-09T02:00:00.000Z,FIPSCode,04023,0,2022-11-12T03:14:03.136Z,24,99.0,24,100.0,10393,8879,68.13,10521,3849,29.53,10801,304,2.33,13164,99,13032,31793,24,24
1668304175,2022-11-12 19:49:35 -0600,0ab3b982a5ea8dd9f6cc933cc5a61385dd504b7a,AZ,4023,2,2022-11-09T02:00:00.000Z,FIPSCode,04023,0,2022-11-12T03:14:03.136Z,24,99.0,24,100.0,10393,8879,68.13,10521,3849,29.53,10801,304,2.33,13164,99,13032,31793,24,24
1668304257,2022-11-12 19:50:57 -0600,cc4f67f0498341c156639db2eefbdc8143c5c525,AZ,4023,2,2022-11-09T02:00:00.000Z,FIPSCode,04023,0,2022-11-12T03:14:03.136Z,24,99.0,24,100.0,10393,8879,68.13,10521,3849,29.53,10801,304,2.33,13164,99,13032,31793,24,24
1668359887,2022-11-13 11:18:07 -0600,039ff63134d7bced87065cdec28d518e8766b101,AZ,4023,2,2022-11-09T02:00:00.000Z,FIPSCode,04023,0,2022-11-12T03:14:03.136Z,24,99.0,24,100.0,10393,8879,68.13,10521,3849,29.53,10801,304,2.33,13164,99,13032,31793,24,24
1668359929,2022-11-13 11:18:49 -0600,7ef9950d6f3f1d690afda950718862c9db48edeb,AZ,4023,2,2022-11-09T02:00:00.000Z,FIPSCode,04023,0,2022-11-12T03:14:03.136Z,24,99.0,24,100.0,10393,8879,68.13,10521,3849,29.53,10801,304,2.33,13164,99,13032,31793,24,24
1668373251,2022-11-13 15:00:51 -0600,3012a8c8d4f9746fcea9e9f1b771503d6ce417ef,AZ,4023,2,2022-11-09T02:00:00.000Z,FIPSCode,04023,0,2022-11-12T03:14:03.136Z,24,99.0,24,100.0,10393,8879,68.13,10521,3849,29.53,10801,304,2.33,13164,99,13032,31793,24,24
1668373617,2022-11-13 15:06:57 -0600,db374be50441d093312d89a903421e3e2c7816c7,AZ,4023,2,2022-11-09T02:00:00.000Z,FIPSCode,04023,0,2022-11-12T03:14:03.136Z,24,99.0,24,100.0,10393,8879,68.13,10521,3849,29.53,10801,304,2.33,13164,99,13032,31793,24,24
1668377044,2022-11-13 16:04:04 -0600,3156e245123af9c1a90fc8e17905644c24a0feac,AZ,4023,2,2022-11-09T02:00:00.000Z,FIPSCode,04023,0,2022-11-12T03:14:03.136Z,24,99.0,24,100.0,10393,8879,68.13,10521,3849,29.53,10801,304,2.33,13164,99,13032,31793,24,24
1668377204,2022-11-13 16:06:44 -0600,e62861fcb378540eecae39cbd37a72a7cc7ededb,AZ,4023,2,2022-11-09T02:00:00.000Z,FIPSCode,04023,0,2022-11-12T03:14:03.136Z,24,99.0,24,100.0,10393,8879,68.13,10521,3849,29.53,10801,304,2.33,13164,99,13032,31793,24,24
1668385194,2022-11-13 18:19:54 -0600,17fb6b3b5112abd3f59e01bec432df2100163dbc,AZ,4023,2,2022-11-09T02:00:00.000Z,FIPSCode,04023,0,2022-11-12T03:14:03.136Z,24,99.0,24,100.0,10393,8879,68.13,10521,3849,29.53,10801,304,2.33,13164,99,13032,31793,24,24
1668385229,2022-11-13 18:20:29 -0600,556c1774b10b006bc61efbb0aacc5b7a2b14c9a2,AZ,4023,2,2022-11-09T02:00:00.000Z,FIPSCode,04023,0,2022-11-12T03:14:03.136Z,24,99.0,24,100.0,10393,8879,68.13,10521,3849,29.53,10801,304,2.33,13164,99,13032,31793,24,24
1668388855,2022-11-13 19:20:55 -0600,bf9b5edd8b4c9b7aa071c4e3a32a98e7a7c81ca5,AZ,4023,2,2022-11-09T02:00:00.000Z,FIPSCode,04023,0,2022-11-12T03:14:03.136Z,24,99.0,24,100.0,10393,8879,68.13,10521,3849,29.53,10801,304,2.33,13164,99,13032,31793,24,24
1668389115,2022-11-13 19:25:15 -0600,742f356b8a6011cd594cfd9cc582c4d984e4e465,AZ,4023,2,2022-11-09T02:00:00.000Z,FIPSCode,04023,0,2022-11-12T03:14:03.136Z,24,99.0,24,100.0,10393,8879,68.13,10521,3849,29.53,10801,304,2.33,13164,99,13032,31793,24,24
1668389180,2022-11-13 19:26:20 -0600,e013f02768bd91d0c0a22a61ed5452cf3b0e6874,AZ,4023,2,2022-11-09T02:00:00.000Z,FIPSCode,04023,0,2022-11-12T03:14:03.136Z,24,99.0,24,100.0,10393,8879,68.13,10521,3849,29.53,10801,304,2.33,13164,99,13032,31793,24,24
1668391046,2022-11-13 19:57:26 -0600,ee80d461d6e0f6afa3f7b2836143bb42f2ad6db7,AZ,4023,2,2022-11-09T02:00:00.000Z,FIPSCode,04023,0,2022-11-12T03:14:03.136Z,24,99.0,24,100.0,10393,8879,68.13,10521,3849,29.53,10801,304,2.33,13164,99,13032,31793,24,24
1668449285,2022-11-14 12:08:05 -0600,6f670cb3a10674b74128ee96b358a632da82bb66,AZ,4023,2,2022-11-09T02:00:00.000Z,FIPSCode,04023,0,2022-11-12T03:14:03.136Z,24,99.0,24,100.0,10393,8879,68.13,10521,3849,29.53,10801,304,2.33,13164,99,13032,31793,24,24
1668449325,2022-11-14 12:08:45 -0600,59fe457c636fb6c07c84b6f1c587a98dee788a5f,AZ,4023,2,2022-11-09T02:00:00.000Z,FIPSCode,04023,0,2022-11-12T03:14:03.136Z,24,99.0,24,100.0,10393,8879,68.13,10521,3849,29.53,10801,304,2.33,13164,99,13032,31793,24,24
1668466784,2022-11-14 16:59:44 -0600,0aae2a3a0cb077ce071f19ad148de81255eb738b,AZ,4023,2,2022-11-09T02:00:00.000Z,FIPSCode,04023,0,2022-11-12T03:14:03.136Z,24,99.0,24,100.0,10393,8879,68.13,10521,3849,29.53,10801,304,2.33,13164,99,13032,31793,24,24
1668466842,2022-11-14 17:00:42 -0600,473b5cc65607b5a5ee5b585598a13eac43df3405,AZ,4023,2,2022-11-09T02:00:00.000Z,FIPSCode,04023,0,2022-11-12T03:14:03.136Z,24,99.0,24,100.0,10393,8879,68.13,10521,3849,29.53,10801,304,2.33,13164,99,13032,31793,24,24
1668469405,2022-11-14 17:43:25 -0600,d5b07c421bed2815b52d893dd5f5ad66f04e66e3,AZ,4023,2,2022-11-09T02:00:00.000Z,FIPSCode,04023,0,2022-11-12T03:14:03.136Z,24,99.0,24,100.0,10393,8879,68.13,10521,3849,29.53,10801,304,2.33,13164,99,13032,31793,24,24
1668472316,2022-11-14 18:31:56 -0600,129969460b7bc076f75cd08b8415f71818ad6bb0,AZ,4023,2,2022-11-09T02:00:00.000Z,FIPSCode,04023,0,2022-11-12T03:14:03.136Z,24,99.0,24,100.0,10393,8879,68.13,10521,3849,29.53,10801,304,2.33,13164,99,13032,31793,24,24
1668472372,2022-11-14 18:32:52 -0600,90046346a7cda34f9568f57085ff593760e8aa3c,AZ,4023,2,2022-11-09T02:00:00.000Z,FIPSCode,04023,0,2022-11-12T03:14:03.136Z,24,99.0,24,100.0,10393,8879,68.13,10521,3849,29.53,10801,304,2.33,13164,99,13032,31793,24,24
1668472446,2022-11-14 18:34:06 -0600,bf63233b36cab9bde6ac311db2a39670af54df45,AZ,4023,2,2022-11-09T02:00:00.000Z,FIPSCode,04023,0,2022-11-12T03:14:03.136Z,24,99.0,24,100.0,10393,8879,68.13,10521,3849,29.53,10801,304,2.33,13164,99,13032,31793,24,24
1668472474,2022-11-14 18:34:34 -0600,4512a5f2aec874a862cd498d0ae244adc833bf08,AZ,4023,2,2022-11-09T02:00:00.000Z,FIPSCode,04023,0,2022-11-12T03:14:03.136Z,24,99.0,24,100.0,10393,8879,68.13,10521,3849,29.53,10801,304,2.33,13164,99,13032,31793,24,24
1668472760,2022-11-14 18:39:20 -0600,b72c0da39575f9b2d4a64a435975373f9296f398,AZ,4023,2,2022-11-09T02:00:00.000Z,FIPSCode,04023,0,2022-11-12T03:14:03.136Z,24,99.0,24,100.0,10393,8879,68.13,10521,3849,29.53,10801,304,2.33,13164,99,13032,31793,24,24
1668472812,2022-11-14 18:40:12 -0600,8612f02d4561de13e99ae31112eca659ebadab38,AZ,4023,2,2022-11-09T02:00:00.000Z,FIPSCode,04023,0,2022-11-12T03:14:03.136Z,24,99.0,24,100.0,10393,8879,68.13,10521,3849,29.53,10801,304,2.33,13164,99,13032,31793,24,24
1668472910,2022-11-14 18:41:50 -0600,3de8dd45c4c22acb125db60e9eb84a8d2b763cd9,AZ,4023,2,2022-11-09T02:00:00.000Z,FIPSCode,04023,0,2022-11-12T03:14:03.136Z,24,99.0,24,100.0,10393,8879,68.13,10521,3849,29.53,10801,304,2.33,13164,99,13032,31793,24,24
1668473101,2022-11-14 18:45:01 -0600,cb7d4f502b42adcc703e7bdb8f8d4380c489d453,AZ,4023,2,2022-11-09T02:00:00.000Z,FIPSCode,04023,0,2022-11-12T03:14:03.136Z,24,99.0,24,100.0,10393,8879,68.13,10521,3849,29.53,10801,304,2.33,13164,99,13032,31793,24,24
1668473130,2022-11-14 18:45:30 -0600,ca746bc1ea5aa16a1ca11ee4eb9b98337d877af9,AZ,4023,2,2022-11-09T02:00:00.000Z,FIPSCode,04023,0,2022-11-12T03:14:03.136Z,24,99.0,24,100.0,10393,8879,68.13,10521,3849,29.53,10801,304,2.33,13164,99,13032,31793,24,24
1668473211,2022-11-14 18:46:51 -0600,5acad1f9055fd0f8c40a0c08cd064f4583cee7b7,AZ,4023,2,2022-11-09T02:00:00.000Z,FIPSCode,04023,0,2022-11-12T03:14:03.136Z,24,99.0,24,100.0,10393,8879,68.13,10521,3849,29.53,10801,304,2.33,13164,99,13032,31793,24,24
1668473240,2022-11-14 18:47:20 -0600,b8915746bf4881baad5bde9691eb1c5d32745a70,AZ,4023,2,2022-11-09T02:00:00.000Z,FIPSCode,04023,0,2022-11-12T03:14:03.136Z,24,99.0,24,100.0,10393,8879,68.13,10521,3849,29.53,10801,304,2.33,13164,99,13032,31793,24,24
1668474843,2022-11-14 19:14:03 -0600,2c5e66b127f39a432d79b1c9ea1017f0cc012cbd,AZ,4023,2,2022-11-09T02:00:00.000Z,FIPSCode,04023,0,2022-11-12T03:14:03.136Z,24,99.0,24,100.0,10393,8879,68.13,10521,3849,29.53,10801,304,2.33,13164,99,13032,31793,24,24
1668474873,2022-11-14 19:14:33 -0600,ff264582a0a9ce0b96af493ea3e98625b47fc892,AZ,4023,2,2022-11-09T02:00:00.000Z,FIPSCode,04023,0,2022-11-12T03:14:03.136Z,24,99.0,24,100.0,10393,8879,68.13,10521,3849,29.53,10801,304,2.33,13164,99,13032,31793,24,24
1668474999,2022-11-14 19:16:39 -0600,a0420136fbeb61e9a6a8ee29501c9143f52eed40,AZ,4023,2,2022-11-09T02:00:00.000Z,FIPSCode,04023,0,2022-11-12T03:14:03.136Z,24,99.0,24,100.0,10393,8879,68.13,10521,3849,29.53,10801,304,2.33,13164,99,13032,31793,24,24
1668475017,2022-11-14 19:16:57 -0600,46adf20f74122d502edf28e1e13da4eb096ec69d,AZ,4023,2,2022-11-09T02:00:00.000Z,FIPSCode,04023,0,2022-11-12T03:14:03.136Z,24,99.0,24,100.0,10393,8879,68.13,10521,3849,29.53,10801,304,2.33,13164,99,13032,31793,24,24
1668475161,2022-11-14 19:19:21 -0600,94e6c4965db4ac77b2d0d033cc93291ba7a9a942,AZ,4023,2,2022-11-09T02:00:00.000Z,FIPSCode,04023,0,2022-11-12T03:14:03.136Z,24,99.0,24,100.0,10393,8879,68.13,10521,3849,29.53,10801,304,2.33,13164,99,13032,31793,24,24
1668476539,2022-11-14 19:42:19 -0600,4a5ca76f3b874d6a8daea85df17d616bc0899f81,AZ,4023,2,2022-11-09T02:00:00.000Z,FIPSCode,04023,0,2022-11-12T03:14:03.136Z,24,99.0,24,100.0,10393,8879,68.13,10521,3849,29.53,10801,304,2.33,13164,99,13032,31793,24,24
1668476959,2022-11-14 19:49:19 -0600,ec9d5ae6cb65e7ed37d37ffa5964975c39177b5c,AZ,4023,2,2022-11-09T02:00:00.000Z,FIPSCode,04023,0,2022-11-12T03:14:03.136Z,24,99.0,24,100.0,10393,8879,68.13,10521,3849,29.53,10801,304,2.33,13164,99,13032,31793,24,24
1668479781,2022-11-14 20:36:21 -0600,317df8a6e2506e4f9b313672e4e1e25456f41fd7,AZ,4023,2,2022-11-09T02:00:00.000Z,FIPSCode,04023,0,2022-11-12T03:14:03.136Z,24,99.0,24,100.0,10393,8879,68.13,10521,3849,29.53,10801,304,2.33,13164,99,13032,31793,24,24
1668479821,2022-11-14 20:37:01 -0600,f7a14ea7e4a72d2a3688a85a1dcb92f3aa6013a0,AZ,4023,2,2022-11-09T02:00:00.000Z,FIPSCode,04023,0,2022-11-12T03:14:03.136Z,24,99.0,24,100.0,10393,8879,68.13,10521,3849,29.53,10801,304,2.33,13164,99,13032,31793,24,24
1668481082,2022-11-14 20:58:02 -0600,03f9bd1aab8ac6d167cba170f276d86f001ad244,AZ,4023,2,2022-11-09T02:00:00.000Z,FIPSCode,04023,0,2022-11-12T03:14:03.136Z,24,99.0,24,100.0,10393,8879,68.13,10521,3849,29.53,10801,304,2.33,13164,99,13032,31793,24,24
1668481224,2022-11-14 21:00:24 -0600,3571f9a6b843fc597a766872148676f52114f64c,AZ,4023,2,2022-11-09T02:00:00.000Z,FIPSCode,04023,0,2022-11-12T03:14:03.136Z,24,99.0,24,100.0,10393,8879,68.13,10521,3849,29.53,10801,304,2.33,13164,99,13032,31793,24,24
1668482815,2022-11-14 21:26:55 -0600,890684dffb4e2bdceaf7395fc713a33fc8506399,AZ,4023,2,2022-11-09T02:00:00.000Z,FIPSCode,04023,0,2022-11-12T03:14:03.136Z,24,99.0,24,100.0,10393,8879,68.13,10521,3849,29.53,10801,304,2.33,13164,99,13032,31793,24,24
1668482873,2022-11-14 21:27:53 -0600,2285bd346f5dd20da09220d62dc2f54e734dac97,AZ,4023,2,2022-11-09T02:00:00.000Z,FIPSCode,04023,0,2022-11-12T03:14:03.136Z,24,99.0,24,100.0,10393,8879,68.13,10521,3849,29.53,10801,304,2.33,13164,99,13032,31793,24,24
1668485763,2022-11-14 22:16:03 -0600,77023d28b678b658007795a42c2e8f967e1af3ee,AZ,4023,2,2022-11-09T02:00:00.000Z,FIPSCode,04023,0,2022-11-12T03:14:03.136Z,24,99.0,24,100.0,10393,8879,68.13,10521,3849,29.53,10801,304,2.33,13164,99,13032,31793,24,24
1668485920,2022-11-14 22:18:40 -0600,eb6b8f59844e41c944186e0e728deb031097c0d9,AZ,4023,2,2022-11-09T02:00:00.000Z,FIPSCode,04023,0,2022-11-12T03:14:03.136Z,24,99.0,24,100.0,10393,8879,68.13,10521,3849,29.53,10801,304,2.33,13164,99,13032,31793,24,24
1668534596,2022-11-15 11:49:56 -0600,a64404f9ed49dacb07d963455292c5d37db5112e,AZ,4023,2,2022-11-09T02:00:00.000Z,FIPSCode,04023,0,2022-11-12T03:14:03.136Z,24,99.0,24,100.0,10393,8879,68.13,10521,3849,29.53,10801,304,2.33,13164,99,13032,31793,24,24
1668534703,2022-11-15 11:51:43 -0600,f0386e5ac8a4adc96a5f8a94286b7972fe3af724,AZ,4023,2,2022-11-09T02:00:00.000Z,FIPSCode,04023,0,2022-11-12T03:14:03.136Z,24,99.0,24,100.0,10393,8879,68.13,10521,3849,29.53,10801,304,2.33,13164,99,13032,31793,24,24
1668535223,2022-11-15 12:00:23 -0600,ab4794bd28cdc3f31eabb65b80772d3dd1e1dc76,AZ,4023,2,2022-11-09T02:00:00.000Z,FIPSCode,04023,0,2022-11-12T03:14:03.136Z,24,99.0,24,100.0,10393,8879,68.13,10521,3849,29.53,10801,304,2.33,13164,99,13032,31793,24,24
1668535303,2022-11-15 12:01:43 -0600,0f143fe2a1985912c1dbc048dfc866262ee80b7f,AZ,4023,2,2022-11-09T02:00:00.000Z,FIPSCode,04023,0,2022-11-12T03:14:03.136Z,24,99.0,24,100.0,10393,8879,68.13,10521,3849,29.53,10801,304,2.33,13164,99,13032,31793,24,24
1668544799,2022-11-15 14:39:59 -0600,e26f5df63f5241d865a961f0899d9d8685dceca4,AZ,4023,2,2022-11-09T02:00:00.000Z,FIPSCode,04023,0,2022-11-12T03:14:03.136Z,24,99.0,24,100.0,10393,8879,68.13,10521,3849,29.53,10801,304,2.33,13164,99,13032,31793,24,24
1668544908,2022-11-15 14:41:48 -0600,e52bf1851d1649152db29aada51552ca3b630405,AZ,4023,2,2022-11-09T02:00:00.000Z,FIPSCode,04023,0,2022-11-12T03:14:03.136Z,24,99.0,24,100.0,10393,8879,68.13,10521,3849,29.53,10801,304,2.33,13164,99,13032,31793,24,24
1668545992,2022-11-15 14:59:52 -0600,d845a1f9658ed554494ebd1a70075204f022f72e,AZ,4023,2,2022-11-09T02:00:00.000Z,FIPSCode,04023,0,2022-11-12T03:14:03.136Z,24,99.0,24,100.0,10393,8879,68.13,10521,3849,29.53,10801,304,2.33,13164,99,13032,31793,24,24
1668546170,2022-11-15 15:02:50 -0600,f501d5f30c5cd35ee2ba41d1d33ed2e2286184fe,AZ,4023,2,2022-11-09T02:00:00.000Z,FIPSCode,04023,0,2022-11-12T03:14:03.136Z,24,99.0,24,100.0,10393,8879,68.13,10521,3849,29.53,10801,304,2.33,13164,99,13032,31793,24,24
1668549295,2022-11-15 15:54:55 -0600,1b9ed9a7bbee3bbf4ebb71d14d2957509e2de959,AZ,4023,2,2022-11-09T02:00:00.000Z,FIPSCode,04023,0,2022-11-12T03:14:03.136Z,24,99.0,24,100.0,10393,8879,68.13,10521,3849,29.53,10801,304,2.33,13164,99,13032,31793,24,24
1668549352,2022-11-15 15:55:52 -0600,4da83dedab3114921190edc7d89c6cb9d86c04f8,AZ,4023,2,2022-11-09T02:00:00.000Z,FIPSCode,04023,0,2022-11-12T03:14:03.136Z,24,99.0,24,100.0,10393,8879,68.13,10521,3849,29.53,10801,304,2.33,13164,99,13032,31793,24,24
1668553257,2022-11-15 17:00:57 -0600,8933f5384d7d7405e7d516a103b646471d95bc3c,AZ,4023,2,2022-11-09T02:00:00.000Z,FIPSCode,04023,0,2022-11-12T03:14:03.136Z,24,99.0,24,100.0,10393,8879,68.13,10521,3849,29.53,10801,304,2.33,13164,99,13032,31793,24,24
1668553312,2022-11-15 17:01:52 -0600,f45524c808cbb7e706e6d3aaec715ef86d59df70,AZ,4023,2,2022-11-09T02:00:00.000Z,FIPSCode,04023,0,2022-11-12T03:14:03.136Z,24,99.0,24,100.0,10393,8879,68.13,10521,3849,29.53,10801,304,2.33,13164,99,13032,31793,24,24
1668556728,2022-11-15 17:58:48 -0600,5fa27fa22ce6317dc51897f46112df8d4c58fe5e,AZ,4023,2,2022-11-09T02:00:00.000Z,FIPSCode,04023,0,2022-11-12T03:14:03.136Z,24,99.0,24,100.0,10393,8879,68.13,10521,3849,29.53,10801,304,2.33,13164,99,13032,31793,24,24
1668556889,2022-11-15 18:01:29 -0600,c5729ac7de5599ca299ecb4bc0c27b9dd243eb19,AZ,4023,2,2022-11-09T02:00:00.000Z,FIPSCode,04023,0,2022-11-12T03:14:03.136Z,24,99.0,24,100.0,10393,8879,68.13,10521,3849,29.53,10801,304,2.33,13164,99,13032,31793,24,24
1668557831,2022-11-15 18:17:11 -0600,ea46253cf86ed46ba19b7b1b9982f880619a58da,AZ,4023,2,2022-11-09T02:00:00.000Z,FIPSCode,04023,0,2022-11-12T03:14:03.136Z,24,99.0,24,100.0,10393,8879,68.13,10521,3849,29.53,10801,304,2.33,13164,99,13032,31793,24,24
1668557867,2022-11-15 18:17:47 -0600,2e7346bda9de8d2a6a2a3eeca26feba3cae3b3b4,AZ,4023,2,2022-11-09T02:00:00.000Z,FIPSCode,04023,0,2022-11-12T03:14:03.136Z,24,99.0,24,100.0,10393,8879,68.13,10521,3849,29.53,10801,304,2.33,13164,99,13032,31793,24,24
1668557901,2022-11-15 18:18:21 -0600,918629cff4d6924a43ecf7a7e6d60f28e417c8de,AZ,4023,2,2022-11-09T02:00:00.000Z,FIPSCode,04023,0,2022-11-12T03:14:03.136Z,24,99.0,24,100.0,10393,8879,68.13,10521,3849,29.53,10801,304,2.33,13164,99,13032,31793,24,24
1668557957,2022-11-15 18:19:17 -0600,c19a7903ddc03750dba59a9f225aaf9523e44516,AZ,4023,2,2022-11-09T02:00:00.000Z,FIPSCode,04023,0,2022-11-12T03:14:03.136Z,24,99.0,24,100.0,10393,8879,68.13,10521,3849,29.53,10801,304,2.33,13164,99,13032,31793,24,24
1668559382,2022-11-15 18:43:02 -0600,42039b68cf5adbc311f7330cd0f6c679ead8a133,AZ,4023,2,2022-11-09T02:00:00.000Z,FIPSCode,04023,0,2022-11-12T03:14:03.136Z,24,99.0,24,100.0,10393,8879,68.13,10521,3849,29.53,10801,304,2.33,13164,99,13032,31793,24,24
1668559427,2022-11-15 18:43:47 -0600,192904f3b33b40ae4b38835f498c15061a8ab78c,AZ,4023,2,2022-11-09T02:00:00.000Z,FIPSCode,04023,0,2022-11-12T03:14:03.136Z,24,99.0,24,100.0,10393,8879,68.13,10521,3849,29.53,10801,304,2.33,13164,99,13032,31793,24,24
1668562021,2022-11-15 19:27:01 -0600,a63b4bdf4315349ad49fb7510a7e1094def42ef7,AZ,4023,2,2022-11-09T02:00:00.000Z,FIPSCode,04023,0,2022-11-12T03:14:03.136Z,24,99.0,24,100.0,10393,8879,68.13,10521,3849,29.53,10801,304,2.33,13164,99,13032,31793,24,24
1668562056,2022-11-15 19:27:36 -0600,c8473862811ddecb1ba99fb41c9e345d97f9209e,AZ,4023,2,2022-11-09T02:00:00.000Z,FIPSCode,04023,0,2022-11-12T03:14:03.136Z,24,99.0,24,100.0,10393,8879,68.13,10521,3849,29.53,10801,304,2.33,13164,99,13032,31793,24,24
1668562173,2022-11-15 19:29:33 -0600,9e8323aaf345e6377d92ffc47aab523970674e51,AZ,4023,2,2022-11-09T02:00:00.000Z,FIPSCode,04023,0,2022-11-12T03:14:03.136Z,24,99.0,24,100.0,10393,8879,68.13,10521,3849,29.53,10801,304,2.33,13164,99,13032,31793,24,24
1668562217,2022-11-15 19:30:17 -0600,cf26148fa6af5f6dcb00125e6699425b38e43807,AZ,4023,2,2022-11-09T02:00:00.000Z,FIPSCode,04023,0,2022-11-12T03:14:03.136Z,24,99.0,24,100.0,10393,8879,68.13,10521,3849,29.53,10801,304,2.33,13164,99,13032,31793,24,24
1668563967,2022-11-15 19:59:27 -0600,9af3b6f261301fc4b310ae6de6d4f60887c7f4aa,AZ,4023,2,2022-11-09T02:00:00.000Z,FIPSCode,04023,0,2022-11-12T03:14:03.136Z,24,99.0,24,100.0,10393,8879,68.13,10521,3849,29.53,10801,304,2.33,13164,99,13032,31793,24,24
1668564666,2022-11-15 20:11:06 -0600,7e47da171fb7326851e7e35915a194c0a6ffb257,AZ,4023,2,2022-11-09T02:00:00.000Z,FIPSCode,04023,0,2022-11-12T03:14:03.136Z,24,99.0,24,100.0,10393,8879,68.13,10521,3849,29.53,10801,304,2.33,13164,99,13032,31793,24,24
1668564735,2022-11-15 20:12:15 -0600,128385388efedb8a2162ef55029cad972cef9826,AZ,4023,2,2022-11-09T02:00:00.000Z,FIPSCode,04023,0,2022-11-12T03:14:03.136Z,24,99.0,24,100.0,10393,8879,68.13,10521,3849,29.53,10801,304,2.33,13164,99,13032,31793,24,24
1668624174,2022-11-16 12:42:54 -0600,c5d25bccef23df54e443cb17523fdf5714ed360c,AZ,4023,2,2022-11-09T02:00:00.000Z,FIPSCode,04023,0,2022-11-12T03:14:03.136Z,24,99.0,24,100.0,10393,8879,68.13,10521,3849,29.53,10801,304,2.33,13164,99,13032,31793,24,24
1668624220,2022-11-16 12:43:40 -0600,08535c12913dc2ad3a1141f4c35ef72ee13394a7,AZ,4023,2,2022-11-09T02:00:00.000Z,FIPSCode,04023,0,2022-11-12T03:14:03.136Z,24,99.0,24,100.0,10393,8879,68.13,10521,3849,29.53,10801,304,2.33,13164,99,13032,31793,24,24
1668625248,2022-11-16 13:00:48 -0600,f0da24091d2d7dcf2de420aa48be2723073df874,AZ,4023,2,2022-11-09T02:00:00.000Z,FIPSCode,04023,0,2022-11-12T03:14:03.136Z,24,99.0,24,100.0,10393,8879,68.13,10521,3849,29.53,10801,304,2.33,13164,99,13032,31793,24,24
1668625983,2022-11-16 13:13:03 -0600,b15bb091cbc7211acaf6f74a9f2602f792060538,AZ,4023,2,2022-11-09T02:00:00.000Z,FIPSCode,04023,0,2022-11-12T03:14:03.136Z,24,99.0,24,100.0,10393,8879,68.13,10521,3849,29.53,10801,304,2.33,13164,99,13032,31793,24,24
1668625995,2022-11-16 13:13:15 -0600,055c07955f703645958d5651e7176a30adde442e,AZ,4023,2,2022-11-09T02:00:00.000Z,FIPSCode,04023,0,2022-11-12T03:14:03.136Z,24,99.0,24,100.0,10393,8879,68.13,10521,3849,29.53,10801,304,2.33,13164,99,13032,31793,24,24
1668644280,2022-11-16 18:18:00 -0600,18540201596615a3513ccb02054cc31963dc7d66,AZ,4023,2,2022-11-09T02:00:00.000Z,FIPSCode,04023,0,2022-11-12T03:14:03.136Z,24,99.0,24,100.0,10393,8879,68.13,10521,3849,29.53,10801,304,2.33,13164,99,13032,31793,24,24
1668644347,2022-11-16 18:19:07 -0600,5ed2bec889c78a35fce6ba90d4ebf882d9a1d064,AZ,4023,2,2022-11-09T02:00:00.000Z,FIPSCode,04023,0,2022-11-12T03:14:03.136Z,24,99.0,24,100.0,10393,8879,68.13,10521,3849,29.53,10801,304,2.33,13164,99,13032,31793,24,24
1668645300,2022-11-16 18:35:00 -0600,f7b38b367ec8c4e5f85ae58781a03ff2c45b0c40,AZ,4023,2,2022-11-09T02:00:00.000Z,FIPSCode,04023,0,2022-11-12T03:14:03.136Z,24,99.0,24,100.0,10393,8879,68.13,10521,3849,29.53,10801,304,2.33,13164,99,13032,31793,24,24
1668645373,2022-11-16 18:36:13 -0600,e8fd19185f19a97216ac2088398e3fbabcb4f409,AZ,4023,2,2022-11-09T02:00:00.000Z,FIPSCode,04023,0,2022-11-12T03:14:03.136Z,24,99.0,24,100.0,10393,8879,68.13,10521,3849,29.53,10801,304,2.33,13164,99,13032,31793,24,24
1668645474,2022-11-16 18:37:54 -0600,0ea6294d29311a6da1a0cf612dd52de84ea21fa2,AZ,4023,2,2022-11-09T02:00:00.000Z,FIPSCode,04023,0,2022-11-12T03:14:03.136Z,24,99.0,24,100.0,10393,8879,68.13,10521,3849,29.53,10801,304,2.33,13164,99,13032,31793,24,24
1668645615,2022-11-16 18:40:15 -0600,af0bd0e783d41de8afb87b67c08e75d32643a49d,AZ,4023,2,2022-11-09T02:00:00.000Z,FIPSCode,04023,0,2022-11-12T03:14:03.136Z,24,99.0,24,100.0,10393,8879,68.13,10521,3849,29.53,10801,304,2.33,13164,99,13032,31793,24,24
1668645621,2022-11-16 18:40:21 -0600,b036d086d88ffdaaf10f2cfa5ef73838f96589b1,AZ,4023,2,2022-11-09T02:00:00.000Z,FIPSCode,04023,0,2022-11-12T03:14:03.136Z,24,99.0,24,100.0,10393,8879,68.13,10521,3849,29.53,10801,304,2.33,13164,99,13032,31793,24,24
1668645657,2022-11-16 18:40:57 -0600,133ef35e14414655022807120484e7c95cfe4343,AZ,4023,2,2022-11-09T02:00:00.000Z,FIPSCode,04023,0,2022-11-12T03:14:03.136Z,24,99.0,24,100.0,10393,8879,68.13,10521,3849,29.53,10801,304,2.33,13164,99,13032,31793,24,24
1668648425,2022-11-16 19:27:05 -0600,3bf1b3b005d75e946e96e3a164dd015a6655b784,AZ,4023,2,2022-11-09T02:00:00.000Z,FIPSCode,04023,0,2022-11-12T03:14:03.136Z,24,99.0,24,100.0,10393,8879,68.13,10521,3849,29.53,10801,304,2.33,13164,99,13032,31793,24,24
1668648543,2022-11-16 19:29:03 -0600,548133cb44e34a3708f487b7696c58d4d08ecacd,AZ,4023,2,2022-11-09T02:00:00.000Z,FIPSCode,04023,0,2022-11-12T03:14:03.136Z,24,99.0,24,100.0,10393,8879,68.13,10521,3849,29.53,10801,304,2.33,13164,99,13032,31793,24,24
1668651718,2022-11-16 20:21:58 -0600,dea80a4b2ef8958d8dc88b18f1c496b3c2e12d05,AZ,4023,2,2022-11-09T02:00:00.000Z,FIPSCode,04023,0,2022-11-12T03:14:03.136Z,24,99.0,24,100.0,10393,8879,68.13,10521,3849,29.53,10801,304,2.33,13164,99,13032,31793,24,24
1668653005,2022-11-16 20:43:25 -0600,77696650443e5a6ddbe0e91467ac2a5631c48f63,AZ,4023,2,2022-11-09T02:00:00.000Z,FIPSCode,04023,0,2022-11-12T03:14:03.136Z,24,99.0,24,100.0,10393,8879,68.13,10521,3849,29.53,10801,304,2.33,13164,99,13032,31793,24,24
1668653224,2022-11-16 20:47:04 -0600,216c118404b451fac843f03a365de00e0f261b43,AZ,4023,2,2022-11-09T02:00:00.000Z,FIPSCode,04023,0,2022-11-12T03:14:03.136Z,24,99.0,24,100.0,10393,8879,68.13,10521,3849,29.53,10801,304,2.33,13164,99,13032,31793,24,24
1668653285,2022-11-16 20:48:05 -0600,e18ee253f0221e5e2a0fb7b7b063d8d22a48cae0,AZ,4023,2,2022-11-09T02:00:00.000Z,FIPSCode,04023,0,2022-11-12T03:14:03.136Z,24,99.0,24,100.0,10393,8879,68.13,10521,3849,29.53,10801,304,2.33,13164,99,13032,31793,24,24
1668658120,2022-11-16 22:08:40 -0600,6200f08642369e90b1236a315188cb8e4a98a795,AZ,4023,2,2022-11-09T02:00:00.000Z,FIPSCode,04023,0,2022-11-12T03:14:03.136Z,24,99.0,24,100.0,10393,8879,68.13,10521,3849,29.53,10801,304,2.33,13164,99,13032,31793,24,24
1668658433,2022-11-16 22:13:53 -0600,8e391a6b1e96b7d80291b2a99e46f59a763c5606,AZ,4023,2,2022-11-09T02:00:00.000Z,FIPSCode,04023,0,2022-11-12T03:14:03.136Z,24,99.0,24,100.0,10393,8879,68.13,10521,3849,29.53,10801,304,2.33,13164,99,13032,31793,24,24
1668658661,2022-11-16 22:17:41 -0600,c0a7ecca6306706f7a1dd4330acbac7c170744c3,AZ,4023,2,2022-11-09T02:00:00.000Z,FIPSCode,04023,0,2022-11-12T03:14:03.136Z,24,99.0,24,100.0,10393,8879,68.13,10521,3849,29.53,10801,304,2.33,13164,99,13032,31793,24,24
1668659383,2022-11-16 22:29:43 -0600,ccd453d169a470dfc02c39b02653a9246ad19890,AZ,4023,2,2022-11-09T02:00:00.000Z,FIPSCode,04023,0,2022-11-12T03:14:03.136Z,24,99.0,24,100.0,10393,8879,68.13,10521,3849,29.53,10801,304,2.33,13164,99,13032,31793,24,24
1668719731,2022-11-17 15:15:31 -0600,62159ee87890fcfb6e2f34ea46571e76a4d6d3b1,AZ,4023,2,2022-11-09T02:00:00.000Z,FIPSCode,04023,0,2022-11-12T03:14:03.136Z,24,99.0,24,100.0,10393,8879,68.13,10521,3849,29.53,10801,304,2.33,13164,99,13032,31793,24,24
1668719788,2022-11-17 15:16:28 -0600,823e6f76090a28f9d76a34698e097beb05c8e54a,AZ,4023,2,2022-11-09T02:00:00.000Z,FIPSCode,04023,0,2022-11-12T03:14:03.136Z,24,99.0,24,100.0,10393,8879,68.13,10521,3849,29.53,10801,304,2.33,13164,99,13032,31793,24,24
1668791992,2022-11-18 11:19:52 -0600,cd9bff001378f56ad3bec546ad7cb46f40c14912,AZ,4023,2,2022-11-09T02:00:00.000Z,FIPSCode,04023,0,2022-11-18T17:19:25.786Z,24,99.0,24,100.0,10393,8988,68.17,10521,3892,29.52,10801,304,2.31,13032,99,13184,31793,24,24
1668792025,2022-11-18 11:20:25 -0600,575991b982e5ca6b52f65b2bce233148ba38a8a6,AZ,4023,2,2022-11-09T02:00:00.000Z,FIPSCode,04023,0,2022-11-18T17:19:25.786Z,24,99.0,24,100.0,10393,8988,68.17,10521,3892,29.52,10801,304,2.31,13032,99,13184,31793,24,24
1668805861,2022-11-18 15:11:01 -0600,5592b5870db6670651c9408d95d087c76c525017,AZ,4023,2,2022-11-09T02:00:00.000Z,FIPSCode,04023,0,2022-11-18T17:25:40.460Z,24,99.0,24,100.0,10393,8988,68.17,10521,3892,29.52,10801,304,2.31,13184,99,13184,31793,24,24
1668806297,2022-11-18 15:18:17 -0600,816a18446c1c30e609edcad70870ad4ad0429702,AZ,4023,2,2022-11-09T02:00:00.000Z,FIPSCode,04023,0,2022-11-18T17:25:40.460Z,24,99.0,24,100.0,10393,8988,68.17,10521,3892,29.52,10801,304,2.31,13184,99,13184,31793,24,24
1668811727,2022-11-18 16:48:47 -0600,5f05224800af21a70db917d252206a128638914e,AZ,4023,2,2022-11-09T02:00:00.000Z,FIPSCode,04023,0,2022-11-18T17:25:40.460Z,24,99.0,24,100.0,10393,8988,68.17,10521,3892,29.52,10801,304,2.31,13184,99,13184,31793,24,24
1668815002,2022-11-18 17:43:22 -0600,3573efb8203acb6aab9fef0ec478b87ffaae8438,AZ,4023,2,2022-11-09T02:00:00.000Z,FIPSCode,04023,0,2022-11-18T17:25:40.460Z,24,99.0,24,100.0,10393,8988,68.17,10521,3892,29.52,10801,304,2.31,13184,99,13184,31793,24,24
1668815882,2022-11-18 17:58:02 -0600,acd14bc7783938aab161c89d51e2f0c1e09e8767,AZ,4023,2,2022-11-09T02:00:00.000Z,FIPSCode,04023,0,2022-11-18T17:25:40.460Z,24,99.0,24,100.0,10393,8988,68.17,10521,3892,29.52,10801,304,2.31,13184,99,13184,31793,24,24
1668819641,2022-11-18 19:00:41 -0600,0ea04862cf09813f75fe13ae55a3fb3a24bdead8,AZ,4023,2,2022-11-09T02:00:00.000Z,FIPSCode,04023,0,2022-11-18T17:25:40.460Z,24,99.0,24,100.0,10393,8988,68.17,10521,3892,29.52,10801,304,2.31,13184,99,13184,31793,24,24
1668823903,2022-11-18 20:11:43 -0600,bf0277ee36d6e6b47618c555292f9e3d740bde5f,AZ,4023,2,2022-11-09T02:00:00.000Z,FIPSCode,04023,0,2022-11-18T17:25:40.460Z,24,99.0,24,100.0,10393,8988,68.17,10521,3892,29.52,10801,304,2.31,13184,99,13184,31793,24,24
1669042196,2022-11-21 08:49:56 -0600,c343842504b438795841231cf5de22ac81eef1e3,AZ,4023,2,2022-11-09T02:00:00.000Z,FIPSCode,04023,0,2022-11-18T17:25:40.460Z,24,99.0,24,100.0,10393,8988,68.17,10521,3892,29.52,10801,304,2.31,13184,99,13184,31793,24,24
1669066206,2022-11-21 15:30:06 -0600,a85e409fe16ae300b896ddc00c5a1d19cedbdc08,AZ,4023,2,2022-11-09T02:00:00.000Z,FIPSCode,04023,0,2022-11-21T21:03:27.093Z,24,99.0,24,100.0,10393,8988,68.17,10521,3892,29.52,10801,304,2.31,13184,99,13184,31793,24,24
1669148610,2022-11-22 14:23:30 -0600,3c5abde53f8a34ba9bffeaa9280845415e64b92a,AZ,4023,2,2022-11-09T02:00:00.000Z,FIPSCode,04023,0,2022-11-22T20:22:34.413Z,24,99.0,24,100.0,10393,8988,68.17,10521,3892,29.52,10801,304,2.31,13184,99,13184,31793,24,24
1669200859,2022-11-23 04:54:19 -0600,b909adaa60288e055d5b3d7a62f580600f70c1c2,AZ,4023,2,2022-11-09T02:00:00.000Z,FIPSCode,04023,0,2022-11-22T20:22:34.413Z,24,99.0,24,100.0,10393,8988,68.17,10521,3892,29.52,10801,304,2.31,13184,99,13184,31793,24,24
