captureTimestamp,captureDateTime,captureRevision,eventID,stateID,raceType,raceTypeID,tabulationStatus,raceCallStatus,officeID,officeName,national,seatName,seatNum,parameters.vote.expected.actual,parameters.vote.expected.eevpCap,parameters.vote.total,parameters.vote.registered,isUpdated,raceID,electionDate,statePostal,incumbentID,candidates.32611.first,candidates.32611.last,candidates.32611.incumbent,candidates.32611.party,candidates.32611.candidateID,candidates.32611.ballotOrder,candidates.32611.polID,candidates.32611.polNum,candidates.32611.electWon,candidates.35463.first,candidates.35463.last,candidates.35463.party,candidates.35463.candidateID,candidates.35463.ballotOrder,candidates.35463.polID,candidates.35463.polNum,candidates.35463.electWon,candidates.32611.winnerDateTime,isCertified
1667886761,2022-11-08 05:52:41 +0000,454ce019f86614717daba988180b8577e032630f,MA-20221108_Eday80,22,General,G,Awaiting Poll Close,Too Early to Call,H,U.S. House,True,District 1,1,321870,95,0,1167839,True,20221108MA22947,2022-11-08,MA,32611,Richard,Neal,True,Dem,32611,1,882,22028,0,Dean,Martilli,GOP,35463,2,71281,28189,0,,
1667944347,2022-11-08 21:52:27 +0000,05a3e91e497cb8d3251b3f2f481fd479b6ed8cc7,MA-20221108_Eday80,22,General,G,Awaiting Poll Close,Too Early to Call,H,U.S. House,True,District 1,1,325650,95,0,1167839,True,20221108MA22947,2022-11-08,MA,32611,Richard,Neal,True,Dem,32611,1,882,22028,0,Dean,Martilli,GOP,35463,2,71281,28189,0,,
1667958843,2022-11-09 01:54:03 +0000,cdc0d2ad2c3afd665dd741c97f9de238aafb3cf6,MA-20221108_Eday80,22,General,G,Active Tabulation,Too Early to Call,H,U.S. House,True,District 1,1,325650,95,1806,1167839,True,20221108MA22947,2022-11-08,MA,32611,Richard,Neal,True,Dem,32611,1,882,22028,0,Dean,Martilli,GOP,35463,2,71281,28189,0,,
1667959410,2022-11-09 02:03:30 +0000,98a277291480f2bee1271d939218798a5aa6ad2a,MA-20221108_Eday80,22,General,G,Active Tabulation,Too Early to Call,H,U.S. House,True,District 1,1,325650,95,2841,1167839,True,20221108MA22947,2022-11-08,MA,32611,Richard,Neal,True,Dem,32611,1,882,22028,0,Dean,Martilli,GOP,35463,2,71281,28189,0,,
1667960540,2022-11-09 02:22:20 +0000,8f457dad835364421624abf7a3b05a9acf49f0bd,MA-20221108_Eday80,22,General,G,Active Tabulation,Too Early to Call,H,U.S. House,True,District 1,1,325650,95,3681,1167839,True,20221108MA22947,2022-11-08,MA,32611,Richard,Neal,True,Dem,32611,1,882,22028,0,Dean,Martilli,GOP,35463,2,71281,28189,0,,
1667961093,2022-11-09 02:31:33 +0000,1ec6490691d550bb25c67a95029d41260dad9223,MA-20221108_Eday80,22,General,G,Active Tabulation,Too Early to Call,H,U.S. House,True,District 1,1,325650,95,17345,1167839,True,20221108MA22947,2022-11-08,MA,32611,Richard,Neal,True,Dem,32611,1,882,22028,0,Dean,Martilli,GOP,35463,2,71281,28189,0,,
1667961378,2022-11-09 02:36:18 +0000,38867b5c6238941f5844472df77322f71d62b761,MA-20221108_Eday80,22,General,G,Active Tabulation,Too Early to Call,H,U.S. House,True,District 1,1,321709,95,37803,1167839,True,20221108MA22947,2022-11-08,MA,32611,Richard,Neal,True,Dem,32611,1,882,22028,0,Dean,Martilli,GOP,35463,2,71281,28189,0,,
1667962555,2022-11-09 02:55:55 +0000,84c8aec46b0824d2dabb875d986800c8bb475bfb,MA-20221108_Eday80,22,General,G,Active Tabulation,Too Early to Call,H,U.S. House,True,District 1,1,321709,95,43790,1167839,True,20221108MA22947,2022-11-08,MA,32611,Richard,Neal,True,Dem,32611,1,882,22028,0,Dean,Martilli,GOP,35463,2,71281,28189,0,,
1667963111,2022-11-09 03:05:11 +0000,e819c6c0592b367c01eebbb86e897f39b2d774d1,MA-20221108_Eday80,22,General,G,Active Tabulation,Too Early to Call,H,U.S. House,True,District 1,1,321709,95,45030,1167839,True,20221108MA22947,2022-11-08,MA,32611,Richard,Neal,True,Dem,32611,1,882,22028,0,Dean,Martilli,GOP,35463,2,71281,28189,0,,
1667963396,2022-11-09 03:09:56 +0000,6a46c0776c43a17d759f81499ba9ed2e8d7622fc,MA-20221108_Eday80,22,General,G,Active Tabulation,Too Early to Call,H,U.S. House,True,District 1,1,321709,95,61284,1167839,True,20221108MA22947,2022-11-08,MA,32611,Richard,Neal,True,Dem,32611,1,882,22028,0,Dean,Martilli,GOP,35463,2,71281,28189,0,,
1667963936,2022-11-09 03:18:56 +0000,05b874b27e9d0f9fdd5056261aa4b35a7cfd0586,MA-20221108_Eday80,22,General,G,Active Tabulation,Too Early to Call,H,U.S. House,True,District 1,1,321709,95,68127,1167839,True,20221108MA22947,2022-11-08,MA,32611,Richard,Neal,True,Dem,32611,1,882,22028,0,Dean,Martilli,GOP,35463,2,71281,28189,0,,
1667964860,2022-11-09 03:34:20 +0000,ee3367b043972f1875e6948799a9babb4f41fd05,MA-20221108_Eday80,22,General,G,Active Tabulation,Too Early to Call,H,U.S. House,True,District 1,1,321709,95,92063,1167839,True,20221108MA22947,2022-11-08,MA,32611,Richard,Neal,True,Dem,32611,1,882,22028,0,Dean,Martilli,GOP,35463,2,71281,28189,0,,
1667965711,2022-11-09 03:48:31 +0000,3f97935f76145660588ec69d4480a824e21e2bd4,MA-20221108_Eday80,22,General,G,Active Tabulation,Too Early to Call,H,U.S. House,True,District 1,1,297132,95,96070,1167839,True,20221108MA22947,2022-11-08,MA,32611,Richard,Neal,True,Dem,32611,1,882,22028,0,Dean,Martilli,GOP,35463,2,71281,28189,0,,
1667966989,2022-11-09 04:09:49 +0000,47c6fd3e525919b429e23d0446afd1809e9c353c,MA-20221108_Eday80,22,General,G,Active Tabulation,Too Early to Call,H,U.S. House,True,District 1,1,297132,95,99318,1167839,True,20221108MA22947,2022-11-08,MA,32611,Richard,Neal,True,Dem,32611,1,882,22028,0,Dean,Martilli,GOP,35463,2,71281,28189,0,,
1667967269,2022-11-09 04:14:29 +0000,68d92bf23b94b96637a56b0d567d37a581d41ead,MA-20221108_Eday80,22,General,G,Active Tabulation,Too Early to Call,H,U.S. House,True,District 1,1,297132,95,109794,1167839,True,20221108MA22947,2022-11-08,MA,32611,Richard,Neal,True,Dem,32611,1,882,22028,0,Dean,Martilli,GOP,35463,2,71281,28189,0,,
1667967540,2022-11-08 22:19:00 -0600,673632f1537c7c9f2368084b99ec47b67621c41e,MA-20221108_Eday80,22,General,G,Active Tabulation,Too Early to Call,H,U.S. House,True,District 1,1,297132,95,116592,1167839,True,20221108MA22947,2022-11-08,MA,32611,Richard,Neal,True,Dem,32611,1,882,22028,0,Dean,Martilli,GOP,35463,2,71281,28189,0,,
1667967905,2022-11-08 22:25:05 -0600,7b53fc8cb8c53477e9f4fecf82fac92988ee5275,MA-20221108_Eday80,22,General,G,Active Tabulation,Too Early to Call,H,U.S. House,True,District 1,1,297132,95,125757,1167839,True,20221108MA22947,2022-11-08,MA,32611,Richard,Neal,True,Dem,32611,1,882,22028,0,Dean,Martilli,GOP,35463,2,71281,28189,0,,
1667968667,2022-11-08 22:37:47 -0600,a013d457c641e43c359ed7cf524810962213905d,MA-20221108_Eday80,22,General,G,Active Tabulation,Too Early to Call,H,U.S. House,True,District 1,1,297132,95,145190,1167839,True,20221108MA22947,2022-11-08,MA,32611,Richard,Neal,True,Dem,32611,1,882,22028,0,Dean,Martilli,GOP,35463,2,71281,28189,0,,
1667969592,2022-11-08 22:53:12 -0600,1aa535c5b76797aa0c55f68109cd2149e6f7b08a,MA-20221108_Eday80,22,General,G,Active Tabulation,Too Early to Call,H,U.S. House,True,District 1,1,290325,95,157860,1167839,True,20221108MA22947,2022-11-08,MA,32611,Richard,Neal,True,Dem,32611,1,882,22028,0,Dean,Martilli,GOP,35463,2,71281,28189,0,,
1667970373,2022-11-08 23:06:13 -0600,3ea973c74a9585b2e944f9dd59e390b2b951b2cd,MA-20221108_Eday80,22,General,G,Active Tabulation,Too Early to Call,H,U.S. House,True,District 1,1,290325,95,168240,1167839,True,20221108MA22947,2022-11-08,MA,32611,Richard,Neal,True,Dem,32611,1,882,22028,0,Dean,Martilli,GOP,35463,2,71281,28189,0,,
1667971213,2022-11-08 23:20:13 -0600,5f24f417653bba3396590267801436b107c31ac9,MA-20221108_Eday80,22,General,G,Active Tabulation,Too Early to Call,H,U.S. House,True,District 1,1,291330,95,168240,1167839,True,20221108MA22947,2022-11-08,MA,32611,Richard,Neal,True,Dem,32611,1,882,22028,0,Dean,Martilli,GOP,35463,2,71281,28189,0,,
1667971258,2022-11-08 23:20:58 -0600,66df93c53186cc5d338c8a4f0b94d8e859c4ec59,MA-20221108_Eday80,22,General,G,Active Tabulation,Too Early to Call,H,U.S. House,True,District 1,1,291330,95,168847,1167839,True,20221108MA22947,2022-11-08,MA,32611,Richard,Neal,True,Dem,32611,1,882,22028,0,Dean,Martilli,GOP,35463,2,71281,28189,0,,
1667971304,2022-11-08 23:21:44 -0600,1425fca56a9abad3e92162e44d8c52f320121f3e,MA-20221108_Eday80,22,General,G,Active Tabulation,Too Early to Call,H,U.S. House,True,District 1,1,291330,95,168240,1167839,True,20221108MA22947,2022-11-08,MA,32611,Richard,Neal,True,Dem,32611,1,882,22028,0,Dean,Martilli,GOP,35463,2,71281,28189,0,,
1667971350,2022-11-08 23:22:30 -0600,4e8d6a153dbb49007925da1747ddadcd1394934d,MA-20221108_Eday80,22,General,G,Active Tabulation,Too Early to Call,H,U.S. House,True,District 1,1,291330,95,168847,1167839,True,20221108MA22947,2022-11-08,MA,32611,Richard,Neal,True,Dem,32611,1,882,22028,0,Dean,Martilli,GOP,35463,2,71281,28189,0,,
1667971395,2022-11-08 23:23:15 -0600,d97519c7c3720d6e80913290b35064b53dd231cc,MA-20221108_Eday80,22,General,G,Active Tabulation,Too Early to Call,H,U.S. House,True,District 1,1,291330,95,168240,1167839,True,20221108MA22947,2022-11-08,MA,32611,Richard,Neal,True,Dem,32611,1,882,22028,0,Dean,Martilli,GOP,35463,2,71281,28189,0,,
1667971657,2022-11-08 23:27:37 -0600,d29b633bc901fb24234e16251a717d43d2b1d6c1,MA-20221108_Eday80,22,General,G,Active Tabulation,Too Early to Call,H,U.S. House,True,District 1,1,291330,95,168847,1167839,True,20221108MA22947,2022-11-08,MA,32611,Richard,Neal,True,Dem,32611,1,882,22028,0,Dean,Martilli,GOP,35463,2,71281,28189,0,,
1667971699,2022-11-08 23:28:19 -0600,ab5f2b666bd1b9bf6989ccd1e80db43497d771dc,MA-20221108_Eday80,22,General,G,Active Tabulation,Too Early to Call,H,U.S. House,True,District 1,1,291330,95,168240,1167839,True,20221108MA22947,2022-11-08,MA,32611,Richard,Neal,True,Dem,32611,1,882,22028,0,Dean,Martilli,GOP,35463,2,71281,28189,0,,
1667971785,2022-11-08 23:29:45 -0600,0263826aefa5e72057a0aaa213c232b6c0eefa0d,MA-20221108_Eday80,22,General,G,Active Tabulation,Too Early to Call,H,U.S. House,True,District 1,1,291330,95,168847,1167839,True,20221108MA22947,2022-11-08,MA,32611,Richard,Neal,True,Dem,32611,1,882,22028,0,Dean,Martilli,GOP,35463,2,71281,28189,0,,
1667972126,2022-11-08 23:35:26 -0600,617b070692e7bea69906440bb1aebd1bfcb3a90b,MA-20221108_Eday80,22,General,G,Active Tabulation,Too Early to Call,H,U.S. House,True,District 1,1,291330,95,171401,1167839,True,20221108MA22947,2022-11-08,MA,32611,Richard,Neal,True,Dem,32611,1,882,22028,0,Dean,Martilli,GOP,35463,2,71281,28189,0,,
1667972898,2022-11-08 23:48:18 -0600,7f5611a68542690dfbbea4b10f2d25fb123813f8,MA-20221108_Eday80,22,General,G,Active Tabulation,Too Early to Call,H,U.S. House,True,District 1,1,291330,95,172521,1167839,True,20221108MA22947,2022-11-08,MA,32611,Richard,Neal,True,Dem,32611,1,882,22028,0,Dean,Martilli,GOP,35463,2,71281,28189,0,,
1667973692,2022-11-09 00:01:32 -0600,ace2173236427104569b3ce7a51ec8e19284acf6,MA-20221108_Eday80,22,General,G,Active Tabulation,Too Early to Call,H,U.S. House,True,District 1,1,291330,95,173148,1167839,True,20221108MA22947,2022-11-08,MA,32611,Richard,Neal,True,Dem,32611,1,882,22028,0,Dean,Martilli,GOP,35463,2,71281,28189,0,,
1667973793,2022-11-09 00:03:13 -0600,471324a7f30a6780d5e1d2eb6bf6c21c79776e91,MA-20221108_Eday80,22,General,G,Active Tabulation,Too Early to Call,H,U.S. House,True,District 1,1,291330,95,180101,1167839,True,20221108MA22947,2022-11-08,MA,32611,Richard,Neal,True,Dem,32611,1,882,22028,0,Dean,Martilli,GOP,35463,2,71281,28189,0,,
1667974664,2022-11-09 00:17:44 -0600,d987a91643923201706646f74ed6cc4da6a088a6,MA-20221108_Eday80,22,General,G,Active Tabulation,Too Early to Call,H,U.S. House,True,District 1,1,291330,95,184776,1167839,True,20221108MA22947,2022-11-08,MA,32611,Richard,Neal,True,Dem,32611,1,882,22028,0,Dean,Martilli,GOP,35463,2,71281,28189,0,,
1667976306,2022-11-09 00:45:06 -0600,a65306ebcf7e41c11b1557bbe78229c6107820ce,MA-20221108_Eday80,22,General,G,Active Tabulation,Too Early to Call,H,U.S. House,True,District 1,1,291330,95,198347,1167839,True,20221108MA22947,2022-11-08,MA,32611,Richard,Neal,True,Dem,32611,1,882,22028,0,Dean,Martilli,GOP,35463,2,71281,28189,0,,
1667976387,2022-11-09 00:46:27 -0600,3fc81e357a75429f605eafd56848166989ceb407,MA-20221108_Eday80,22,General,G,Active Tabulation,Too Early to Call,H,U.S. House,True,District 1,1,291330,95,184776,1167839,True,20221108MA22947,2022-11-08,MA,32611,Richard,Neal,True,Dem,32611,1,882,22028,0,Dean,Martilli,GOP,35463,2,71281,28189,0,,
1667976427,2022-11-09 00:47:07 -0600,37543865b42fa093eb6d12d5468203ace58ae06d,MA-20221108_Eday80,22,General,G,Active Tabulation,Too Early to Call,H,U.S. House,True,District 1,1,291330,95,198347,1167839,True,20221108MA22947,2022-11-08,MA,32611,Richard,Neal,True,Dem,32611,1,882,22028,0,Dean,Martilli,GOP,35463,2,71281,28189,0,,
1667977035,2022-11-09 00:57:15 -0600,89983779edad63b3a09a72677c82618581111910,MA-20221108_Eday80,22,General,G,Active Tabulation,Too Early to Call,H,U.S. House,True,District 1,1,291330,95,199819,1167839,True,20221108MA22947,2022-11-08,MA,32611,Richard,Neal,True,Dem,32611,1,882,22028,0,Dean,Martilli,GOP,35463,2,71281,28189,0,,
1667977077,2022-11-09 00:57:57 -0600,e96cea5b95acdc4d7cb935c4ee20e3275e516aa1,MA-20221108_Eday80,22,General,G,Active Tabulation,Too Early to Call,H,U.S. House,True,District 1,1,291330,95,198347,1167839,True,20221108MA22947,2022-11-08,MA,32611,Richard,Neal,True,Dem,32611,1,882,22028,0,Dean,Martilli,GOP,35463,2,71281,28189,0,,
1667977118,2022-11-09 00:58:38 -0600,166d3636d4ad2b271b1961e941eeb74972fe2b9a,MA-20221108_Eday80,22,General,G,Active Tabulation,Too Early to Call,H,U.S. House,True,District 1,1,291330,95,199819,1167839,True,20221108MA22947,2022-11-08,MA,32611,Richard,Neal,True,Dem,32611,1,882,22028,0,Dean,Martilli,GOP,35463,2,71281,28189,0,,
1667977854,2022-11-09 01:10:54 -0600,48bc116d28d8730921e71b24209c1971684df670,MA-20221108_Eday80,22,General,G,Active Tabulation,Too Early to Call,H,U.S. House,True,District 1,1,283426,95,199819,1167839,True,20221108MA22947,2022-11-08,MA,32611,Richard,Neal,True,Dem,32611,1,882,22028,0,Dean,Martilli,GOP,35463,2,71281,28189,0,,
1667978906,2022-11-09 01:28:26 -0600,46fb017a53063e25347989264492b06463ea0564,MA-20221108_Eday80,22,General,G,Active Tabulation,Too Early to Call,H,U.S. House,True,District 1,1,279117,95,199819,1167839,True,20221108MA22947,2022-11-08,MA,32611,Richard,Neal,True,Dem,32611,1,882,22028,0,Dean,Martilli,GOP,35463,2,71281,28189,0,,
1667979555,2022-11-09 01:39:15 -0600,99fec7a54323274fb19e99f68c07f24f79e69250,MA-20221108_Eday80,22,General,G,Active Tabulation,Too Early to Call,H,U.S. House,True,District 1,1,279117,95,214381,1167839,True,20221108MA22947,2022-11-08,MA,32611,Richard,Neal,True,Dem,32611,1,882,22028,0,Dean,Martilli,GOP,35463,2,71281,28189,0,,
1667980717,2022-11-09 01:58:37 -0600,979cc4970243f257438e38dd6dfd832de95ae652,MA-20221108_Eday80,22,General,G,Active Tabulation,Too Early to Call,H,U.S. House,True,District 1,1,279117,95,216681,1167839,True,20221108MA22947,2022-11-08,MA,32611,Richard,Neal,True,Dem,32611,1,882,22028,0,Dean,Martilli,GOP,35463,2,71281,28189,0,,
1667983635,2022-11-09 02:47:15 -0600,1cdb9a7b5c0dc8139636f660659c4c3e1664a857,MA-20221108_Eday80,22,General,G,Active Tabulation,Too Early to Call,H,U.S. House,True,District 1,1,264882,95,216681,1167839,True,20221108MA22947,2022-11-08,MA,32611,Richard,Neal,True,Dem,32611,1,882,22028,0,Dean,Martilli,GOP,35463,2,71281,28189,0,,
1667983677,2022-11-09 02:47:57 -0600,9b7838a280f19cbb6fbc0c7b4c210c0b0c878b69,MA-20221108_Eday80,22,General,G,Active Tabulation,Too Early to Call,H,U.S. House,True,District 1,1,279117,95,216681,1167839,True,20221108MA22947,2022-11-08,MA,32611,Richard,Neal,True,Dem,32611,1,882,22028,0,Dean,Martilli,GOP,35463,2,71281,28189,0,,
1667983963,2022-11-09 02:52:43 -0600,f1299e7b87e7b24a37e8c19b46028623185c8975,MA-20221108_Eday80,22,General,G,Active Tabulation,Too Early to Call,H,U.S. House,True,District 1,1,264882,95,216681,1167839,True,20221108MA22947,2022-11-08,MA,32611,Richard,Neal,True,Dem,32611,1,882,22028,0,Dean,Martilli,GOP,35463,2,71281,28189,0,,
1667984561,2022-11-09 03:02:41 -0600,107298d156a71c1d2c999d5eae992045e4e36f92,MA-20221108_Eday80,22,General,G,Active Tabulation,Too Early to Call,H,U.S. House,True,District 1,1,270288,95,216681,1167839,True,20221108MA22947,2022-11-08,MA,32611,Richard,Neal,True,Dem,32611,1,882,22028,0,Dean,Martilli,GOP,35463,2,71281,28189,0,,
1667985436,2022-11-09 03:17:16 -0600,3424d47f5341c2a346e8a3799f78a52faeab6c0b,MA-20221108_Eday80,22,General,G,Active Tabulation,Too Early to Call,H,U.S. House,True,District 1,1,264882,95,216681,1167839,True,20221108MA22947,2022-11-08,MA,32611,Richard,Neal,True,Dem,32611,1,882,22028,0,Dean,Martilli,GOP,35463,2,71281,28189,0,,
1667986630,2022-11-09 03:37:10 -0600,bdc18b7713211c3f675ae3f141b7e51a89bfd88d,MA-20221108_Eday80,22,General,G,Active Tabulation,Called,H,U.S. House,True,District 1,1,264882,95,216681,1167839,True,20221108MA22947,2022-11-08,MA,32611,Richard,Neal,True,Dem,32611,1,882,22028,0,Dean,Martilli,GOP,35463,2,71281,28189,0,2022-11-09T09:25:10.040Z,
1667987524,2022-11-09 03:52:04 -0600,c251c6fbf74f00217c61f2d533377b35edad2d39,MA-20221108_Eday80,22,General,G,Active Tabulation,Called,H,U.S. House,True,District 1,1,270288,95,216681,1167839,True,20221108MA22947,2022-11-08,MA,32611,Richard,Neal,True,Dem,32611,1,882,22028,0,Dean,Martilli,GOP,35463,2,71281,28189,0,2022-11-09T09:25:10.040Z,
1668003014,2022-11-09 08:10:14 -0600,0eab4b276eab898af2627f71dd9e0a6c47fdd193,MA-20221108_Eday80,22,General,G,Active Tabulation,Called,H,U.S. House,True,District 1,1,270288,95,217339,1167839,True,20221108MA22947,2022-11-08,MA,32611,Richard,Neal,True,Dem,32611,1,882,22028,0,Dean,Martilli,GOP,35463,2,71281,28189,0,2022-11-09T09:25:10.040Z,
1668007145,2022-11-09 09:19:05 -0600,70e3ff1a64c7848981d7ecc33bbb3cbe270d6380,MA-20221108_Eday80,22,General,G,Active Tabulation,Called,H,U.S. House,True,District 1,1,270288,95,218374,1167839,True,20221108MA22947,2022-11-08,MA,32611,Richard,Neal,True,Dem,32611,1,882,22028,0,Dean,Martilli,GOP,35463,2,71281,28189,0,2022-11-09T09:25:10.040Z,
1668011278,2022-11-09 10:27:58 -0600,89fa544870eee2597fbb47bcdb0446569b121cd8,MA-20221108_Eday80,22,General,G,Active Tabulation,Called,H,U.S. House,True,District 1,1,270288,95,218729,1167839,True,20221108MA22947,2022-11-08,MA,32611,Richard,Neal,True,Dem,32611,1,882,22028,0,Dean,Martilli,GOP,35463,2,71281,28189,0,2022-11-09T09:25:10.040Z,
1668013021,2022-11-09 10:57:01 -0600,1fa719635a45a784804b5be262c5b531389d3282,MA-20221108_Eday80,22,General,G,Active Tabulation,Called,H,U.S. House,True,District 1,1,270288,95,219216,1167839,True,20221108MA22947,2022-11-08,MA,32611,Richard,Neal,True,Dem,32611,1,882,22028,0,Dean,Martilli,GOP,35463,2,71281,28189,0,2022-11-09T09:25:10.040Z,
1668014726,2022-11-09 11:25:26 -0600,a32677c4e760138ae75c3352c8387e02c07ff2e9,MA-20221108_Eday80,22,General,G,Active Tabulation,Called,H,U.S. House,True,District 1,1,270288,95,220251,1167839,True,20221108MA22947,2022-11-08,MA,32611,Richard,Neal,True,Dem,32611,1,882,22028,0,Dean,Martilli,GOP,35463,2,71281,28189,0,2022-11-09T09:25:10.040Z,
1668016282,2022-11-09 11:51:22 -0600,e151fd806f6dbeb7a6baf8d7eec7750307077882,MA-20221108_Eday80,22,General,G,Active Tabulation,Called,H,U.S. House,True,District 1,1,270288,95,227266,1167839,True,20221108MA22947,2022-11-08,MA,32611,Richard,Neal,True,Dem,32611,1,882,22028,0,Dean,Martilli,GOP,35463,2,71281,28189,0,2022-11-09T09:25:10.040Z,
1668017165,2022-11-09 12:06:05 -0600,082aa88b5912cef98698929006425a7c1aa446a4,MA-20221108_Eday80,22,General,G,Active Tabulation,Called,H,U.S. House,True,District 1,1,270631,95,227266,1167839,True,20221108MA22947,2022-11-08,MA,32611,Richard,Neal,True,Dem,32611,1,882,22028,0,Dean,Martilli,GOP,35463,2,71281,28189,0,2022-11-09T09:25:10.040Z,
1668018046,2022-11-09 12:20:46 -0600,f39f5395bce3d08abf023c8cdf19c243dd1dfbca,MA-20221108_Eday80,22,General,G,Active Tabulation,Called,H,U.S. House,True,District 1,1,270631,95,227296,1167839,True,20221108MA22947,2022-11-08,MA,32611,Richard,Neal,True,Dem,32611,1,882,22028,0,Dean,Martilli,GOP,35463,2,71281,28189,0,2022-11-09T09:25:10.040Z,
1668019687,2022-11-09 12:48:07 -0600,706537affaa1aaf708353d2526d57832c260ebaf,MA-20221108_Eday80,22,General,G,Active Tabulation,Called,H,U.S. House,True,District 1,1,265256,95,227675,1167839,True,20221108MA22947,2022-11-08,MA,32611,Richard,Neal,True,Dem,32611,1,882,22028,0,Dean,Martilli,GOP,35463,2,71281,28189,0,2022-11-09T09:25:10.040Z,
1668022234,2022-11-09 13:30:34 -0600,bc5edd902fbe42b692624b6cc02f7422c5c8c56c,MA-20221108_Eday80,22,General,G,Active Tabulation,Called,H,U.S. House,True,District 1,1,261896,95,227675,1167839,True,20221108MA22947,2022-11-08,MA,32611,Richard,Neal,True,Dem,32611,1,882,22028,0,Dean,Martilli,GOP,35463,2,71281,28189,0,2022-11-09T09:25:10.040Z,
1668023888,2022-11-09 13:58:08 -0600,61c6c5a40b8f0a651e5a678da4811da53e6dd6a2,MA-20221108_Eday80,22,General,G,Active Tabulation,Called,H,U.S. House,True,District 1,1,261896,95,226240,1167839,True,20221108MA22947,2022-11-08,MA,32611,Richard,Neal,True,Dem,32611,1,882,22028,0,Dean,Martilli,GOP,35463,2,71281,28189,0,2022-11-09T09:25:10.040Z,
1668029016,2022-11-09 15:23:36 -0600,b2f979ee917d6fa32261cf8c9457d8f052f0cfe5,MA-20221108_Eday80,22,General,G,Active Tabulation,Called,H,U.S. House,True,District 1,1,260446,95,227082,1167839,True,20221108MA22947,2022-11-08,MA,32611,Richard,Neal,True,Dem,32611,1,882,22028,0,Dean,Martilli,GOP,35463,2,71281,28189,0,2022-11-09T09:25:10.040Z,
1668031757,2022-11-09 16:09:17 -0600,0a6421d2fd1a2cdffaf35e2c94bdeb66e6e85a65,MA-20221108_Eday80,22,General,G,Active Tabulation,Called,H,U.S. House,True,District 1,1,260516,95,227082,1167839,True,20221108MA22947,2022-11-08,MA,32611,Richard,Neal,True,Dem,32611,1,882,22028,0,Dean,Martilli,GOP,35463,2,71281,28189,0,2022-11-09T09:25:10.040Z,
1668090546,2022-11-10 08:29:06 -0600,cfc867798476f97e3fd40559dd470a91652a0416,MA-20221108_Eday80,22,General,G,Active Tabulation,Called,H,U.S. House,True,District 1,1,260516,95,227939,1167839,True,20221108MA22947,2022-11-08,MA,32611,Richard,Neal,True,Dem,32611,1,882,22028,0,Dean,Martilli,GOP,35463,2,71281,28189,0,2022-11-09T09:25:10.040Z,
1668092308,2022-11-10 08:58:28 -0600,3ce2858f35f55c2251236d1b941a985db055855b,MA-20221108_Eday80,22,General,G,Active Tabulation,Called,H,U.S. House,True,District 1,1,260516,95,246099,1167839,True,20221108MA22947,2022-11-08,MA,32611,Richard,Neal,True,Dem,32611,1,882,22028,0,Dean,Martilli,GOP,35463,2,71281,28189,0,2022-11-09T09:25:10.040Z,
1668095890,2022-11-10 09:58:10 -0600,4b73efce7090e5cd581dc381cb5be4760b2a4508,MA-20221108_Eday80,22,General,G,Active Tabulation,Called,H,U.S. House,True,District 1,1,260516,95,246202,1167839,True,20221108MA22947,2022-11-08,MA,32611,Richard,Neal,True,Dem,32611,1,882,22028,0,Dean,Martilli,GOP,35463,2,71281,28189,0,2022-11-09T09:25:10.040Z,
1668125662,2022-11-10 18:14:22 -0600,aa218580f76ed13dc3a78862a685fe829d8de493,MA-20221108_Eday80,22,General,G,Active Tabulation,Called,H,U.S. House,True,District 1,1,252635,95,246202,1167839,True,20221108MA22947,2022-11-08,MA,32611,Richard,Neal,True,Dem,32611,1,882,22028,0,Dean,Martilli,GOP,35463,2,71281,28189,0,2022-11-09T09:25:10.040Z,
1668144895,2022-11-10 23:34:55 -0600,9fe81e957f9ac3be867bcf2997e98f491c31be56,MA-20221108_Eday80,22,General,G,Active Tabulation,Called,H,U.S. House,True,District 1,1,252635,99,246202,1167839,True,20221108MA22947,2022-11-08,MA,32611,Richard,Neal,True,Dem,32611,1,882,22028,0,Dean,Martilli,GOP,35463,2,71281,28189,0,2022-11-09T09:25:10.040Z,
1668179633,2022-11-11 09:13:53 -0600,306daf9c0a75d36bf735483259b5a39ccddb8f92,MA-20221108_Eday80,22,General,G,Active Tabulation,Called,H,U.S. House,True,District 1,1,252635,99,249496,1167839,True,20221108MA22947,2022-11-08,MA,32611,Richard,Neal,True,Dem,32611,1,882,22028,0,Dean,Martilli,GOP,35463,2,71281,28189,0,2022-11-09T09:25:10.040Z,
1668278003,2022-11-12 12:33:23 -0600,970761ecdefd097452758ad685041f4488f973fd,MA-20221108_Eday80,22,General,G,Active Tabulation,Called,H,U.S. House,True,District 1,1,255744,99,249496,1167839,True,20221108MA22947,2022-11-08,MA,32611,Richard,Neal,True,Dem,32611,1,882,22028,0,Dean,Martilli,GOP,35463,2,71281,28189,0,2022-11-09T09:25:10.040Z,
1668442816,2022-11-14 10:20:16 -0600,0595e6fe51b3c60b3988957fa6e449df5c9d8543,MA-20221108_Eday80,22,General,G,Tabulation Paused,Called,H,U.S. House,True,District 1,1,255744,99,249757,1167839,True,20221108MA22947,2022-11-08,MA,32611,Richard,Neal,True,Dem,32611,1,882,22028,0,Dean,Martilli,GOP,35463,2,71281,28189,0,2022-11-09T09:25:10.040Z,
1668457164,2022-11-14 14:19:24 -0600,3cd2671ebb6e2c9c5bd386c4cd9e5b84b9ecf09a,MA-20221108_Eday80,22,General,G,Tabulation Paused,Called,H,U.S. House,True,District 1,1,255744,99,249764,1167839,True,20221108MA22947,2022-11-08,MA,32611,Richard,Neal,True,Dem,32611,1,882,22028,0,Dean,Martilli,GOP,35463,2,71281,28189,0,2022-11-09T09:25:10.040Z,
1668458017,2022-11-14 14:33:37 -0600,4ae26bf80046363557355fe78c7f5a81b4fd5214,MA-20221108_Eday80,22,General,G,Tabulation Paused,Called,H,U.S. House,True,District 1,1,255744,99,249788,1167839,True,20221108MA22947,2022-11-08,MA,32611,Richard,Neal,True,Dem,32611,1,882,22028,0,Dean,Martilli,GOP,35463,2,71281,28189,0,2022-11-09T09:25:10.040Z,
1668459024,2022-11-14 14:50:24 -0600,2b75e54e3e376e3eea4ae18ff2b06075f2f25a4a,MA-20221108_Eday80,22,General,G,Tabulation Paused,Called,H,U.S. House,True,District 1,1,255744,99,249901,1167839,True,20221108MA22947,2022-11-08,MA,32611,Richard,Neal,True,Dem,32611,1,882,22028,0,Dean,Martilli,GOP,35463,2,71281,28189,0,2022-11-09T09:25:10.040Z,
1668621085,2022-11-16 11:51:25 -0600,5d47b6650787f5cded3e39eb60812bc097431e85,MA-20221108_Eday80,22,General,G,Active Tabulation,Called,H,U.S. House,True,District 1,1,255762,99,249901,1167839,True,20221108MA22947,2022-11-08,MA,32611,Richard,Neal,True,Dem,32611,1,882,22028,0,Dean,Martilli,GOP,35463,2,71281,28189,0,2022-11-09T09:25:10.040Z,
1669846728,2022-11-30 16:18:48 -0600,e2c2db364b000a567d750f80741702a32158a150,MA-20221108_Eday80,22,General,G,Gathering Certified Results,Called,H,U.S. House,True,District 1,1,251338,100,249901,1167839,True,20221108MA22947,2022-11-08,MA,32611,Richard,Neal,True,Dem,32611,1,882,22028,0,Dean,Martilli,GOP,35463,2,71281,28189,0,2022-11-09T09:25:10.040Z,False
