captureTimestamp,captureDateTime,captureRevision,raceID,resultsType,eevp,statePostal,stateName,reportingunitID,reportingunitLevel,pollClosingTime,level,electTotal,lastUpdated,precinctsReporting,precinctsTotal,precinctsReportingPct,candidates.0.candidateID,candidates.0.voteCount,candidates.0.votePct,candidates.1.candidateID,candidates.1.voteCount,candidates.1.votePct,candidates.2.candidateID,candidates.2.voteCount,candidates.2.votePct,parameters.vote.expected.actual,parameters.vote.expected.eevpCap,parameters.vote.total,parameters.vote.registered,parameters.precinctsReportingActual,parameters.precinctsReportingProportional,candidates.0.winner,candidates.0.calledAt,candidates.0.colorIndex,candidates.1.colorIndex,candidates.2.colorIndex
1667886761,2022-11-08 05:52:41 +0000,454ce019f86614717daba988180b8577e032630f,20221108AR5103,live,0.0,AR,Arkansas,4,1,2022-11-09T01:30:00.000Z,state,0,2022-11-07T22:52:30.502Z,0,2573,0.0,11958,0,0.0,13951,0,0.0,14273,0,0.0,968000,99,0,1765681,0,0,,,,,
1667944347,2022-11-08 21:52:27 +0000,05a3e91e497cb8d3251b3f2f481fd479b6ed8cc7,20221108AR5103,live,0.0,AR,Arkansas,4,1,2022-11-09T01:30:00.000Z,state,0,2022-11-08T20:50:13.679Z,0,2573,0.0,11958,0,0.0,13951,0,0.0,14273,0,0.0,968000,99,0,1765681,0,0,,,,,
1667949842,2022-11-08 23:24:02 +0000,e733c733b3b3c33f13905f9501db69cb94a55a64,20221108AR5103,live,0.0,AR,Arkansas,4,1,2022-11-09T01:30:00.000Z,state,0,2022-11-08T23:15:13.655Z,0,2573,0.0,11958,0,0.0,13951,0,0.0,14273,0,0.0,968000,99,0,1765681,0,0,,,,,
1667954884,2022-11-09 00:48:04 +0000,8f544a76833fbb21dc3fbc0ce7b73e3714be8529,20221108AR5103,live,0.0,AR,Arkansas,4,1,2022-11-09T01:30:00.000Z,state,0,2022-11-09T00:42:38.613Z,0,2573,0.0,11958,0,0.0,13951,0,0.0,14273,0,0.0,968000,99,0,1765681,0,0,,,,,
1667957715,2022-11-09 01:35:15 +0000,97cbc8b93cc842818a0fba948144842c3e8d51f0,20221108AR5103,live,0.0,AR,Arkansas,4,1,2022-11-09T01:30:00.000Z,state,0,2022-11-09T01:30:05.075Z,0,2573,0.0,11958,0,0.0,13951,0,0.0,14273,0,0.0,968000,99,0,1765681,0,0,X,2022-11-09T01:30:03.718Z,0.0,,
1667957993,2022-11-09 01:39:53 +0000,af6b7ce58befb45bf1dd57f93615d5da519d3770,20221108AR5103,live,0.0,AR,Arkansas,4,1,2022-11-09T01:30:00.000Z,state,0,2022-11-09T01:31:46.843Z,0,2573,0.0,11958,0,0.0,13951,0,0.0,14273,0,0.0,968000,99,0,1765681,0,0,X,2022-11-09T01:30:03.718Z,0.0,,
1667958273,2022-11-09 01:44:33 +0000,4199c67ba64ae17927c85a89877c89e59a577ae0,20221108AR5103,live,0.24,AR,Arkansas,4,1,2022-11-09T01:30:00.000Z,state,0,2022-11-09T01:39:09.854Z,0,2573,0.0,11958,1607,69.99,13951,640,27.87,14273,49,2.13,968000,99,2296,1765681,0,6,X,2022-11-09T01:30:03.718Z,0.0,,
1667958559,2022-11-09 01:49:19 +0000,0a6694bb1cdd9734aff1178f6a5894d33a1a95cc,20221108AR5103,live,0.83,AR,Arkansas,4,1,2022-11-09T01:30:00.000Z,state,0,2022-11-09T01:42:28.280Z,0,2573,0.0,11958,6071,75.41,13951,1768,21.96,14273,212,2.63,968000,99,8051,1765681,0,21,X,2022-11-09T01:30:03.718Z,0.0,,
1667958843,2022-11-09 01:54:03 +0000,cdc0d2ad2c3afd665dd741c97f9de238aafb3cf6,20221108AR5103,live,2.85,AR,Arkansas,4,1,2022-11-09T01:30:00.000Z,state,0,2022-11-09T01:46:36.743Z,0,2573,0.0,11958,21497,78.02,13951,5305,19.25,14273,751,2.73,968000,99,27553,1765681,0,73,X,2022-11-09T01:30:03.718Z,0.0,,
1667959124,2022-11-09 01:58:44 +0000,ebdb2f4efab49b8071a842b145008e58069ff969,20221108AR5103,live,3.51,AR,Arkansas,4,1,2022-11-09T01:30:00.000Z,state,0,2022-11-09T01:52:16.207Z,0,2573,0.0,11958,25175,74.01,13951,7972,23.44,14273,867,2.55,968000,99,34014,1765681,0,90,X,2022-11-09T01:30:03.718Z,0.0,,
1667959410,2022-11-09 02:03:30 +0000,98a277291480f2bee1271d939218798a5aa6ad2a,20221108AR5103,live,11.54,AR,Arkansas,4,1,2022-11-09T01:30:00.000Z,state,0,2022-11-09T01:57:10.095Z,2,2573,0.08,11958,58754,52.6,13951,50479,45.19,14273,2472,2.21,968000,99,111705,1765681,2,297,X,2022-11-09T01:30:03.718Z,0.0,1.0,
1667959699,2022-11-09 02:08:19 +0000,204acec220204cf7636f9483a8300da582a314fa,20221108AR5103,live,14.51,AR,Arkansas,4,1,2022-11-09T01:30:00.000Z,state,0,2022-11-09T02:02:00.823Z,2,2573,0.08,11958,79118,56.34,13951,57934,41.26,14273,3368,2.4,968000,99,140420,1765681,2,373,X,2022-11-09T01:30:03.718Z,0.0,1.0,
1667959981,2022-11-09 02:13:01 +0000,f7108f15221a3f4ac4310e0ba678593081137a5c,20221108AR5103,live,15.21,AR,Arkansas,4,1,2022-11-09T01:30:00.000Z,state,0,2022-11-09T02:04:27.470Z,2,2573,0.08,11958,84558,57.45,13951,59055,40.12,14273,3583,2.43,968000,99,147196,1765681,2,391,X,2022-11-09T01:30:03.718Z,0.0,1.0,
1667960264,2022-11-09 02:17:44 +0000,e239f4bcca07deff3069ebbdd016fa8b8d41d752,20221108AR5103,live,17.33,AR,Arkansas,4,1,2022-11-09T01:30:00.000Z,state,0,2022-11-09T02:11:29.105Z,2,2573,0.08,11958,99033,59.02,13951,64561,38.48,14273,4189,2.5,968000,99,167783,1765681,2,446,X,2022-11-09T01:30:03.718Z,0.0,1.0,
1667960540,2022-11-09 02:22:20 +0000,8f457dad835364421624abf7a3b05a9acf49f0bd,20221108AR5103,live,17.86,AR,Arkansas,4,1,2022-11-09T01:30:00.000Z,state,0,2022-11-09T02:15:43.997Z,2,2573,0.08,11958,102906,59.52,13951,65636,37.97,14273,4338,2.51,968000,99,172880,1765681,2,460,X,2022-11-09T01:30:03.718Z,0.0,1.0,
1667960816,2022-11-09 02:26:56 +0000,8a1624065b18c7c6c4408259c296b51116c46c3f,20221108AR5103,live,21.4,AR,Arkansas,4,1,2022-11-09T01:30:00.000Z,state,0,2022-11-09T02:21:31.225Z,2,2573,0.08,11958,110255,53.23,13951,75905,36.65,14273,20974,10.13,968000,99,207134,1765681,2,551,X,2022-11-09T01:30:03.718Z,0.0,1.0,2.0
1667961093,2022-11-09 02:31:33 +0000,1ec6490691d550bb25c67a95029d41260dad9223,20221108AR5103,live,24.7,AR,Arkansas,4,1,2022-11-09T01:30:00.000Z,state,0,2022-11-09T02:26:36.776Z,7,2573,0.27,11958,131307,54.91,13951,85774,35.87,14273,22053,9.22,968000,99,239134,1765681,7,636,X,2022-11-09T01:30:03.718Z,0.0,1.0,2.0
1667961378,2022-11-09 02:36:18 +0000,38867b5c6238941f5844472df77322f71d62b761,20221108AR5103,live,24.75,AR,Arkansas,4,1,2022-11-09T01:30:00.000Z,state,0,2022-11-09T02:30:38.916Z,12,2573,0.47,11958,131664,54.97,13951,85812,35.82,14273,22063,9.21,968000,99,239539,1765681,12,637,X,2022-11-09T01:30:03.718Z,0.0,1.0,2.0
1667961709,2022-11-09 02:41:49 +0000,0f04550731ed05e8c23b521fa0b273774c5a4a51,20221108AR5103,live,26.67,AR,Arkansas,4,1,2022-11-09T01:30:00.000Z,state,0,2022-11-09T02:35:24.411Z,37,2573,1.44,11958,145205,56.24,13951,90324,34.98,14273,22667,8.78,968000,99,258196,1765681,37,686,X,2022-11-09T01:30:03.718Z,0.0,1.0,2.0
1667961990,2022-11-09 02:46:30 +0000,34fd47cd084122fe0c5fed09f89e8cc11319e728,20221108AR5103,live,26.67,AR,Arkansas,4,1,2022-11-09T01:30:00.000Z,state,0,2022-11-09T02:37:04.599Z,37,2573,1.44,11958,145205,56.24,13951,90324,34.98,14273,22667,8.78,968000,99,258196,1765681,37,686,X,2022-11-09T01:30:03.718Z,0.0,1.0,2.0
1667962272,2022-11-09 02:51:12 +0000,22cc2cb364805735e8373437043abe797d3cbbf4,20221108AR5103,live,26.88,AR,Arkansas,4,1,2022-11-09T01:30:00.000Z,state,0,2022-11-09T02:44:07.762Z,96,2573,3.73,11958,146820,56.43,13951,90621,34.83,14273,22735,8.74,968000,99,260176,1765681,96,692,X,2022-11-09T01:30:03.718Z,0.0,1.0,2.0
1667962555,2022-11-09 02:55:55 +0000,84c8aec46b0824d2dabb875d986800c8bb475bfb,20221108AR5103,live,35.93,AR,Arkansas,4,1,2022-11-09T01:30:00.000Z,state,0,2022-11-09T02:50:29.951Z,145,2573,5.64,11958,204000,58.66,13951,118277,34.01,14273,25511,7.34,968000,99,347788,1765681,145,924,X,2022-11-09T01:30:03.718Z,0.0,1.0,2.0
1667962837,2022-11-09 03:00:37 +0000,d57fedbb0cf82cf130c9d008e459203d23c317e0,20221108AR5103,live,37.56,AR,Arkansas,4,1,2022-11-09T01:30:00.000Z,state,0,2022-11-09T02:54:37.300Z,149,2573,5.79,11958,216651,59.58,13951,120819,33.23,14273,26146,7.19,968000,99,363616,1765681,149,967,X,2022-11-09T01:30:03.718Z,0.0,1.0,2.0
1667963111,2022-11-09 03:05:11 +0000,e819c6c0592b367c01eebbb86e897f39b2d774d1,20221108AR5103,live,40.44,AR,Arkansas,4,1,2022-11-09T01:30:00.000Z,state,0,2022-11-09T02:58:32.355Z,144,2573,5.6,11958,249037,63.62,13951,131023,33.47,14273,11415,2.92,968000,99,391475,1765681,144,1041,X,2022-11-09T01:30:03.718Z,0.0,1.0,
1667963396,2022-11-09 03:09:56 +0000,6a46c0776c43a17d759f81499ba9ed2e8d7622fc,20221108AR5103,live,44.86,AR,Arkansas,4,1,2022-11-09T01:30:00.000Z,state,0,2022-11-09T03:00:49.178Z,144,2573,5.6,11958,271480,62.52,13951,150381,34.63,14273,12400,2.86,968000,99,434261,1765681,144,1154,X,2022-11-09T01:30:03.718Z,0.0,1.0,
1667963668,2022-11-09 03:14:28 +0000,504ec01bb7ea4ec861b67f44aa636e0055b5ba3d,20221108AR5103,live,48.39,AR,Arkansas,4,1,2022-11-09T01:30:00.000Z,state,0,2022-11-09T03:09:31.380Z,238,2573,9.25,11958,295753,63.14,13951,159372,34.02,14273,13303,2.84,968000,99,468428,1765681,238,1245,X,2022-11-09T01:30:03.718Z,0.0,1.0,
1667963936,2022-11-09 03:18:56 +0000,05b874b27e9d0f9fdd5056261aa4b35a7cfd0586,20221108AR5103,live,51.06,AR,Arkansas,4,1,2022-11-09T01:30:00.000Z,state,0,2022-11-09T03:12:35.667Z,321,2573,12.48,11958,313796,63.49,13951,166207,33.63,14273,14212,2.88,968000,99,494215,1765681,321,1314,X,2022-11-09T01:30:03.718Z,0.0,1.0,
1667964227,2022-11-09 03:23:47 +0000,1cb90b95cdd6c1be23968f2b7d9618a95c5a5ad9,20221108AR5103,live,54.13,AR,Arkansas,4,1,2022-11-09T01:30:00.000Z,state,0,2022-11-09T03:18:38.763Z,354,2573,13.76,11958,336744,64.26,13951,171921,32.81,14273,15351,2.93,968000,99,524016,1765681,354,1393,X,2022-11-09T01:30:03.718Z,0.0,1.0,
1667964559,2022-11-09 03:29:19 +0000,9953e63a0357b9189618b1f7ef238581cfdffcbb,20221108AR5103,live,55.24,AR,Arkansas,4,1,2022-11-09T01:30:00.000Z,state,0,2022-11-09T03:24:08.786Z,451,2573,17.53,11958,345471,64.61,13951,173470,32.44,14273,15762,2.95,968000,99,534703,1765681,451,1421,X,2022-11-09T01:30:03.718Z,0.0,1.0,
1667964860,2022-11-09 03:34:20 +0000,ee3367b043972f1875e6948799a9babb4f41fd05,20221108AR5103,live,56.68,AR,Arkansas,4,1,2022-11-09T01:30:00.000Z,state,0,2022-11-09T03:28:57.043Z,492,2573,19.12,11958,356061,64.89,13951,176439,32.16,14273,16208,2.95,968000,99,548708,1765681,492,1458,X,2022-11-09T01:30:03.718Z,0.0,1.0,
1667965148,2022-11-09 03:39:08 +0000,6fdfe90630de6ba7d3077daaa37563b39e419cfc,20221108AR5103,live,57.09,AR,Arkansas,4,1,2022-11-09T01:30:00.000Z,state,0,2022-11-09T03:31:58.721Z,496,2573,19.28,11958,357858,64.75,13951,178457,32.29,14273,16327,2.95,968000,99,552642,1765681,496,1469,X,2022-11-09T01:30:03.718Z,0.0,1.0,
1667965711,2022-11-09 03:48:31 +0000,3f97935f76145660588ec69d4480a824e21e2bd4,20221108AR5103,live,59.91,AR,Arkansas,4,1,2022-11-09T01:30:00.000Z,state,0,2022-11-09T03:42:34.618Z,518,2573,20.13,11958,375623,64.77,13951,187003,32.25,14273,17263,2.98,968000,99,579889,1765681,518,1541,X,2022-11-09T01:30:03.718Z,0.0,1.0,
1667966001,2022-11-09 03:53:21 +0000,cee0a612753351ddb30fde2a157613da20f2be01,20221108AR5103,live,62.51,AR,Arkansas,4,1,2022-11-09T01:30:00.000Z,state,0,2022-11-09T03:49:06.026Z,571,2573,22.19,11958,394959,65.27,13951,192159,31.76,14273,17963,2.97,968000,99,605081,1765681,571,1608,X,2022-11-09T01:30:03.718Z,0.0,1.0,
1667966989,2022-11-09 04:09:49 +0000,47c6fd3e525919b429e23d0446afd1809e9c353c,20221108AR5103,live,66.37,AR,Arkansas,4,1,2022-11-09T01:30:00.000Z,state,0,2022-11-09T04:00:51.459Z,627,2573,24.37,11958,420481,65.45,13951,202821,31.57,14273,19164,2.98,968000,99,642466,1765681,627,1708,X,2022-11-09T01:30:03.718Z,0.0,1.0,
1667967269,2022-11-09 04:14:29 +0000,68d92bf23b94b96637a56b0d567d37a581d41ead,20221108AR5103,live,66.37,AR,Arkansas,4,1,2022-11-09T01:30:00.000Z,state,0,2022-11-09T04:05:31.866Z,627,2573,24.37,11958,420481,65.45,13951,202821,31.57,14273,19164,2.98,968000,99,642466,1765681,627,1708,X,2022-11-09T01:30:03.718Z,0.0,1.0,
1667967540,2022-11-08 22:19:00 -0600,673632f1537c7c9f2368084b99ec47b67621c41e,20221108AR5103,live,68.25,AR,Arkansas,4,1,2022-11-09T01:30:00.000Z,state,0,2022-11-09T04:13:40.524Z,634,2573,24.64,11958,434813,65.82,13951,206052,31.19,14273,19758,2.99,968000,99,660623,1765681,634,1756,X,2022-11-09T01:30:03.718Z,0.0,1.0,
1667967905,2022-11-08 22:25:05 -0600,7b53fc8cb8c53477e9f4fecf82fac92988ee5275,20221108AR5103,live,68.25,AR,Arkansas,4,1,2022-11-09T01:30:00.000Z,state,0,2022-11-09T04:21:35.896Z,634,2573,24.64,11958,434813,65.82,13951,206052,31.19,14273,19758,2.99,968000,99,660623,1765681,634,1756,X,2022-11-09T01:30:03.718Z,0.0,1.0,
1667968316,2022-11-08 22:31:56 -0600,c7364a5d7197a125b098705a317e32ff0afe0f57,20221108AR5103,live,68.25,AR,Arkansas,4,1,2022-11-09T01:30:00.000Z,state,0,2022-11-09T04:30:44.675Z,634,2573,24.64,11958,434813,65.82,13951,206052,31.19,14273,19758,2.99,968000,99,660623,1765681,634,1756,X,2022-11-09T01:30:03.718Z,0.0,1.0,
1667968538,2022-11-08 22:35:38 -0600,921a14073c0a588fcddcb6fa0c38955a3a5e6401,20221108AR5103,live,68.25,AR,Arkansas,4,1,2022-11-09T01:30:00.000Z,state,0,2022-11-09T04:34:22.104Z,634,2573,24.64,11958,434813,65.82,13951,206052,31.19,14273,19758,2.99,968000,99,660623,1765681,634,1756,X,2022-11-09T01:30:03.718Z,0.0,1.0,
1667968709,2022-11-08 22:38:29 -0600,a479186c1a21e09ae947de1863bf72d461e8b879,20221108AR5103,live,69.39,AR,Arkansas,4,1,2022-11-09T01:30:00.000Z,state,0,2022-11-09T04:35:38.089Z,665,2573,25.85,11958,443639,66.04,13951,207818,30.94,14273,20267,3.02,968000,99,671724,1765681,665,1785,X,2022-11-09T01:30:03.718Z,0.0,1.0,
1667968757,2022-11-08 22:39:17 -0600,444e7baf756125a86bedac9f7455307c41fed63a,20221108AR5103,live,69.39,AR,Arkansas,4,1,2022-11-09T01:30:00.000Z,state,0,2022-11-09T04:37:17.955Z,665,2573,25.85,11958,443639,66.04,13951,207818,30.94,14273,20267,3.02,968000,99,671724,1765681,665,1785,X,2022-11-09T01:30:03.718Z,0.0,1.0,
1667968798,2022-11-08 22:39:58 -0600,a5f602864fc4763e8a6bc6f82d3436a01320e3bc,20221108AR5103,live,72.87,AR,Arkansas,4,1,2022-11-09T01:30:00.000Z,state,0,2022-11-09T04:38:29.182Z,895,2573,34.78,11958,463111,65.66,13951,220646,31.28,14273,21577,3.06,968000,99,705334,1765681,895,1875,X,2022-11-09T01:30:03.718Z,0.0,1.0,
1667968931,2022-11-08 22:42:11 -0600,cca40a484cb23456c0df129e9bd1750068cb4880,20221108AR5103,live,72.87,AR,Arkansas,4,1,2022-11-09T01:30:00.000Z,state,0,2022-11-09T04:40:41.656Z,895,2573,34.78,11958,463111,65.66,13951,220646,31.28,14273,21577,3.06,968000,99,705334,1765681,895,1875,X,2022-11-09T01:30:03.718Z,0.0,1.0,
1667969334,2022-11-08 22:48:54 -0600,564b670a16af98b12d8c8533dac3052916cfa498,20221108AR5103,live,73.19,AR,Arkansas,4,1,2022-11-09T01:30:00.000Z,state,0,2022-11-09T04:47:26.723Z,949,2573,36.88,11958,465718,65.73,13951,221078,31.2,14273,21724,3.07,968000,99,708520,1765681,949,1883,X,2022-11-09T01:30:03.718Z,0.0,1.0,
1667969505,2022-11-08 22:51:45 -0600,ffc1def8f9e2bf7a494bb8b128a38f199b58da48,20221108AR5103,live,74.99,AR,Arkansas,4,1,2022-11-09T01:30:00.000Z,state,0,2022-11-09T04:50:42.561Z,991,2573,38.52,11958,477892,65.84,13951,225520,31.07,14273,22473,3.1,968000,99,725885,1765681,991,1929,X,2022-11-09T01:30:03.718Z,0.0,1.0,
1667969549,2022-11-08 22:52:29 -0600,d5fdf591369d5db6b2ad36681ee672e4aa744331,20221108AR5103,live,74.99,AR,Arkansas,4,1,2022-11-09T01:30:00.000Z,state,0,2022-11-09T04:50:42.561Z,991,2573,38.52,11958,477892,65.84,13951,225520,31.07,14273,22473,3.1,968000,99,725885,1765681,991,1929,X,2022-11-09T01:30:03.718Z,0.0,1.0,
1667969636,2022-11-08 22:53:56 -0600,343edcc3a5440ed7e985b5b1b439acfe9dc3a7bb,20221108AR5103,live,78.43,AR,Arkansas,4,1,2022-11-09T01:30:00.000Z,state,0,2022-11-09T04:52:50.602Z,982,2573,38.17,11958,492359,64.85,13951,243370,32.05,14273,23515,3.1,968000,99,759244,1765681,982,2018,X,2022-11-09T01:30:03.718Z,0.0,1.0,
1667969723,2022-11-08 22:55:23 -0600,b509b5bfc09bde62e91159629c11e0b7e48daab9,20221108AR5103,live,78.43,AR,Arkansas,4,1,2022-11-09T01:30:00.000Z,state,0,2022-11-09T04:54:00.731Z,982,2573,38.17,11958,492359,64.85,13951,243370,32.05,14273,23515,3.1,968000,99,759244,1765681,982,2018,X,2022-11-09T01:30:03.718Z,0.0,1.0,
1667969897,2022-11-08 22:58:17 -0600,4cc79ac7abd56ff5901adb554fdccc45c88f1310,20221108AR5103,live,79.89,AR,Arkansas,4,1,2022-11-09T01:30:00.000Z,state,0,2022-11-09T04:56:47.498Z,1026,2573,39.88,11958,502961,65.04,13951,246348,31.86,14273,23998,3.1,968000,99,773307,1765681,1026,2055,X,2022-11-09T01:30:03.718Z,0.0,1.0,
1667970071,2022-11-08 23:01:11 -0600,dbae837cbbaf1f3aaf9390e6aaa3521af778ad97,20221108AR5103,live,80.76,AR,Arkansas,4,1,2022-11-09T01:30:00.000Z,state,0,2022-11-09T05:00:06.281Z,1042,2573,40.5,11958,508381,65.03,13951,249203,31.88,14273,24192,3.09,968000,99,781776,1765681,1042,2078,X,2022-11-09T01:30:03.718Z,0.0,1.0,
1667970114,2022-11-08 23:01:54 -0600,68b6dbb0ab0b313af53b82f98636ce9a824bdc54,20221108AR5103,live,80.76,AR,Arkansas,4,1,2022-11-09T01:30:00.000Z,state,0,2022-11-09T05:00:18.205Z,1042,2573,40.5,11958,508381,65.03,13951,249203,31.88,14273,24192,3.09,968000,99,781776,1765681,1042,2078,X,2022-11-09T01:30:03.718Z,0.0,1.0,
1667970156,2022-11-08 23:02:36 -0600,84ea53799ae0036a04ac85127e62d719394c963e,20221108AR5103,live,80.76,AR,Arkansas,4,1,2022-11-09T01:30:00.000Z,state,0,2022-11-09T05:01:09.604Z,1054,2573,40.96,11958,508381,65.03,13951,249203,31.88,14273,24192,3.09,968000,99,781776,1765681,1054,2078,X,2022-11-09T01:30:03.718Z,0.0,1.0,
1667970327,2022-11-08 23:05:27 -0600,1b6c4725cf9e59e40e1d6792336f8520d5b10b5b,20221108AR5103,live,80.93,AR,Arkansas,4,1,2022-11-09T01:30:00.000Z,state,0,2022-11-09T05:04:30.758Z,884,2573,34.36,11958,509593,65.05,13951,249537,31.85,14273,24275,3.1,968000,99,783405,1765681,884,2082,X,2022-11-09T01:30:03.718Z,0.0,1.0,
1667970373,2022-11-08 23:06:13 -0600,3ea973c74a9585b2e944f9dd59e390b2b951b2cd,20221108AR5103,live,80.93,AR,Arkansas,4,1,2022-11-09T01:30:00.000Z,state,0,2022-11-09T05:04:30.758Z,884,2573,34.36,11958,509593,65.05,13951,249537,31.85,14273,24275,3.1,968000,99,783405,1765681,884,2082,X,2022-11-09T01:30:03.718Z,0.0,1.0,
1667970415,2022-11-08 23:06:55 -0600,f1d4e9736f94ffa7aa7ebd5da07699c9a419c5df,20221108AR5103,live,80.93,AR,Arkansas,4,1,2022-11-09T01:30:00.000Z,state,0,2022-11-09T05:05:10.693Z,884,2573,34.36,11958,509593,65.05,13951,249537,31.85,14273,24275,3.1,968000,99,783405,1765681,884,2082,X,2022-11-09T01:30:03.718Z,0.0,1.0,
1667970594,2022-11-08 23:09:54 -0600,d4f30f0656d3b91d4423d751f85b9496715af7d9,20221108AR5103,live,80.93,AR,Arkansas,4,1,2022-11-09T01:30:00.000Z,state,0,2022-11-09T05:08:15.399Z,884,2573,34.36,11958,509593,65.05,13951,249537,31.85,14273,24275,3.1,968000,99,783405,1765681,884,2082,X,2022-11-09T01:30:03.718Z,0.0,1.0,
1667971032,2022-11-08 23:17:12 -0600,84fafb476f7846131500489058ff24997434ed54,20221108AR5103,live,84.48,AR,Arkansas,4,1,2022-11-09T01:30:00.000Z,state,0,2022-11-09T05:14:56.755Z,1001,2573,38.9,11958,532870,65.16,13951,258941,31.67,14273,25922,3.17,968000,99,817733,1765681,1001,2174,X,2022-11-09T01:30:03.718Z,0.0,1.0,
1667971079,2022-11-08 23:17:59 -0600,1cf7281bce65e8581e70a1164dc3589ed87371d4,20221108AR5103,live,84.48,AR,Arkansas,4,1,2022-11-09T01:30:00.000Z,state,0,2022-11-09T05:16:22.977Z,1001,2573,38.9,11958,532870,65.16,13951,258941,31.67,14273,25922,3.17,968000,99,817733,1765681,1001,2174,X,2022-11-09T01:30:03.718Z,0.0,1.0,
1667971124,2022-11-08 23:18:44 -0600,f9d1c6b5aa5f6a3f4c976d51307de08576c2bf77,20221108AR5103,live,84.48,AR,Arkansas,4,1,2022-11-09T01:30:00.000Z,state,0,2022-11-09T05:17:24.031Z,1001,2573,38.9,11958,532870,65.16,13951,258941,31.67,14273,25922,3.17,968000,99,817733,1765681,1001,2174,X,2022-11-09T01:30:03.718Z,0.0,1.0,
1667971169,2022-11-08 23:19:29 -0600,a70df26f7f471d11543c24ba2a2ee8ee294f6f1b,20221108AR5103,live,84.8,AR,Arkansas,4,1,2022-11-09T01:30:00.000Z,state,0,2022-11-09T05:18:24.500Z,1005,2573,39.06,11958,536040,65.3,13951,258941,31.54,14273,25922,3.16,968000,99,820903,1765681,1005,2182,X,2022-11-09T01:30:03.718Z,0.0,1.0,
1667971258,2022-11-08 23:20:58 -0600,66df93c53186cc5d338c8a4f0b94d8e859c4ec59,20221108AR5103,live,84.8,AR,Arkansas,4,1,2022-11-09T01:30:00.000Z,state,0,2022-11-09T05:19:50.053Z,1005,2573,39.06,11958,536040,65.3,13951,258941,31.54,14273,25922,3.16,968000,99,820903,1765681,1005,2182,X,2022-11-09T01:30:03.718Z,0.0,1.0,
1667971304,2022-11-08 23:21:44 -0600,1425fca56a9abad3e92162e44d8c52f320121f3e,20221108AR5103,live,84.8,AR,Arkansas,4,1,2022-11-09T01:30:00.000Z,state,0,2022-11-09T05:20:21.983Z,921,2573,35.79,11958,536040,65.3,13951,258941,31.54,14273,25922,3.16,968000,99,820903,1765681,921,2182,X,2022-11-09T01:30:03.718Z,0.0,1.0,
1667971571,2022-11-08 23:26:11 -0600,d2379320e55d7c8b235939474aad516c1cf9a83b,20221108AR5103,live,84.8,AR,Arkansas,4,1,2022-11-09T01:30:00.000Z,state,0,2022-11-09T05:24:40.186Z,921,2573,35.79,11958,536040,65.3,13951,258941,31.54,14273,25922,3.16,968000,99,820903,1765681,921,2182,X,2022-11-09T01:30:03.718Z,0.0,1.0,
1667971614,2022-11-08 23:26:54 -0600,3e2db293b352d34f57f22cada11d4f92f345178d,20221108AR5103,live,84.8,AR,Arkansas,4,1,2022-11-09T01:30:00.000Z,state,0,2022-11-09T05:25:58.349Z,921,2573,35.79,11958,536040,65.3,13951,258941,31.54,14273,25922,3.16,968000,99,820903,1765681,921,2182,X,2022-11-09T01:30:03.718Z,0.0,1.0,
1667971657,2022-11-08 23:27:37 -0600,d29b633bc901fb24234e16251a717d43d2b1d6c1,20221108AR5103,live,84.8,AR,Arkansas,4,1,2022-11-09T01:30:00.000Z,state,0,2022-11-09T05:26:38.119Z,909,2573,35.33,11958,536040,65.3,13951,258941,31.54,14273,25922,3.16,968000,99,820903,1765681,909,2182,X,2022-11-09T01:30:03.718Z,0.0,1.0,
1667971785,2022-11-08 23:29:45 -0600,0263826aefa5e72057a0aaa213c232b6c0eefa0d,20221108AR5103,live,84.8,AR,Arkansas,4,1,2022-11-09T01:30:00.000Z,state,0,2022-11-09T05:27:23.809Z,793,2573,30.82,11958,536040,65.3,13951,258941,31.54,14273,25922,3.16,968000,99,820903,1765681,793,2182,X,2022-11-09T01:30:03.718Z,0.0,1.0,
1667972364,2022-11-08 23:39:24 -0600,bfe9cb466aa6b65574c16effa903cd993efd4fe0,20221108AR5103,live,85.19,AR,Arkansas,4,1,2022-11-09T01:30:00.000Z,state,0,2022-11-09T05:35:28.370Z,807,2573,31.36,11958,538943,65.35,13951,259645,31.48,14273,26083,3.16,968000,99,824671,1765681,807,2192,X,2022-11-09T01:30:03.718Z,0.0,1.0,
1667972427,2022-11-08 23:40:27 -0600,ae4901446f849f3ab62f6a79323d475c59ad0832,20221108AR5103,live,85.19,AR,Arkansas,4,1,2022-11-09T01:30:00.000Z,state,0,2022-11-09T05:38:51.223Z,807,2573,31.36,11958,538943,65.35,13951,259645,31.48,14273,26083,3.16,968000,99,824671,1765681,807,2192,X,2022-11-09T01:30:03.718Z,0.0,1.0,
1667972473,2022-11-08 23:41:13 -0600,a29b2b07dc776af5545ee4ec64ead9d5ba96e873,20221108AR5103,live,85.42,AR,Arkansas,4,1,2022-11-09T01:30:00.000Z,state,0,2022-11-09T05:39:26.170Z,811,2573,31.52,11958,540238,65.33,13951,260536,31.51,14273,26130,3.16,968000,99,826904,1765681,811,2198,X,2022-11-09T01:30:03.718Z,0.0,1.0,
1667972810,2022-11-08 23:46:50 -0600,aa61daf8417c040e13c56de238053c966d7a0302,20221108AR5103,live,85.64,AR,Arkansas,4,1,2022-11-09T01:30:00.000Z,state,0,2022-11-09T05:45:06.260Z,818,2573,31.79,11958,541614,65.33,13951,261169,31.5,14273,26197,3.16,968000,99,828980,1765681,818,2203,X,2022-11-09T01:30:03.718Z,0.0,1.0,
1667972854,2022-11-08 23:47:34 -0600,4c493d7ad5df619297ee4ec86e6725cbd0fcac02,20221108AR5103,live,85.64,AR,Arkansas,4,1,2022-11-09T01:30:00.000Z,state,0,2022-11-09T05:46:07.933Z,818,2573,31.79,11958,541614,65.33,13951,261169,31.5,14273,26197,3.16,968000,99,828980,1765681,818,2203,X,2022-11-09T01:30:03.718Z,0.0,1.0,
1667972898,2022-11-08 23:48:18 -0600,7f5611a68542690dfbbea4b10f2d25fb123813f8,20221108AR5103,live,85.64,AR,Arkansas,4,1,2022-11-09T01:30:00.000Z,state,0,2022-11-09T05:47:10.937Z,818,2573,31.79,11958,541614,65.33,13951,261169,31.5,14273,26197,3.16,968000,99,828980,1765681,818,2203,X,2022-11-09T01:30:03.718Z,0.0,1.0,
1667972943,2022-11-08 23:49:03 -0600,2188e3ab5f27e10fb4df9e561d0af4cab5cf665c,20221108AR5103,live,85.64,AR,Arkansas,4,1,2022-11-09T01:30:00.000Z,state,0,2022-11-09T05:47:42.236Z,818,2573,31.79,11958,541614,65.33,13951,261169,31.5,14273,26197,3.16,968000,99,828980,1765681,818,2203,X,2022-11-09T01:30:03.718Z,0.0,1.0,
1667973028,2022-11-08 23:50:28 -0600,a3d91b8cb9f4b51cad939bdf33c45f8678401177,20221108AR5103,live,86.34,AR,Arkansas,4,1,2022-11-09T01:30:00.000Z,state,0,2022-11-09T05:49:31.720Z,821,2573,31.91,11958,546768,65.42,13951,262574,31.42,14273,26430,3.16,968000,99,835772,1765681,821,2222,X,2022-11-09T01:30:03.718Z,0.0,1.0,
1667973160,2022-11-08 23:52:40 -0600,a8c30e49fdf2578eef8c8f50f6106d095bb0fc07,20221108AR5103,live,86.51,AR,Arkansas,4,1,2022-11-09T01:30:00.000Z,state,0,2022-11-09T05:51:03.384Z,816,2573,31.71,11958,548025,65.44,13951,262878,31.39,14273,26514,3.17,968000,99,837417,1765681,816,2226,X,2022-11-09T01:30:03.718Z,0.0,1.0,
1667973204,2022-11-08 23:53:24 -0600,9ca1adc2a96ccb8173cfd35380377368538cfb03,20221108AR5103,live,85.95,AR,Arkansas,4,1,2022-11-09T01:30:00.000Z,state,0,2022-11-09T05:51:57.014Z,826,2573,32.1,11958,543544,65.33,13951,262126,31.51,14273,26325,3.16,968000,99,831995,1765681,826,2211,X,2022-11-09T01:30:03.718Z,0.0,1.0,
1667973292,2022-11-08 23:54:52 -0600,f4e2e76b95b1963799e86b607fe710743960389e,20221108AR5103,live,85.95,AR,Arkansas,4,1,2022-11-09T01:30:00.000Z,state,0,2022-11-09T05:53:43.077Z,826,2573,32.1,11958,543544,65.33,13951,262126,31.51,14273,26325,3.16,968000,99,831995,1765681,826,2211,X,2022-11-09T01:30:03.718Z,0.0,1.0,
1667973338,2022-11-08 23:55:38 -0600,60e23f89b0832d690c2e9c2012f75df6b998f230,20221108AR5103,live,85.95,AR,Arkansas,4,1,2022-11-09T01:30:00.000Z,state,0,2022-11-09T05:54:25.439Z,826,2573,32.1,11958,543544,65.33,13951,262126,31.51,14273,26325,3.16,968000,99,831995,1765681,826,2211,X,2022-11-09T01:30:03.718Z,0.0,1.0,
1667973466,2022-11-08 23:57:46 -0600,99efdc0f1ed1d3ebdb4c01c2b3affc8219305bc0,20221108AR5103,live,85.95,AR,Arkansas,4,1,2022-11-09T01:30:00.000Z,state,0,2022-11-09T05:56:03.590Z,826,2573,32.1,11958,543544,65.33,13951,262126,31.51,14273,26325,3.16,968000,99,831995,1765681,826,2211,X,2022-11-09T01:30:03.718Z,0.0,1.0,
1667973512,2022-11-08 23:58:32 -0600,c5b8277525be0367964460ee9775326f5b2cc341,20221108AR5103,live,85.95,AR,Arkansas,4,1,2022-11-09T01:30:00.000Z,state,0,2022-11-09T05:57:15.103Z,826,2573,32.1,11958,543544,65.33,13951,262126,31.51,14273,26325,3.16,968000,99,831995,1765681,826,2211,X,2022-11-09T01:30:03.718Z,0.0,1.0,
1667973555,2022-11-08 23:59:15 -0600,574ef20eb007a0ff55ecd54e4003b61f517e06b5,20221108AR5103,live,85.95,AR,Arkansas,4,1,2022-11-09T01:30:00.000Z,state,0,2022-11-09T05:58:17.100Z,826,2573,32.1,11958,543544,65.33,13951,262126,31.51,14273,26325,3.16,968000,99,831995,1765681,826,2211,X,2022-11-09T01:30:03.718Z,0.0,1.0,
1667973600,2022-11-09 00:00:00 -0600,bfc0ff3fe5ed1f4adc762f2d1128321f016d691f,20221108AR5103,live,86.59,AR,Arkansas,4,1,2022-11-09T01:30:00.000Z,state,0,2022-11-09T05:58:28.866Z,831,2573,32.3,11958,548400,65.42,13951,263232,31.4,14273,26590,3.17,968000,99,838222,1765681,831,2228,X,2022-11-09T01:30:03.718Z,0.0,1.0,
1667973737,2022-11-09 00:02:17 -0600,f7940d04f83247dd0cbf585d2d4f25b8c66e477d,20221108AR5103,live,86.59,AR,Arkansas,4,1,2022-11-09T01:30:00.000Z,state,0,2022-11-09T06:01:11.112Z,831,2573,32.3,11958,548400,65.42,13951,263232,31.4,14273,26590,3.17,968000,99,838222,1765681,831,2228,X,2022-11-09T01:30:03.718Z,0.0,1.0,
1667973793,2022-11-09 00:03:13 -0600,471324a7f30a6780d5e1d2eb6bf6c21c79776e91,20221108AR5103,live,86.59,AR,Arkansas,4,1,2022-11-09T01:30:00.000Z,state,0,2022-11-09T06:02:03.701Z,831,2573,32.3,11958,548400,65.42,13951,263232,31.4,14273,26590,3.17,968000,99,838222,1765681,831,2228,X,2022-11-09T01:30:03.718Z,0.0,1.0,
1667973835,2022-11-09 00:03:55 -0600,b3bdd8a625be8657c0e5a46d72158acdcfd366d2,20221108AR5103,live,86.59,AR,Arkansas,4,1,2022-11-09T01:30:00.000Z,state,0,2022-11-09T06:02:34.839Z,831,2573,32.3,11958,548400,65.42,13951,263232,31.4,14273,26590,3.17,968000,99,838222,1765681,831,2228,X,2022-11-09T01:30:03.718Z,0.0,1.0,
1667973878,2022-11-09 00:04:38 -0600,dd0a2fb7e0a1ea86d312428fcf4c7c68541cc7da,20221108AR5103,live,86.59,AR,Arkansas,4,1,2022-11-09T01:30:00.000Z,state,0,2022-11-09T06:03:34.331Z,831,2573,32.3,11958,548400,65.42,13951,263232,31.4,14273,26590,3.17,968000,99,838222,1765681,831,2228,X,2022-11-09T01:30:03.718Z,0.0,1.0,
1667973964,2022-11-09 00:06:04 -0600,9272ebff43a029380ebf987d0a9fa080674e7e91,20221108AR5103,live,86.59,AR,Arkansas,4,1,2022-11-09T01:30:00.000Z,state,0,2022-11-09T06:04:59.112Z,831,2573,32.3,11958,548400,65.42,13951,263232,31.4,14273,26590,3.17,968000,99,838222,1765681,831,2228,X,2022-11-09T01:30:03.718Z,0.0,1.0,
1667974006,2022-11-09 00:06:46 -0600,c8cae7bec2b0c7f4ed9e9ca6a473abc069a1d034,20221108AR5103,live,86.59,AR,Arkansas,4,1,2022-11-09T01:30:00.000Z,state,0,2022-11-09T06:05:28.442Z,831,2573,32.3,11958,548400,65.42,13951,263232,31.4,14273,26590,3.17,968000,99,838222,1765681,831,2228,X,2022-11-09T01:30:03.718Z,0.0,1.0,
1667974050,2022-11-09 00:07:30 -0600,7abf683084771abb66bcbd62c846b6795b86899c,20221108AR5103,live,86.59,AR,Arkansas,4,1,2022-11-09T01:30:00.000Z,state,0,2022-11-09T06:06:37.211Z,831,2573,32.3,11958,548400,65.42,13951,263232,31.4,14273,26590,3.17,968000,99,838222,1765681,831,2228,X,2022-11-09T01:30:03.718Z,0.0,1.0,
1667974099,2022-11-09 00:08:19 -0600,67d73bab95116eb2dbcfbbf8bea9e7546d6f9d87,20221108AR5103,live,86.59,AR,Arkansas,4,1,2022-11-09T01:30:00.000Z,state,0,2022-11-09T06:07:15.850Z,831,2573,32.3,11958,548400,65.42,13951,263232,31.4,14273,26590,3.17,968000,99,838222,1765681,831,2228,X,2022-11-09T01:30:03.718Z,0.0,1.0,
1667974141,2022-11-09 00:09:01 -0600,6ac032f537e1cf474dd6798112535df8c4f1f419,20221108AR5103,live,86.59,AR,Arkansas,4,1,2022-11-09T01:30:00.000Z,state,0,2022-11-09T06:08:00.299Z,831,2573,32.3,11958,548400,65.42,13951,263232,31.4,14273,26590,3.17,968000,99,838222,1765681,831,2228,X,2022-11-09T01:30:03.718Z,0.0,1.0,
1667974184,2022-11-09 00:09:44 -0600,5e29bdc6dd3e2b02c04e87a98f0009af6b85de6f,20221108AR5103,live,86.59,AR,Arkansas,4,1,2022-11-09T01:30:00.000Z,state,0,2022-11-09T06:08:34.098Z,831,2573,32.3,11958,548400,65.42,13951,263232,31.4,14273,26590,3.17,968000,99,838222,1765681,831,2228,X,2022-11-09T01:30:03.718Z,0.0,1.0,
1667974225,2022-11-09 00:10:25 -0600,2985b4bedf5fc7a85a7f91a2caf4c7b14617e055,20221108AR5103,live,86.59,AR,Arkansas,4,1,2022-11-09T01:30:00.000Z,state,0,2022-11-09T06:08:57.884Z,831,2573,32.3,11958,548400,65.42,13951,263232,31.4,14273,26590,3.17,968000,99,838222,1765681,831,2228,X,2022-11-09T01:30:03.718Z,0.0,1.0,
1667974313,2022-11-09 00:11:53 -0600,6b3b0bacc6c41a15c188eab11ce932a1d154d208,20221108AR5103,live,86.59,AR,Arkansas,4,1,2022-11-09T01:30:00.000Z,state,0,2022-11-09T06:09:37.579Z,831,2573,32.3,11958,548400,65.42,13951,263232,31.4,14273,26590,3.17,968000,99,838222,1765681,831,2228,X,2022-11-09T01:30:03.718Z,0.0,1.0,
1667974357,2022-11-09 00:12:37 -0600,f3a34debf9bc3f3d09633b4380781add88e0174a,20221108AR5103,live,86.59,AR,Arkansas,4,1,2022-11-09T01:30:00.000Z,state,0,2022-11-09T06:11:32.183Z,831,2573,32.3,11958,548400,65.42,13951,263232,31.4,14273,26590,3.17,968000,99,838222,1765681,831,2228,X,2022-11-09T01:30:03.718Z,0.0,1.0,
1667974664,2022-11-09 00:17:44 -0600,d987a91643923201706646f74ed6cc4da6a088a6,20221108AR5103,live,86.59,AR,Arkansas,4,1,2022-11-09T01:30:00.000Z,state,0,2022-11-09T06:13:56.451Z,831,2573,32.3,11958,548400,65.42,13951,263232,31.4,14273,26590,3.17,968000,99,838222,1765681,831,2228,X,2022-11-09T01:30:03.718Z,0.0,1.0,
1667974762,2022-11-09 00:19:22 -0600,eae9f5b1ba131d7652f49e9c3001c7a015f755b1,20221108AR5103,live,86.59,AR,Arkansas,4,1,2022-11-09T01:30:00.000Z,state,0,2022-11-09T06:18:02.271Z,831,2573,32.3,11958,548400,65.42,13951,263232,31.4,14273,26590,3.17,968000,99,838222,1765681,831,2228,X,2022-11-09T01:30:03.718Z,0.0,1.0,
1667974809,2022-11-09 00:20:09 -0600,21e89b68838446570e2788596a6ed47ed4d95a07,20221108AR5103,live,88.87,AR,Arkansas,4,1,2022-11-09T01:30:00.000Z,state,0,2022-11-09T06:18:57.604Z,886,2573,34.43,11958,565234,65.7,13951,267594,31.11,14273,27433,3.19,968000,99,860261,1765681,886,2287,X,2022-11-09T01:30:03.718Z,0.0,1.0,
1667974899,2022-11-09 00:21:39 -0600,387e9cf2d205ebca879101fc8e33b930b1cbd329,20221108AR5103,live,88.87,AR,Arkansas,4,1,2022-11-09T01:30:00.000Z,state,0,2022-11-09T06:20:20.651Z,886,2573,34.43,11958,565234,65.7,13951,267594,31.11,14273,27433,3.19,968000,99,860261,1765681,886,2287,X,2022-11-09T01:30:03.718Z,0.0,1.0,
1667975032,2022-11-09 00:23:52 -0600,2b4eef55da041b24d8b907ba1775c35ebda992e0,20221108AR5103,live,89.41,AR,Arkansas,4,1,2022-11-09T01:30:00.000Z,state,0,2022-11-09T06:22:25.041Z,914,2573,35.52,11958,569483,65.8,13951,268430,31.01,14273,27594,3.19,968000,99,865507,1765681,914,2301,X,2022-11-09T01:30:03.718Z,0.0,1.0,
1667975154,2022-11-09 00:25:54 -0600,e385cf3ed45230deb4315fbba874f4f4144f56b6,20221108AR5103,live,89.41,AR,Arkansas,4,1,2022-11-09T01:30:00.000Z,state,0,2022-11-09T06:24:53.893Z,914,2573,35.52,11958,569483,65.8,13951,268430,31.01,14273,27594,3.19,968000,99,865507,1765681,914,2301,X,2022-11-09T01:30:03.718Z,0.0,1.0,
1667976144,2022-11-09 00:42:24 -0600,9ba67be41054bbe85d475769a3f52b32f07bb1ad,20221108AR5103,live,90.46,AR,Arkansas,4,1,2022-11-09T01:30:00.000Z,state,0,2022-11-09T06:41:07.336Z,927,2573,36.03,11958,577599,65.96,13951,270134,30.85,14273,27904,3.19,968000,99,875637,1765681,927,2327,X,2022-11-09T01:30:03.718Z,0.0,1.0,
1667976184,2022-11-09 00:43:04 -0600,fe83a024be41b5416de8f3b3aadef0173027df04,20221108AR5103,live,90.61,AR,Arkansas,4,1,2022-11-09T01:30:00.000Z,state,0,2022-11-09T06:41:48.387Z,927,2573,36.03,11958,578335,65.93,13951,270859,30.88,14273,27945,3.19,968000,99,877139,1765681,927,2331,X,2022-11-09T01:30:03.718Z,0.0,1.0,
1667976306,2022-11-09 00:45:06 -0600,a65306ebcf7e41c11b1557bbe78229c6107820ce,20221108AR5103,live,90.61,AR,Arkansas,4,1,2022-11-09T01:30:00.000Z,state,0,2022-11-09T06:43:53.075Z,927,2573,36.03,11958,578335,65.93,13951,270859,30.88,14273,27945,3.19,968000,99,877139,1765681,927,2331,X,2022-11-09T01:30:03.718Z,0.0,1.0,
1667977161,2022-11-09 00:59:21 -0600,d4158baa35ee56754832f9c50c65e72445101881,20221108AR5103,live,90.61,AR,Arkansas,4,1,2022-11-09T01:30:00.000Z,state,0,2022-11-09T06:57:49.918Z,927,2573,36.03,11958,578335,65.93,13951,270859,30.88,14273,27945,3.19,968000,99,877139,1765681,927,2331,X,2022-11-09T01:30:03.718Z,0.0,1.0,
1667977490,2022-11-09 01:04:50 -0600,73af89bd198396be18bf17786481f7c1aff2cd2b,20221108AR5103,live,90.61,AR,Arkansas,4,1,2022-11-09T01:30:00.000Z,state,0,2022-11-09T07:01:40.878Z,927,2573,36.03,11958,578335,65.93,13951,270859,30.88,14273,27945,3.19,968000,99,877139,1765681,927,2331,X,2022-11-09T01:30:03.718Z,0.0,1.0,
1667977529,2022-11-09 01:05:29 -0600,41a86a702268ec57df877a606f8777dfeb75024d,20221108AR5103,live,90.61,AR,Arkansas,4,1,2022-11-09T01:30:00.000Z,state,0,2022-11-09T07:04:11.090Z,927,2573,36.03,11958,578335,65.93,13951,270859,30.88,14273,27945,3.19,968000,99,877139,1765681,927,2331,X,2022-11-09T01:30:03.718Z,0.0,1.0,
1667977571,2022-11-09 01:06:11 -0600,a52c232825af64477e8cc1b761cf52e3cfd7e241,20221108AR5103,live,90.61,AR,Arkansas,4,1,2022-11-09T01:30:00.000Z,state,0,2022-11-09T07:05:20.342Z,927,2573,36.03,11958,578335,65.93,13951,270859,30.88,14273,27945,3.19,968000,99,877139,1765681,927,2331,X,2022-11-09T01:30:03.718Z,0.0,1.0,
1667977730,2022-11-09 01:08:50 -0600,eb7c135f53880b948a2c1d8d800428a5719cefdc,20221108AR5103,live,90.61,AR,Arkansas,4,1,2022-11-09T01:30:00.000Z,state,0,2022-11-09T07:07:43.038Z,927,2573,36.03,11958,578335,65.93,13951,270859,30.88,14273,27945,3.19,968000,99,877139,1765681,927,2331,X,2022-11-09T01:30:03.718Z,0.0,1.0,
1667977976,2022-11-09 01:12:56 -0600,49c0f85ed6cbaaac8f357b536c767f0a23714980,20221108AR5103,live,90.63,AR,Arkansas,4,1,2022-11-09T01:30:00.000Z,state,0,2022-11-09T07:11:26.601Z,927,2573,36.03,11958,578434,65.93,13951,270902,30.88,14273,27945,3.19,968000,99,877281,1765681,927,2332,X,2022-11-09T01:30:03.718Z,0.0,1.0,
1667978179,2022-11-09 01:16:19 -0600,e5b0abbb1cf26ccf017c9d5a0d528e78ff1d1e95,20221108AR5103,live,90.63,AR,Arkansas,4,1,2022-11-09T01:30:00.000Z,state,0,2022-11-09T07:14:51.427Z,927,2573,36.03,11958,578434,65.93,13951,270902,30.88,14273,27945,3.19,968000,99,877281,1765681,927,2332,X,2022-11-09T01:30:03.718Z,0.0,1.0,
1667979032,2022-11-09 01:30:32 -0600,a31ce2695fce3442cac91f4d2a6adca7af21c91c,20221108AR5103,live,90.63,AR,Arkansas,4,1,2022-11-09T01:30:00.000Z,state,0,2022-11-09T07:29:13.875Z,927,2573,36.03,11958,578434,65.93,13951,270902,30.88,14273,27945,3.19,968000,99,877281,1765681,927,2332,X,2022-11-09T01:30:03.718Z,0.0,1.0,
1667980397,2022-11-09 01:53:17 -0600,1b200414e74e74c077c598450c24c8df6fb7c5e4,20221108AR5103,live,90.63,AR,Arkansas,4,1,2022-11-09T01:30:00.000Z,state,0,2022-11-09T07:45:31.914Z,927,2573,36.03,11958,578434,65.93,13951,270902,30.88,14273,27945,3.19,968000,99,877281,1765681,927,2332,X,2022-11-09T01:30:03.718Z,0.0,1.0,
1667980757,2022-11-09 01:59:17 -0600,72f60e217e1e476f42d6eb7260450e361322e2a9,20221108AR5103,live,90.83,AR,Arkansas,4,1,2022-11-09T01:30:00.000Z,state,0,2022-11-09T07:58:20.437Z,943,2573,36.65,11958,579517,65.91,13951,271721,30.91,14273,27975,3.18,968000,99,879213,1765681,943,2337,X,2022-11-09T01:30:03.718Z,0.0,1.0,
1667981000,2022-11-09 02:03:20 -0600,1844b1345bbfb22bedca82071a40b5941a2e46f1,20221108AR5103,live,90.83,AR,Arkansas,4,1,2022-11-09T01:30:00.000Z,state,0,2022-11-09T08:01:39.757Z,943,2573,36.65,11958,579517,65.91,13951,271721,30.91,14273,27975,3.18,968000,99,879213,1765681,943,2337,X,2022-11-09T01:30:03.718Z,0.0,1.0,
1667981123,2022-11-09 02:05:23 -0600,cab57d2c03fab6367d8f4209c67e475f346b5a09,20221108AR5103,live,90.83,AR,Arkansas,4,1,2022-11-09T01:30:00.000Z,state,0,2022-11-09T08:03:40.304Z,943,2573,36.65,11958,579517,65.91,13951,271721,30.91,14273,27975,3.18,968000,99,879213,1765681,943,2337,X,2022-11-09T01:30:03.718Z,0.0,1.0,
1667981963,2022-11-09 02:19:23 -0600,27628ad8c215439f4566e17bc920c9c4e5beb919,20221108AR5103,live,90.83,AR,Arkansas,4,1,2022-11-09T01:30:00.000Z,state,0,2022-11-09T08:18:11.029Z,943,2573,36.65,11958,579517,65.91,13951,271721,30.91,14273,27975,3.18,968000,99,879213,1765681,943,2337,X,2022-11-09T01:30:03.718Z,0.0,1.0,
1667982397,2022-11-09 02:26:37 -0600,f4791889114ae4f8264fa44ab1fe91f4a19dfaba,20221108AR5103,live,90.83,AR,Arkansas,4,1,2022-11-09T01:30:00.000Z,state,0,2022-11-09T08:25:38.364Z,943,2573,36.65,11958,579519,65.91,13951,271722,30.9,14273,27990,3.18,968000,99,879231,1765681,943,2337,X,2022-11-09T01:30:03.718Z,0.0,1.0,
1667982438,2022-11-09 02:27:18 -0600,6e2d7519ed8d690e9b721451fb376f4d424b2540,20221108AR5103,live,90.83,AR,Arkansas,4,1,2022-11-09T01:30:00.000Z,state,0,2022-11-09T08:25:57.766Z,1079,2573,41.94,11958,579530,65.91,13951,271737,30.91,14273,27990,3.18,968000,99,879257,1765681,1079,2337,X,2022-11-09T01:30:03.718Z,0.0,1.0,
1667982478,2022-11-09 02:27:58 -0600,e7a4697387fd0327336c3244c6ef7d3c1cab12ad,20221108AR5103,live,90.94,AR,Arkansas,4,1,2022-11-09T01:30:00.000Z,state,0,2022-11-09T08:26:22.535Z,1079,2573,41.94,11958,580371,65.93,13951,271940,30.89,14273,28009,3.18,968000,99,880320,1765681,1079,2340,X,2022-11-09T01:30:03.718Z,0.0,1.0,
1667982517,2022-11-09 02:28:37 -0600,646431433e93fe970b24a70347fe4d3180275034,20221108AR5103,live,92.5,AR,Arkansas,4,1,2022-11-09T01:30:00.000Z,state,0,2022-11-09T08:27:10.288Z,1210,2573,47.03,11958,589510,65.84,13951,277312,30.97,14273,28561,3.19,968000,99,895383,1765681,1210,2380,X,2022-11-09T01:30:03.718Z,0.0,1.0,
1667983429,2022-11-09 02:43:49 -0600,91ad4bfbba7a9cd52231076db531ea20d83a9660,20221108AR5103,live,92.5,AR,Arkansas,4,1,2022-11-09T01:30:00.000Z,state,0,2022-11-09T08:38:00.606Z,1210,2573,47.03,11958,589510,65.84,13951,277312,30.97,14273,28561,3.19,968000,99,895383,1765681,1210,2380,X,2022-11-09T01:30:03.718Z,0.0,1.0,
1667983719,2022-11-09 02:48:39 -0600,a8d889d3e1698c6a2e70070696b60b41396d5c92,20221108AR5103,live,92.5,AR,Arkansas,4,1,2022-11-09T01:30:00.000Z,state,0,2022-11-09T08:47:37.120Z,1210,2573,47.03,11958,589510,65.84,13951,277312,30.97,14273,28561,3.19,968000,99,895383,1765681,1210,2380,X,2022-11-09T01:30:03.718Z,0.0,1.0,
1667983801,2022-11-09 02:50:01 -0600,f8dcd2921862fa8f2b18f478a2ad042ae3e8bf73,20221108AR5103,live,92.5,AR,Arkansas,4,1,2022-11-09T01:30:00.000Z,state,0,2022-11-09T08:49:04.301Z,1210,2573,47.03,11958,589510,65.84,13951,277312,30.97,14273,28561,3.19,968000,99,895383,1765681,1210,2380,X,2022-11-09T01:30:03.718Z,0.0,1.0,
1667983963,2022-11-09 02:52:43 -0600,f1299e7b87e7b24a37e8c19b46028623185c8975,20221108AR5103,live,92.5,AR,Arkansas,4,1,2022-11-09T01:30:00.000Z,state,0,2022-11-09T08:50:53.078Z,1210,2573,47.03,11958,589510,65.84,13951,277312,30.97,14273,28561,3.19,968000,99,895383,1765681,1210,2380,X,2022-11-09T01:30:03.718Z,0.0,1.0,
1667984848,2022-11-09 03:07:28 -0600,e9b16afb9db085ca2bb568866869f7546b9f3f94,20221108AR5103,live,92.5,AR,Arkansas,4,1,2022-11-09T01:30:00.000Z,state,0,2022-11-09T09:06:19.864Z,1213,2573,47.14,11958,589510,65.84,13951,277312,30.97,14273,28561,3.19,968000,99,895383,1765681,1213,2380,X,2022-11-09T01:30:03.718Z,0.0,1.0,
1667984888,2022-11-09 03:08:08 -0600,0a25683529b8d73a4f5b69baea0a2f251fde5a9e,20221108AR5103,live,92.5,AR,Arkansas,4,1,2022-11-09T01:30:00.000Z,state,0,2022-11-09T09:06:44.841Z,1217,2573,47.3,11958,589510,65.84,13951,277312,30.97,14273,28561,3.19,968000,99,895383,1765681,1217,2380,X,2022-11-09T01:30:03.718Z,0.0,1.0,
1667985945,2022-11-09 03:25:45 -0600,ccf1c188a3cd33e1e940a35bdccf1b24a50383f8,20221108AR5103,live,92.5,AR,Arkansas,4,1,2022-11-09T01:30:00.000Z,state,0,2022-11-09T09:24:27.102Z,1217,2573,47.3,11958,589510,65.84,13951,277312,30.97,14273,28561,3.19,968000,99,895383,1765681,1217,2380,X,2022-11-09T01:30:03.718Z,0.0,1.0,
1667986070,2022-11-09 03:27:50 -0600,842d9624fa3e4ff5a6b6d21ac818296b8b09522a,20221108AR5103,live,92.5,AR,Arkansas,4,1,2022-11-09T01:30:00.000Z,state,0,2022-11-09T09:26:27.501Z,1217,2573,47.3,11958,589510,65.84,13951,277312,30.97,14273,28561,3.19,968000,99,895383,1765681,1217,2380,X,2022-11-09T01:30:03.718Z,0.0,1.0,
1667986229,2022-11-09 03:30:29 -0600,de4f075f484eeefc61db9b38c50cadb02e21f0eb,20221108AR5103,live,92.5,AR,Arkansas,4,1,2022-11-09T01:30:00.000Z,state,0,2022-11-09T09:28:18.021Z,1217,2573,47.3,11958,589510,65.84,13951,277312,30.97,14273,28561,3.19,968000,99,895383,1765681,1217,2380,X,2022-11-09T01:30:03.718Z,0.0,1.0,
1667986351,2022-11-09 03:32:31 -0600,458a623671788240c2b9d6b0c9ceca4f2fef369b,20221108AR5103,live,92.5,AR,Arkansas,4,1,2022-11-09T01:30:00.000Z,state,0,2022-11-09T09:31:03.052Z,1217,2573,47.3,11958,589510,65.84,13951,277312,30.97,14273,28561,3.19,968000,99,895383,1765681,1217,2380,X,2022-11-09T01:30:03.718Z,0.0,1.0,
1667986391,2022-11-09 03:33:11 -0600,49eb3b2b658978da8fc8e7a6de93597cdfa13352,20221108AR5103,live,92.5,AR,Arkansas,4,1,2022-11-09T01:30:00.000Z,state,0,2022-11-09T09:32:19.013Z,1217,2573,47.3,11958,589510,65.84,13951,277312,30.97,14273,28561,3.19,968000,99,895383,1765681,1217,2380,X,2022-11-09T01:30:03.718Z,0.0,1.0,
1667987197,2022-11-09 03:46:37 -0600,c6de9a5ef91cb16901f36d62fb2513f293fa8ed2,20221108AR5103,live,92.5,AR,Arkansas,4,1,2022-11-09T01:30:00.000Z,state,0,2022-11-09T09:45:05.006Z,1217,2573,47.3,11958,589510,65.84,13951,277312,30.97,14273,28561,3.19,968000,99,895383,1765681,1217,2380,X,2022-11-09T01:30:03.718Z,0.0,1.0,
1667987280,2022-11-09 03:48:00 -0600,a88286d7028ba2595139baf03aeca44134230973,20221108AR5103,live,92.5,AR,Arkansas,4,1,2022-11-09T01:30:00.000Z,state,0,2022-11-09T09:47:03.374Z,1217,2573,47.3,11958,589510,65.84,13951,277312,30.97,14273,28561,3.19,968000,99,895383,1765681,1217,2380,X,2022-11-09T01:30:03.718Z,0.0,1.0,
1667987361,2022-11-09 03:49:21 -0600,9cc128b5987d9c59e09370f209f1915ff92ed38a,20221108AR5103,live,92.5,AR,Arkansas,4,1,2022-11-09T01:30:00.000Z,state,0,2022-11-09T09:48:10.106Z,1217,2573,47.3,11958,589510,65.84,13951,277312,30.97,14273,28561,3.19,968000,99,895383,1765681,1217,2380,X,2022-11-09T01:30:03.718Z,0.0,1.0,
1667987403,2022-11-09 03:50:03 -0600,eef7197364d0afbe2fb1aa00d4cd30fccd721d19,20221108AR5103,live,92.5,AR,Arkansas,4,1,2022-11-09T01:30:00.000Z,state,0,2022-11-09T09:49:03.246Z,1217,2573,47.3,11958,589510,65.84,13951,277312,30.97,14273,28561,3.19,968000,99,895383,1765681,1217,2380,X,2022-11-09T01:30:03.718Z,0.0,1.0,
1667987484,2022-11-09 03:51:24 -0600,980f6fe5a4a9ffa7810478d35fa77761f4ccdcbc,20221108AR5103,live,92.5,AR,Arkansas,4,1,2022-11-09T01:30:00.000Z,state,0,2022-11-09T09:50:08.545Z,1217,2573,47.3,11958,589510,65.84,13951,277312,30.97,14273,28561,3.19,968000,99,895383,1765681,1217,2380,X,2022-11-09T01:30:03.718Z,0.0,1.0,
1668003744,2022-11-09 08:22:24 -0600,81457a14864f7e8d249d1f6be7b2b54fab9c3abb,20221108AR5103,live,92.5,AR,Arkansas,4,1,2022-11-09T01:30:00.000Z,state,0,2022-11-09T14:21:02.141Z,1218,2573,47.34,11958,589510,65.84,13951,277312,30.97,14273,28561,3.19,968000,99,895383,1765681,1218,2380,X,2022-11-09T01:30:03.718Z,0.0,1.0,
1668004106,2022-11-09 08:28:26 -0600,34044eb99747331d7e015a21c078f5ee04eb775d,20221108AR5103,live,92.5,AR,Arkansas,4,1,2022-11-09T01:30:00.000Z,state,0,2022-11-09T14:27:19.105Z,1218,2573,47.34,11958,589510,65.84,13951,277312,30.97,14273,28561,3.19,968000,99,895383,1765681,1218,2380,X,2022-11-09T01:30:03.718Z,0.0,1.0,
1668013107,2022-11-09 10:58:27 -0600,c1dd85264039d93e9856f08ffcb84de87087a69c,20221108AR5103,live,92.5,AR,Arkansas,4,1,2022-11-09T01:30:00.000Z,state,0,2022-11-09T16:57:14.630Z,1218,2573,47.34,11958,589510,65.84,13951,277312,30.97,14273,28561,3.19,968000,99,895383,1765681,1218,2380,X,2022-11-09T01:30:03.718Z,0.0,1.0,
1668013598,2022-11-09 11:06:38 -0600,b73843ea180f5fe85f68d153a7e2e2afb94e9f06,20221108AR5103,live,92.33,AR,Arkansas,4,1,2022-11-09T01:30:00.000Z,state,0,2022-11-09T17:04:58.184Z,1299,2573,50.49,11958,588298,65.82,13951,276978,30.99,14273,28478,3.19,968000,99,893754,1765681,1299,2376,X,2022-11-09T01:30:03.718Z,0.0,1.0,
1668014060,2022-11-09 11:14:20 -0600,c77137b7ddb0fbccbd1e559cabaf7b86fff6cde9,20221108AR5103,live,92.33,AR,Arkansas,4,1,2022-11-09T01:30:00.000Z,state,0,2022-11-09T17:12:55.472Z,1299,2573,50.49,11958,588298,65.82,13951,276978,30.99,14273,28478,3.19,968000,99,893754,1765681,1299,2376,X,2022-11-09T01:30:03.718Z,0.0,1.0,
1668014391,2022-11-09 11:19:51 -0600,084b762ad3fc844808263e7e1b29a5f570fad4ba,20221108AR5103,live,92.28,AR,Arkansas,4,1,2022-11-09T01:30:00.000Z,state,0,2022-11-09T17:18:55.621Z,1299,2573,50.49,11958,587990,65.83,13951,276792,30.99,14273,28469,3.19,968000,99,893251,1765681,1299,2374,X,2022-11-09T01:30:03.718Z,0.0,1.0,
1668014559,2022-11-09 11:22:39 -0600,05066aab4c0b93d613c359f22c9813470546f78b,20221108AR5103,live,92.28,AR,Arkansas,4,1,2022-11-09T01:30:00.000Z,state,0,2022-11-09T17:21:39.444Z,1299,2573,50.49,11958,587990,65.83,13951,276792,30.99,14273,28469,3.19,968000,99,893251,1765681,1299,2374,X,2022-11-09T01:30:03.718Z,0.0,1.0,
1668014809,2022-11-09 11:26:49 -0600,fffdf43f0b6fc755d70750f983e80a24f6b5fc65,20221108AR5103,live,92.28,AR,Arkansas,4,1,2022-11-09T01:30:00.000Z,state,0,2022-11-09T17:25:00.685Z,1299,2573,50.49,11958,587990,65.83,13951,276792,30.99,14273,28469,3.19,968000,99,893251,1765681,1299,2374,X,2022-11-09T01:30:03.718Z,0.0,1.0,
1668014853,2022-11-09 11:27:33 -0600,51a27ed0c3cfe5efb5023de7e4a3e36e8bf5f610,20221108AR5103,live,92.28,AR,Arkansas,4,1,2022-11-09T01:30:00.000Z,state,0,2022-11-09T17:26:07.772Z,1299,2573,50.49,11958,587990,65.83,13951,276792,30.99,14273,28469,3.19,968000,99,893251,1765681,1299,2374,X,2022-11-09T01:30:03.718Z,0.0,1.0,
1668015106,2022-11-09 11:31:46 -0600,90d3e1c1335a8931b636e29c902643ff6eccbab9,20221108AR5103,live,92.28,AR,Arkansas,4,1,2022-11-09T01:30:00.000Z,state,0,2022-11-09T17:30:38.182Z,1299,2573,50.49,11958,587990,65.83,13951,276792,30.99,14273,28469,3.19,968000,99,893251,1765681,1299,2374,X,2022-11-09T01:30:03.718Z,0.0,1.0,
1668015147,2022-11-09 11:32:27 -0600,2d327c7ef6485dd4c12a543762dbd12b7a0525d8,20221108AR5103,live,92.28,AR,Arkansas,4,1,2022-11-09T01:30:00.000Z,state,0,2022-11-09T17:31:11.835Z,1299,2573,50.49,11958,587990,65.83,13951,276792,30.99,14273,28469,3.19,968000,99,893251,1765681,1299,2374,X,2022-11-09T01:30:03.718Z,0.0,1.0,
1668015232,2022-11-09 11:33:52 -0600,aa16c216f9ca390a446365ba174b850ec304e8ee,20221108AR5103,live,92.28,AR,Arkansas,4,1,2022-11-09T01:30:00.000Z,state,0,2022-11-09T17:32:56.848Z,1299,2573,50.49,11958,587990,65.83,13951,276792,30.99,14273,28469,3.19,968000,99,893251,1765681,1299,2374,X,2022-11-09T01:30:03.718Z,0.0,1.0,
1668015276,2022-11-09 11:34:36 -0600,dcda9d10235f87ec4665b5c918b5272474a1d6ee,20221108AR5103,live,92.28,AR,Arkansas,4,1,2022-11-09T01:30:00.000Z,state,0,2022-11-09T17:33:17.406Z,1299,2573,50.49,11958,587990,65.83,13951,276792,30.99,14273,28469,3.19,968000,99,893251,1765681,1299,2374,X,2022-11-09T01:30:03.718Z,0.0,1.0,
1668015402,2022-11-09 11:36:42 -0600,4c62318089f9d9fbff475a67c67ffd29acfe7753,20221108AR5103,live,92.28,AR,Arkansas,4,1,2022-11-09T01:30:00.000Z,state,0,2022-11-09T17:35:01.435Z,1299,2573,50.49,11958,587990,65.83,13951,276792,30.99,14273,28469,3.19,968000,99,893251,1765681,1299,2374,X,2022-11-09T01:30:03.718Z,0.0,1.0,
1668015526,2022-11-09 11:38:46 -0600,e3b3fd23d45364b537f8c33365ef4f3952da133d,20221108AR5103,live,92.28,AR,Arkansas,4,1,2022-11-09T01:30:00.000Z,state,0,2022-11-09T17:37:16.633Z,1299,2573,50.49,11958,587990,65.83,13951,276792,30.99,14273,28469,3.19,968000,99,893251,1765681,1299,2374,X,2022-11-09T01:30:03.718Z,0.0,1.0,
1668015694,2022-11-09 11:41:34 -0600,ce0677c22ad54acfecf4b507a316ae443e7960da,20221108AR5103,live,92.28,AR,Arkansas,4,1,2022-11-09T01:30:00.000Z,state,0,2022-11-09T17:40:20.715Z,1299,2573,50.49,11958,587990,65.83,13951,276792,30.99,14273,28469,3.19,968000,99,893251,1765681,1299,2374,X,2022-11-09T01:30:03.718Z,0.0,1.0,
1668016032,2022-11-09 11:47:12 -0600,27b6d59993f2586749b8d889b9e5b55f9654ac9a,20221108AR5103,live,92.28,AR,Arkansas,4,1,2022-11-09T01:30:00.000Z,state,0,2022-11-09T17:45:36.941Z,1299,2573,50.49,11958,587990,65.83,13951,276792,30.99,14273,28469,3.19,968000,99,893251,1765681,1299,2374,X,2022-11-09T01:30:03.718Z,0.0,1.0,
1668018632,2022-11-09 12:30:32 -0600,696dcb2a4595c95bf626518c3008f70478688e48,20221108AR5103,live,92.28,AR,Arkansas,4,1,2022-11-09T01:30:00.000Z,state,0,2022-11-09T18:29:14.764Z,1299,2573,50.49,11958,587990,65.83,13951,276792,30.99,14273,28469,3.19,968000,99,893251,1765681,1299,2374,X,2022-11-09T01:30:03.718Z,0.0,1.0,
1668019053,2022-11-09 12:37:33 -0600,3d3659fd1b5f2c6cf10150dfc5eec7a12ae799ba,20221108AR5103,live,92.28,AR,Arkansas,4,1,2022-11-09T01:30:00.000Z,state,0,2022-11-09T18:34:24.340Z,1307,2573,50.8,11958,587990,65.83,13951,276792,30.99,14273,28469,3.19,968000,99,893251,1765681,1307,2374,X,2022-11-09T01:30:03.718Z,0.0,1.0,
1668019177,2022-11-09 12:39:37 -0600,deaa5d54d781708ad5d0340861b7118cafcee3b2,20221108AR5103,live,92.28,AR,Arkansas,4,1,2022-11-09T01:30:00.000Z,state,0,2022-11-09T18:36:33.066Z,1307,2573,50.8,11958,587990,65.83,13951,276792,30.99,14273,28469,3.19,968000,99,893251,1765681,1307,2374,X,2022-11-09T01:30:03.718Z,0.0,1.0,
1668019472,2022-11-09 12:44:32 -0600,3b7b22f6881dc16cddc7cb3a860b125359c1f128,20221108AR5103,live,92.28,AR,Arkansas,4,1,2022-11-09T01:30:00.000Z,state,0,2022-11-09T18:42:20.405Z,1423,2573,55.31,11958,587990,65.83,13951,276792,30.99,14273,28469,3.19,968000,99,893251,1765681,1423,2374,X,2022-11-09T01:30:03.718Z,0.0,1.0,
1668020106,2022-11-09 12:55:06 -0600,1cea6be431ad468a34d3324a40be1a320f07b8d5,20221108AR5103,live,92.28,AR,Arkansas,4,1,2022-11-09T01:30:00.000Z,state,0,2022-11-09T18:50:40.674Z,1423,2573,55.31,11958,587990,65.83,13951,276792,30.99,14273,28469,3.19,968000,99,893251,1765681,1423,2374,X,2022-11-09T01:30:03.718Z,0.0,1.0,
1668020398,2022-11-09 12:59:58 -0600,778fa3fdf0fd52cbf6813b33811c1a8ea6810b82,20221108AR5103,live,92.28,AR,Arkansas,4,1,2022-11-09T01:30:00.000Z,state,0,2022-11-09T18:57:19.441Z,1435,2573,55.77,11958,587990,65.83,13951,276792,30.99,14273,28469,3.19,968000,99,893251,1765681,1435,2374,X,2022-11-09T01:30:03.718Z,0.0,1.0,
1668020486,2022-11-09 13:01:26 -0600,f267e3bbbae16782af81d9d9c315d2afbf2e75cc,20221108AR5103,live,92.28,AR,Arkansas,4,1,2022-11-09T01:30:00.000Z,state,0,2022-11-09T18:59:54.964Z,1435,2573,55.77,11958,587990,65.83,13951,276792,30.99,14273,28469,3.19,968000,99,893251,1765681,1435,2374,X,2022-11-09T01:30:03.718Z,0.0,1.0,
1668020786,2022-11-09 13:06:26 -0600,d85197e6fef4df0d3d50c11440efc8cbbe25462e,20221108AR5103,live,92.28,AR,Arkansas,4,1,2022-11-09T01:30:00.000Z,state,0,2022-11-09T19:05:07.943Z,1460,2573,56.74,11958,587990,65.83,13951,276792,30.99,14273,28469,3.19,968000,99,893251,1765681,1460,2374,X,2022-11-09T01:30:03.718Z,0.0,1.0,
1668020829,2022-11-09 13:07:09 -0600,cd9b0b308e2600eda290b677d3b43036fe5b7d54,20221108AR5103,live,92.28,AR,Arkansas,4,1,2022-11-09T01:30:00.000Z,state,0,2022-11-09T19:06:00.729Z,1460,2573,56.74,11958,587990,65.83,13951,276792,30.99,14273,28469,3.19,968000,99,893251,1765681,1460,2374,X,2022-11-09T01:30:03.718Z,0.0,1.0,
1668021085,2022-11-09 13:11:25 -0600,37a2aef7395b2e86535e42a27a2b7bb24711c09d,20221108AR5103,live,92.28,AR,Arkansas,4,1,2022-11-09T01:30:00.000Z,state,0,2022-11-09T19:09:46.933Z,1483,2573,57.64,11958,587990,65.83,13951,276792,30.99,14273,28469,3.19,968000,99,893251,1765681,1483,2374,X,2022-11-09T01:30:03.718Z,0.0,1.0,
1668025772,2022-11-09 14:29:32 -0600,ad6d12e2eb4e85c17ce4e04f1afdf134997e43e2,20221108AR5103,live,92.28,AR,Arkansas,4,1,2022-11-09T01:30:00.000Z,state,0,2022-11-09T20:28:22.712Z,1483,2573,57.64,11958,587990,65.83,13951,276792,30.99,14273,28469,3.19,968000,99,893251,1765681,1483,2374,X,2022-11-09T01:30:03.718Z,0.0,1.0,
1668026064,2022-11-09 14:34:24 -0600,ca03a4a269e6058d6a1aa258dc8c813a933a7e00,20221108AR5103,live,98.0,AR,Arkansas,4,1,2022-11-09T01:30:00.000Z,state,0,2022-11-09T20:32:51.253Z,1483,2573,57.64,11958,587990,65.83,13951,276792,30.99,14273,28469,3.19,911481,99,893251,1765681,1483,2522,X,2022-11-09T01:30:03.718Z,0.0,1.0,
1668048919,2022-11-09 20:55:19 -0600,8c852fb0e97c63bbf973a26f0a3e28845223046c,20221108AR5103,live,99.0,AR,Arkansas,4,1,2022-11-09T01:30:00.000Z,state,0,2022-11-10T02:53:24.312Z,1483,2573,57.64,11958,587990,65.83,13951,276792,30.99,14273,28469,3.19,902274,99,893251,1765681,1483,2547,X,2022-11-09T01:30:03.718Z,0.0,1.0,
1668094966,2022-11-10 09:42:46 -0600,61b8b6e59f806450c4bcd9787bd99375fbb7f5a8,20221108AR5103,live,99.0,AR,Arkansas,4,1,2022-11-09T01:30:00.000Z,state,0,2022-11-10T15:41:51.380Z,1483,2573,57.64,11958,587990,65.83,13951,276792,30.99,14273,28469,3.19,902274,99,893251,1765681,1483,2547,X,2022-11-09T01:30:03.718Z,0.0,1.0,
1668095136,2022-11-10 09:45:36 -0600,f9250087ce922e2bdfe704b9e568bce54b142c3b,20221108AR5103,live,99.0,AR,Arkansas,4,1,2022-11-09T01:30:00.000Z,state,0,2022-11-10T15:44:15.889Z,1483,2573,57.64,11958,587990,65.83,13951,276792,30.99,14273,28469,3.19,902274,99,893251,1765681,1483,2547,X,2022-11-09T01:30:03.718Z,0.0,1.0,
1668095433,2022-11-10 09:50:33 -0600,55bf35d165776c967a250cd97a27bfb1ef836a9e,20221108AR5103,live,99.0,AR,Arkansas,4,1,2022-11-09T01:30:00.000Z,state,0,2022-11-10T15:49:06.750Z,1526,2573,59.31,11958,587990,65.83,13951,276792,30.99,14273,28469,3.19,902274,99,893251,1765681,1526,2547,X,2022-11-09T01:30:03.718Z,0.0,1.0,
1668096646,2022-11-10 10:10:46 -0600,c45a7d7649bb24059d67e5361166feeb4d10d594,20221108AR5103,live,99.0,AR,Arkansas,4,1,2022-11-09T01:30:00.000Z,state,0,2022-11-10T16:09:19.485Z,1527,2573,59.35,11958,588110,65.82,13951,276940,30.99,14273,28482,3.19,902274,99,893532,1765681,1527,2547,X,2022-11-09T01:30:03.718Z,0.0,1.0,
1668098123,2022-11-10 10:35:23 -0600,276eb71d077f55038e3ec1a2865b8f0976e93962,20221108AR5103,live,99.0,AR,Arkansas,4,1,2022-11-09T01:30:00.000Z,state,0,2022-11-10T16:33:01.947Z,1527,2573,59.35,11958,588239,65.82,13951,276992,30.99,14273,28491,3.19,902274,99,893722,1765681,1527,2547,X,2022-11-09T01:30:03.718Z,0.0,1.0,
1668099558,2022-11-10 10:59:18 -0600,3cfc5933247973ca992ad21e83ee5ea11dfeb6b1,20221108AR5103,live,99.0,AR,Arkansas,4,1,2022-11-09T01:30:00.000Z,state,0,2022-11-10T16:58:00.532Z,2484,2573,96.54,11958,588239,65.82,13951,276992,30.99,14273,28491,3.19,902274,99,893722,1765681,2484,2547,X,2022-11-09T01:30:03.718Z,0.0,1.0,
1668099853,2022-11-10 11:04:13 -0600,a289553876c5fe7a9777a05c80a5ded34a7612b1,20221108AR5103,live,99.0,AR,Arkansas,4,1,2022-11-09T01:30:00.000Z,state,0,2022-11-10T17:03:06.611Z,2484,2573,96.54,11958,588547,65.82,13951,277178,31.0,14273,28500,3.19,902274,99,894225,1765681,2484,2547,X,2022-11-09T01:30:03.718Z,0.0,1.0,
1668104571,2022-11-10 12:22:51 -0600,c9b2e9a989b0a9fc7ff79967963e7630d53de713,20221108AR5103,live,99.0,AR,Arkansas,4,1,2022-11-09T01:30:00.000Z,state,0,2022-11-10T18:19:17.061Z,2484,2573,96.54,11958,588547,65.82,13951,277178,31.0,14273,28500,3.19,902274,99,894225,1765681,2484,2547,X,2022-11-09T01:30:03.718Z,0.0,1.0,
1668125493,2022-11-10 18:11:33 -0600,9080e758569bbb7df728dcf52eb23a78116ded53,20221108AR5103,live,99.0,AR,Arkansas,4,1,2022-11-09T01:30:00.000Z,state,0,2022-11-11T00:10:00.158Z,2484,2573,96.54,11958,588547,65.82,13951,277178,31.0,14273,28500,3.19,903258,99,894225,1765681,2484,2547,X,2022-11-09T01:30:03.718Z,0.0,1.0,
1668131380,2022-11-10 19:49:40 -0600,39fb6043e7916648a9f217456bd08474a70f8728,20221108AR5103,live,99.0,AR,Arkansas,4,1,2022-11-09T01:30:00.000Z,state,0,2022-11-11T01:48:30.574Z,2484,2573,96.54,11958,588547,65.82,13951,277178,31.0,14273,28500,3.19,903258,99,894225,1765681,2484,2547,X,2022-11-09T01:30:03.718Z,0.0,1.0,
1668131423,2022-11-10 19:50:23 -0600,592351bcc0b2ebb2dfdc91bde60efa8d7eab216a,20221108AR5103,live,99.0,AR,Arkansas,4,1,2022-11-09T01:30:00.000Z,state,0,2022-11-11T01:49:27.936Z,2484,2573,96.54,11958,588547,65.82,13951,277178,31.0,14273,28500,3.19,903258,99,894225,1765681,2484,2547,X,2022-11-09T01:30:03.718Z,0.0,1.0,
1668175476,2022-11-11 08:04:36 -0600,1fe4217f94b32cfe85dbcd7efd88318c0870014e,20221108AR5103,live,99.0,AR,Arkansas,4,1,2022-11-09T01:30:00.000Z,state,0,2022-11-11T14:03:19.141Z,2484,2573,96.54,11958,590068,65.83,13951,277726,30.98,14273,28590,3.19,903258,99,896384,1765681,2484,2547,X,2022-11-09T01:30:03.718Z,0.0,1.0,
1668176360,2022-11-11 08:19:20 -0600,c7501df3af80c6dcec3bf43a857e165139e69d2f,20221108AR5103,live,99.0,AR,Arkansas,4,1,2022-11-09T01:30:00.000Z,state,0,2022-11-11T14:17:21.543Z,2484,2573,96.54,11958,590068,65.83,13951,277726,30.98,14273,28590,3.19,903258,99,896384,1765681,2484,2547,X,2022-11-09T01:30:03.718Z,0.0,1.0,
1668178567,2022-11-11 08:56:07 -0600,b1b2450071ad93644f5961debfcc88a4723aab90,20221108AR5103,live,99.0,AR,Arkansas,4,1,2022-11-09T01:30:00.000Z,state,0,2022-11-11T14:54:39.928Z,2484,2573,96.54,11958,590068,65.83,13951,277726,30.98,14273,28590,3.19,903258,99,896384,1765681,2484,2547,X,2022-11-09T01:30:03.718Z,0.0,1.0,
1668178648,2022-11-11 08:57:28 -0600,4c47111ffdb5c395db71a62cc78bc03876a92527,20221108AR5103,live,99.0,AR,Arkansas,4,1,2022-11-09T01:30:00.000Z,state,0,2022-11-11T14:56:23.004Z,2484,2573,96.54,11958,590068,65.83,13951,277726,30.98,14273,28590,3.19,903258,99,896384,1765681,2484,2547,X,2022-11-09T01:30:03.718Z,0.0,1.0,
1668178689,2022-11-11 08:58:09 -0600,3fe51f58cf2ef94ff9f7ec10eb0cd1076c85d06c,20221108AR5103,live,99.0,AR,Arkansas,4,1,2022-11-09T01:30:00.000Z,state,0,2022-11-11T14:56:49.710Z,2484,2573,96.54,11958,590068,65.83,13951,277726,30.98,14273,28590,3.19,903258,99,896384,1765681,2484,2547,X,2022-11-09T01:30:03.718Z,0.0,1.0,
1668178729,2022-11-11 08:58:49 -0600,2e369c376638dcd28bf3eac17d0d114673c15e35,20221108AR5103,live,99.0,AR,Arkansas,4,1,2022-11-09T01:30:00.000Z,state,0,2022-11-11T14:57:43.266Z,2484,2573,96.54,11958,590068,65.83,13951,277726,30.98,14273,28590,3.19,903258,99,896384,1765681,2484,2547,X,2022-11-09T01:30:03.718Z,0.0,1.0,
1668179015,2022-11-11 09:03:35 -0600,c02abc88b5e123cd160fd755af4bbb47da1728b2,20221108AR5103,live,99.0,AR,Arkansas,4,1,2022-11-09T01:30:00.000Z,state,0,2022-11-11T15:02:31.549Z,2484,2573,96.54,11958,590068,65.83,13951,277726,30.98,14273,28590,3.19,903258,99,896384,1765681,2484,2547,X,2022-11-09T01:30:03.718Z,0.0,1.0,
1668179097,2022-11-11 09:04:57 -0600,bd1e540f4442511567113c812fdffd51c16354a0,20221108AR5103,live,99.0,AR,Arkansas,4,1,2022-11-09T01:30:00.000Z,state,0,2022-11-11T15:03:51.721Z,2484,2573,96.54,11958,590068,65.83,13951,277726,30.98,14273,28590,3.19,903258,99,896384,1765681,2484,2547,X,2022-11-09T01:30:03.718Z,0.0,1.0,
1668179180,2022-11-11 09:06:20 -0600,64140583f5cf3efc750b9f1106c38810eb328685,20221108AR5103,live,99.0,AR,Arkansas,4,1,2022-11-09T01:30:00.000Z,state,0,2022-11-11T15:04:55.605Z,2484,2573,96.54,11958,590068,65.83,13951,277726,30.98,14273,28590,3.19,903258,99,896384,1765681,2484,2547,X,2022-11-09T01:30:03.718Z,0.0,1.0,
1668179262,2022-11-11 09:07:42 -0600,4b18170a2a26224402f0051680b839fd1050cae2,20221108AR5103,live,99.0,AR,Arkansas,4,1,2022-11-09T01:30:00.000Z,state,0,2022-11-11T15:06:30.772Z,2484,2573,96.54,11958,590068,65.83,13951,277726,30.98,14273,28590,3.19,903258,99,896384,1765681,2484,2547,X,2022-11-09T01:30:03.718Z,0.0,1.0,
1668179304,2022-11-11 09:08:24 -0600,436787deed1a57b67f7be6b232ccaed1d4d386eb,20221108AR5103,live,99.0,AR,Arkansas,4,1,2022-11-09T01:30:00.000Z,state,0,2022-11-11T15:07:03.963Z,2484,2573,96.54,11958,590068,65.83,13951,277726,30.98,14273,28590,3.19,903258,99,896384,1765681,2484,2547,X,2022-11-09T01:30:03.718Z,0.0,1.0,
1668179674,2022-11-11 09:14:34 -0600,a0cbd109dac0571099da976ea77b2722ee473dfa,20221108AR5103,live,99.0,AR,Arkansas,4,1,2022-11-09T01:30:00.000Z,state,0,2022-11-11T15:13:30.208Z,2484,2573,96.54,11958,590068,65.83,13951,277726,30.98,14273,28590,3.19,903258,99,896384,1765681,2484,2547,X,2022-11-09T01:30:03.718Z,0.0,1.0,
1668179919,2022-11-11 09:18:39 -0600,8070217220270613f3c0eaea9d2a45f5a5ff02e7,20221108AR5103,live,99.0,AR,Arkansas,4,1,2022-11-09T01:30:00.000Z,state,0,2022-11-11T15:17:30.740Z,2484,2573,96.54,11958,590068,65.83,13951,277726,30.98,14273,28590,3.19,903258,99,896384,1765681,2484,2547,X,2022-11-09T01:30:03.718Z,0.0,1.0,
1668181568,2022-11-11 09:46:08 -0600,67cec2b6ab21855d68126d1720683f5340e83cad,20221108AR5103,live,99.0,AR,Arkansas,4,1,2022-11-09T01:30:00.000Z,state,0,2022-11-11T15:44:52.868Z,2484,2573,96.54,11958,590068,65.83,13951,277726,30.98,14273,28590,3.19,903258,99,896384,1765681,2484,2547,X,2022-11-09T01:30:03.718Z,0.0,1.0,
1668182189,2022-11-11 09:56:29 -0600,f0ed422a5f3dbd4472799c378cab6cc754b89486,20221108AR5103,live,99.0,AR,Arkansas,4,1,2022-11-09T01:30:00.000Z,state,0,2022-11-11T15:55:31.263Z,2484,2573,96.54,11958,590068,65.83,13951,277726,30.98,14273,28590,3.19,903258,99,896384,1765681,2484,2547,X,2022-11-09T01:30:03.718Z,0.0,1.0,
1668182563,2022-11-11 10:02:43 -0600,e5dab5442efd954b4bd7b7830875faa7241021b0,20221108AR5103,live,99.0,AR,Arkansas,4,1,2022-11-09T01:30:00.000Z,state,0,2022-11-11T16:01:23.075Z,2484,2573,96.54,11958,590068,65.83,13951,277726,30.98,14273,28590,3.19,903258,99,896384,1765681,2484,2547,X,2022-11-09T01:30:03.718Z,0.0,1.0,
1668183017,2022-11-11 10:10:17 -0600,c89901d70244e444030fe4e4c669cb293dcdfe75,20221108AR5103,live,99.0,AR,Arkansas,4,1,2022-11-09T01:30:00.000Z,state,0,2022-11-11T16:09:08.127Z,2484,2573,96.54,11958,590068,65.83,13951,277726,30.98,14273,28590,3.19,903258,99,896384,1765681,2484,2547,X,2022-11-09T01:30:03.718Z,0.0,1.0,
1668183099,2022-11-11 10:11:39 -0600,327bb72e5767051251f46a442553c093487271d4,20221108AR5103,live,99.0,AR,Arkansas,4,1,2022-11-09T01:30:00.000Z,state,0,2022-11-11T16:10:20.257Z,2484,2573,96.54,11958,590068,65.83,13951,277726,30.98,14273,28590,3.19,903258,99,896384,1765681,2484,2547,X,2022-11-09T01:30:03.718Z,0.0,1.0,
1668183184,2022-11-11 10:13:04 -0600,67548459607f883ae93427a196cd78487cc5c6bb,20221108AR5103,live,99.0,AR,Arkansas,4,1,2022-11-09T01:30:00.000Z,state,0,2022-11-11T16:11:50.402Z,2484,2573,96.54,11958,590068,65.83,13951,277726,30.98,14273,28590,3.19,903258,99,896384,1765681,2484,2547,X,2022-11-09T01:30:03.718Z,0.0,1.0,
1668432709,2022-11-14 07:31:49 -0600,45b531d62c6982520e2175e7e928c6e610576786,20221108AR5103,live,99.0,AR,Arkansas,4,1,2022-11-09T01:30:00.000Z,state,0,2022-11-14T13:31:11.921Z,2547,2573,98.99,11958,590068,65.83,13951,277726,30.98,14273,28590,3.19,903258,99,896384,1765681,2484,2547,X,2022-11-09T01:30:03.718Z,0.0,1.0,
1668523791,2022-11-15 08:49:51 -0600,a42fbda73e0f6fb9175e14b68207bdddfef199ed,20221108AR5103,live,99.0,AR,Arkansas,4,1,2022-11-09T01:30:00.000Z,state,0,2022-11-15T14:49:33.487Z,2547,2573,98.99,11958,590146,65.83,13951,277790,30.99,14273,28591,3.19,903258,99,896527,1765681,2484,2547,X,2022-11-09T01:30:03.718Z,0.0,1.0,
1668541285,2022-11-15 13:41:25 -0600,b48ca172cc0e6c4751c006cf329d367ddd1367ed,20221108AR5103,live,99.0,AR,Arkansas,4,1,2022-11-09T01:30:00.000Z,state,0,2022-11-15T19:41:03.765Z,2547,2573,98.99,11958,590162,65.83,13951,277794,30.98,14273,28592,3.19,903258,99,896548,1765681,2484,2547,X,2022-11-09T01:30:03.718Z,0.0,1.0,
1668612652,2022-11-16 09:30:52 -0600,33e07faea63f3a77a8b7b2b5080fb0824357420d,20221108AR5103,live,99.0,AR,Arkansas,4,1,2022-11-09T01:30:00.000Z,state,0,2022-11-16T15:30:30.135Z,2547,2573,98.99,11958,590199,65.83,13951,277815,30.99,14273,28593,3.19,903258,99,896607,1765681,2484,2547,X,2022-11-09T01:30:03.718Z,0.0,1.0,
1668613124,2022-11-16 09:38:44 -0600,4349bb082f5c0588e4426097522e0e6c72c8368f,20221108AR5103,live,99.0,AR,Arkansas,4,1,2022-11-09T01:30:00.000Z,state,0,2022-11-16T15:38:24.287Z,2547,2573,98.99,11958,590199,65.83,13951,277815,30.99,14273,28593,3.19,903258,99,896607,1765681,2484,2547,X,2022-11-09T01:30:03.718Z,0.0,1.0,
1668701879,2022-11-17 10:17:59 -0600,b1be77ed8943de11a039ef20b0e53d892919fad4,20221108AR5103,live,100.0,AR,Arkansas,4,1,2022-11-09T01:30:00.000Z,state,0,2022-11-17T16:17:43.405Z,2547,2573,98.99,11958,590199,65.83,13951,277815,30.99,14273,28593,3.19,55582,100,896607,1765681,2484,2547,X,2022-11-09T01:30:03.718Z,0.0,1.0,
1668702801,2022-11-17 10:33:21 -0600,c6f3907fc8622daed6d007c9d629f7afaa143ff8,20221108AR5103,live,99.0,AR,Arkansas,4,1,2022-11-09T01:30:00.000Z,state,0,2022-11-17T16:33:02.550Z,2547,2573,98.99,11958,590199,65.83,13951,277815,30.99,14273,28593,3.19,905664,100,896607,1765681,2484,2547,X,2022-11-09T01:30:03.718Z,0.0,1.0,
1668704580,2022-11-17 11:03:00 -0600,c1478563427e2809caad5dba6a11782fb953e09f,20221108AR5103,live,99.0,AR,Arkansas,4,1,2022-11-09T01:30:00.000Z,state,0,2022-11-17T17:02:46.174Z,2547,2573,98.99,11958,590199,65.83,13951,277815,30.99,14273,28593,3.19,905664,100,896607,1765681,2484,2547,X,2022-11-09T01:30:03.718Z,0.0,1.0,
1668722826,2022-11-17 16:07:06 -0600,d99312aedb5f0c199f40d12a16afea8aa01c8179,20221108AR5103,live,99.0,AR,Arkansas,4,1,2022-11-09T01:30:00.000Z,state,0,2022-11-17T22:06:52.768Z,2547,2573,98.99,11958,590199,65.83,13951,277815,30.99,14273,28593,3.19,905664,100,896607,1765681,2484,2547,X,2022-11-09T01:30:03.718Z,0.0,1.0,
1668722873,2022-11-17 16:07:53 -0600,93f8926228cfe0de4569ff04739b49cda12579c6,20221108AR5103,live,99.0,AR,Arkansas,4,1,2022-11-09T01:30:00.000Z,state,0,2022-11-17T22:07:30.196Z,2547,2573,98.99,11958,590199,65.83,13951,277815,30.99,14273,28593,3.19,905664,100,896607,1765681,2484,2547,X,2022-11-09T01:30:03.718Z,0.0,1.0,
