captureTimestamp,captureDateTime,captureRevision,raceID,resultsType,eevp,statePostal,stateName,reportingunitID,reportingunitLevel,pollClosingTime,level,electTotal,lastUpdated,precinctsReporting,precinctsTotal,precinctsReportingPct,candidates.0.candidateID,candidates.0.voteCount,candidates.0.votePct,candidates.1.candidateID,candidates.1.voteCount,candidates.1.votePct,parameters.vote.expected.actual,parameters.vote.expected.eevpCap,parameters.vote.total,parameters.vote.registered,parameters.precinctsReportingActual,parameters.precinctsReportingProportional,candidates.0.colorIndex,candidates.1.colorIndex,candidates.1.winner,candidates.1.calledAt
1667886761,2022-11-08 05:52:41 +0000,454ce019f86614717daba988180b8577e032630f,20221108FL12231,live,0.0,FL,Florida,10,1,2022-11-09T00:00:00.000Z,state,0,2022-11-07T22:53:11.850Z,0,5667,0.0,23732,0,0.0,23731,0,0.0,9139276,99,0,13708914,0,0,,,,
1667944347,2022-11-08 21:52:27 +0000,05a3e91e497cb8d3251b3f2f481fd479b6ed8cc7,20221108FL12231,live,0.0,FL,Florida,10,1,2022-11-09T00:00:00.000Z,state,0,2022-11-08T21:10:32.117Z,0,5667,0.0,23732,0,0.0,23731,0,0.0,9139276,99,0,13708914,0,0,,,,
1667953518,2022-11-09 00:25:18 +0000,c5fd4e03c2339afc5fd044a64f91f261b7e7cfa1,20221108FL12231,live,7.13,FL,Florida,10,1,2022-11-09T00:00:00.000Z,state,0,2022-11-09T00:21:23.096Z,0,5667,0.0,23732,336006,51.59,23731,315236,48.41,9139276,99,651242,13708914,0,404,0.0,1.0,,
1667953790,2022-11-09 00:29:50 +0000,6070b11d4c3c0a9b2acaa63cc75a94579377e299,20221108FL12231,live,16.38,FL,Florida,10,1,2022-11-09T00:00:00.000Z,state,0,2022-11-09T00:25:45.710Z,12,5667,0.21,23732,726994,52.21,23731,665440,47.79,8500000,99,1392434,11713963,12,928,0.0,1.0,,
1667954061,2022-11-09 00:34:21 +0000,f42b15f4268586407ce223466d2394d526a81df4,20221108FL12231,live,17.57,FL,Florida,10,1,2022-11-09T00:00:00.000Z,state,0,2022-11-09T00:30:23.542Z,13,5667,0.23,23732,784958,52.55,23731,708777,47.45,8500000,99,1493735,11713963,13,996,0.0,1.0,,
1667954328,2022-11-09 00:38:48 +0000,bfe97281aaab58d7c74edee2f505906bcc18daea,20221108FL12231,live,29.02,FL,Florida,10,1,2022-11-09T00:00:00.000Z,state,0,2022-11-09T00:35:08.959Z,73,5667,1.29,23732,1274143,51.66,23731,1192467,48.34,8500000,99,2466610,11713963,73,1645,0.0,1.0,,
1667954620,2022-11-09 00:43:40 +0000,390deeca213dc77033625c9727e9139ac530f13c,20221108FL12231,live,37.46,FL,Florida,10,1,2022-11-09T00:00:00.000Z,state,0,2022-11-09T00:39:30.325Z,182,5667,3.21,23732,1656950,52.04,23731,1527194,47.96,8500000,99,3184144,11713963,182,2123,0.0,1.0,,
1667954884,2022-11-09 00:48:04 +0000,8f544a76833fbb21dc3fbc0ce7b73e3714be8529,20221108FL12231,live,42.51,FL,Florida,10,1,2022-11-09T00:00:00.000Z,state,0,2022-11-09T00:43:51.731Z,604,5667,10.66,23732,1899945,52.58,23731,1713356,47.42,8500000,99,3613301,11713963,604,2409,0.0,1.0,,
1667955153,2022-11-09 00:52:33 +0000,5dbf5007b88cfdc60ec0e8e538e0df6eb1e86637,20221108FL12231,live,44.9,FL,Florida,10,1,2022-11-09T00:00:00.000Z,state,0,2022-11-09T00:48:54.699Z,741,5667,13.08,23732,2015944,52.82,23731,1800410,47.18,8500000,99,3816354,11713963,741,2544,0.0,1.0,,
1667955430,2022-11-09 00:57:10 +0000,e9bf9bc2954735d2abe72015bd1ac602b27e7679,20221108FL12231,live,50.91,FL,Florida,10,1,2022-11-09T00:00:00.000Z,state,0,2022-11-09T00:52:50.657Z,1061,5667,18.72,23732,2293757,53.0,23731,2033762,47.0,8500000,99,4327519,11713963,1061,2885,0.0,1.0,,
1667955702,2022-11-09 01:01:42 +0000,f6f1267e463cf8ecb93583f1dab12bfae681d775,20221108FL12231,live,53.67,FL,Florida,10,1,2022-11-09T00:00:00.000Z,state,0,2022-11-09T00:57:09.381Z,1501,5667,26.49,23732,2428524,53.23,23731,2133663,46.77,8500000,99,4562187,11713963,1501,3042,0.0,1.0,,
1667956006,2022-11-09 01:06:46 +0000,01cc2f6d0039b2fcb59e03eced60e58dcb253844,20221108FL12231,live,54.81,FL,Florida,10,1,2022-11-09T00:00:00.000Z,state,0,2022-11-09T01:02:16.337Z,1611,5667,28.43,23732,2483239,53.3,23731,2175357,46.7,8500000,99,4658596,11713963,1611,3106,0.0,1.0,,
1667956272,2022-11-09 01:11:12 +0000,e9730fe8cd073de363599251493da8f113e7bb60,20221108FL12231,live,55.3,FL,Florida,10,1,2022-11-09T00:00:00.000Z,state,0,2022-11-09T01:06:44.072Z,1648,5667,29.08,23732,2507282,53.34,23731,2193485,46.66,8500000,99,4700767,11713963,1648,3134,0.0,1.0,,
1667956547,2022-11-09 01:15:47 +0000,8138046ce1ccc9e37269480764f23b8c9cec781a,20221108FL12231,live,58.26,FL,Florida,10,1,2022-11-09T00:00:00.000Z,state,0,2022-11-09T01:11:23.752Z,2013,5667,35.52,23732,2644338,53.4,23731,2307684,46.6,8500000,99,4952022,11713963,2013,3302,0.0,1.0,,
1667956832,2022-11-09 01:20:32 +0000,83b25784602daed92be104db5cf5a6446230f2d5,20221108FL12231,live,58.3,FL,Florida,10,1,2022-11-09T00:00:00.000Z,state,0,2022-11-09T01:16:40.729Z,2026,5667,35.75,23732,2645940,53.4,23731,2309186,46.6,8500000,99,4955126,11713963,2026,3304,0.0,1.0,,
1667957119,2022-11-09 01:25:19 +0000,6d7ee88678b17ac3babfbeca22c88d840ddf7ac8,20221108FL12231,live,58.93,FL,Florida,10,1,2022-11-09T00:00:00.000Z,state,0,2022-11-09T01:19:23.074Z,2097,5667,37.0,23732,2677273,53.45,23731,2331597,46.55,8500000,99,5008870,11713963,2097,3339,0.0,1.0,,
1667957430,2022-11-09 01:30:30 +0000,03f90a735487a191903970f5b59ebf51d460c3e0,20221108FL12231,live,60.19,FL,Florida,10,1,2022-11-09T00:00:00.000Z,state,0,2022-11-09T01:24:29.696Z,2369,5667,41.8,23732,2733803,53.44,23731,2381957,46.56,8500000,99,5115760,11713963,2369,3411,0.0,1.0,,
1667957715,2022-11-09 01:35:15 +0000,97cbc8b93cc842818a0fba948144842c3e8d51f0,20221108FL12231,live,61.15,FL,Florida,10,1,2022-11-09T00:00:00.000Z,state,0,2022-11-09T01:31:29.144Z,2545,5667,44.91,23732,2779206,53.47,23731,2418685,46.53,8500000,99,5197891,11713963,2545,3465,0.0,1.0,,
1667957993,2022-11-09 01:39:53 +0000,af6b7ce58befb45bf1dd57f93615d5da519d3770,20221108FL12231,live,63.33,FL,Florida,10,1,2022-11-09T00:00:00.000Z,state,0,2022-11-09T01:35:19.006Z,2991,5667,52.78,23732,2887005,53.63,23731,2496301,46.37,8500000,99,5383306,11713963,2991,3589,0.0,1.0,,
1667958273,2022-11-09 01:44:33 +0000,4199c67ba64ae17927c85a89877c89e59a577ae0,20221108FL12231,live,64.9,FL,Florida,10,1,2022-11-09T00:00:00.000Z,state,0,2022-11-09T01:40:30.139Z,3109,5667,54.86,23732,2958502,53.63,23731,2558139,46.37,8500000,99,5516641,11713963,3109,3678,0.0,1.0,,
1667958559,2022-11-09 01:49:19 +0000,0a6694bb1cdd9734aff1178f6a5894d33a1a95cc,20221108FL12231,live,65.5,FL,Florida,10,1,2022-11-09T00:00:00.000Z,state,0,2022-11-09T01:44:48.206Z,3176,5667,56.04,23732,2987260,53.66,23731,2579857,46.34,8500000,99,5567117,11713963,3176,3712,0.0,1.0,,
1667958843,2022-11-09 01:54:03 +0000,cdc0d2ad2c3afd665dd741c97f9de238aafb3cf6,20221108FL12231,live,65.95,FL,Florida,10,1,2022-11-09T00:00:00.000Z,state,0,2022-11-09T01:49:08.603Z,3218,5667,56.78,23732,3009188,53.68,23731,2596864,46.32,8500000,99,5606052,11713963,3218,3738,0.0,1.0,,
1667959124,2022-11-09 01:58:44 +0000,ebdb2f4efab49b8071a842b145008e58069ff969,20221108FL12231,live,66.06,FL,Florida,10,1,2022-11-09T00:00:00.000Z,state,0,2022-11-09T01:54:13.595Z,3237,5667,57.12,23732,3013146,53.66,23731,2601726,46.34,8500000,99,5614872,11713963,3237,3743,0.0,1.0,,
1667959410,2022-11-09 02:03:30 +0000,98a277291480f2bee1271d939218798a5aa6ad2a,20221108FL12231,live,66.97,FL,Florida,10,1,2022-11-09T00:00:00.000Z,state,0,2022-11-09T01:57:12.380Z,3298,5667,58.2,23732,3054151,53.66,23731,2637955,46.34,8500000,99,5692106,11713963,3298,3795,0.0,1.0,,
1667959699,2022-11-09 02:08:19 +0000,204acec220204cf7636f9483a8300da582a314fa,20221108FL12231,live,69.44,FL,Florida,10,1,2022-11-09T00:00:00.000Z,state,0,2022-11-09T02:03:57.187Z,3987,5667,70.35,23732,3162219,53.58,23731,2740159,46.42,8500000,99,5902378,11713963,3987,3935,0.0,1.0,,
1667959981,2022-11-09 02:13:01 +0000,f7108f15221a3f4ac4310e0ba678593081137a5c,20221108FL12231,live,69.53,FL,Florida,10,1,2022-11-09T00:00:00.000Z,state,0,2022-11-09T02:06:26.265Z,4005,5667,70.67,23732,3166691,53.58,23731,2743715,46.42,8500000,99,5910406,11713963,4005,3941,0.0,1.0,,
1667960264,2022-11-09 02:17:44 +0000,e239f4bcca07deff3069ebbdd016fa8b8d41d752,20221108FL12231,live,69.63,FL,Florida,10,1,2022-11-09T00:00:00.000Z,state,0,2022-11-09T02:10:08.950Z,4016,5667,70.87,23732,3170946,53.58,23731,2747563,46.42,8500000,99,5918509,11713963,4016,3946,0.0,1.0,,
1667960540,2022-11-09 02:22:20 +0000,8f457dad835364421624abf7a3b05a9acf49f0bd,20221108FL12231,live,72.24,FL,Florida,10,1,2022-11-09T00:00:00.000Z,state,0,2022-11-09T02:18:18.880Z,4611,5667,81.37,23732,3297994,53.71,23731,2842114,46.29,8500000,99,6140108,11713963,4611,4094,0.0,1.0,,
1667960816,2022-11-09 02:26:56 +0000,8a1624065b18c7c6c4408259c296b51116c46c3f,20221108FL12231,live,72.24,FL,Florida,10,1,2022-11-09T00:00:00.000Z,state,0,2022-11-09T02:18:18.880Z,4611,5667,81.37,23732,3297994,53.71,23731,2842114,46.29,8500000,99,6140108,11713963,4611,4094,0.0,1.0,,
1667961093,2022-11-09 02:31:33 +0000,1ec6490691d550bb25c67a95029d41260dad9223,20221108FL12231,live,72.38,FL,Florida,10,1,2022-11-09T00:00:00.000Z,state,0,2022-11-09T02:26:59.575Z,4622,5667,81.56,23732,3304529,53.71,23731,2847693,46.29,8500000,99,6152222,11713963,4622,4102,0.0,1.0,,
1667961378,2022-11-09 02:36:18 +0000,38867b5c6238941f5844472df77322f71d62b761,20221108FL12231,live,72.91,FL,Florida,10,1,2022-11-09T00:00:00.000Z,state,0,2022-11-09T02:31:49.994Z,4699,5667,82.92,23732,3333399,53.79,23731,2864182,46.21,8500000,99,6197581,11713963,4699,4132,0.0,1.0,,
1667961709,2022-11-09 02:41:49 +0000,0f04550731ed05e8c23b521fa0b273774c5a4a51,20221108FL12231,live,74.88,FL,Florida,10,1,2022-11-09T00:00:00.000Z,state,0,2022-11-09T02:38:00.549Z,4843,5667,85.46,23732,3430634,53.9,23731,2933799,46.1,8500000,99,6364433,11713963,4843,4243,0.0,1.0,,
1667961990,2022-11-09 02:46:30 +0000,34fd47cd084122fe0c5fed09f89e8cc11319e728,20221108FL12231,live,77.82,FL,Florida,10,1,2022-11-09T00:00:00.000Z,state,0,2022-11-09T02:40:06.145Z,5113,5667,90.22,23732,3556325,53.76,23731,3058319,46.24,8500000,99,6614644,11713963,5113,4410,0.0,1.0,,
1667962272,2022-11-09 02:51:12 +0000,22cc2cb364805735e8373437043abe797d3cbbf4,20221108FL12231,live,78.79,FL,Florida,10,1,2022-11-09T00:00:00.000Z,state,0,2022-11-09T02:44:57.489Z,5251,5667,92.66,23732,3603186,53.8,23731,3094217,46.2,8500000,99,6697403,11713963,5251,4465,0.0,1.0,,
1667962555,2022-11-09 02:55:55 +0000,84c8aec46b0824d2dabb875d986800c8bb475bfb,20221108FL12231,live,78.89,FL,Florida,10,1,2022-11-09T00:00:00.000Z,state,0,2022-11-09T02:49:22.123Z,5190,5667,91.58,23732,3607169,53.79,23731,3098590,46.21,8500000,99,6705759,11713963,5190,4471,0.0,1.0,,
1667963111,2022-11-09 03:05:11 +0000,e819c6c0592b367c01eebbb86e897f39b2d774d1,20221108FL12231,live,79.33,FL,Florida,10,1,2022-11-09T00:00:00.000Z,state,0,2022-11-09T02:58:39.393Z,5264,5667,92.89,23732,3630627,53.84,23731,3112364,46.16,8500000,99,6742991,11713963,5264,4496,0.0,1.0,,
1667963396,2022-11-09 03:09:56 +0000,6a46c0776c43a17d759f81499ba9ed2e8d7622fc,20221108FL12231,live,79.33,FL,Florida,10,1,2022-11-09T00:00:00.000Z,state,0,2022-11-09T03:01:40.673Z,5265,5667,92.91,23732,3630839,53.84,23731,3112511,46.16,8500000,99,6743350,11713963,5265,4496,0.0,1.0,,
1667963668,2022-11-09 03:14:28 +0000,504ec01bb7ea4ec861b67f44aa636e0055b5ba3d,20221108FL12231,live,79.72,FL,Florida,10,1,2022-11-09T00:00:00.000Z,state,0,2022-11-09T03:10:56.655Z,5308,5667,93.67,23732,3654774,53.94,23731,3121172,46.06,8500000,99,6775946,11713963,5308,4518,0.0,1.0,,
1667963936,2022-11-09 03:18:56 +0000,05b874b27e9d0f9fdd5056261aa4b35a7cfd0586,20221108FL12231,live,80.01,FL,Florida,10,1,2022-11-09T00:00:00.000Z,state,0,2022-11-09T03:15:03.571Z,5351,5667,94.42,23732,3669365,53.96,23731,3131313,46.04,8500000,99,6800678,11713963,5351,4534,0.0,1.0,,
1667964227,2022-11-09 03:23:47 +0000,1cb90b95cdd6c1be23968f2b7d9618a95c5a5ad9,20221108FL12231,live,80.15,FL,Florida,10,1,2022-11-09T00:00:00.000Z,state,0,2022-11-09T03:19:29.684Z,5366,5667,94.69,23732,3675635,53.96,23731,3136694,46.04,8500000,99,6812329,11713963,5366,4542,0.0,1.0,,
1667964559,2022-11-09 03:29:19 +0000,9953e63a0357b9189618b1f7ef238581cfdffcbb,20221108FL12231,live,80.17,FL,Florida,10,1,2022-11-09T00:00:00.000Z,state,0,2022-11-09T03:24:32.029Z,5419,5667,95.62,23732,3676644,53.95,23731,3137722,46.05,8500000,99,6814366,11713963,5419,4543,0.0,1.0,,
1667965148,2022-11-09 03:39:08 +0000,6fdfe90630de6ba7d3077daaa37563b39e419cfc,20221108FL12231,live,80.36,FL,Florida,10,1,2022-11-09T00:00:00.000Z,state,0,2022-11-09T03:35:13.927Z,5422,5667,95.68,23732,3686519,53.97,23731,3143665,46.03,8500000,99,6830184,11713963,5422,4554,0.0,1.0,,
1667965711,2022-11-09 03:48:31 +0000,3f97935f76145660588ec69d4480a824e21e2bd4,20221108FL12231,live,80.36,FL,Florida,10,1,2022-11-09T00:00:00.000Z,state,0,2022-11-09T03:41:23.309Z,5422,5667,95.68,23732,3686519,53.97,23731,3143665,46.03,8500000,99,6830184,11713963,5422,4554,0.0,1.0,,
1667966001,2022-11-09 03:53:21 +0000,cee0a612753351ddb30fde2a157613da20f2be01,20221108FL12231,live,96.06,FL,Florida,10,1,2022-11-09T00:00:00.000Z,state,0,2022-11-09T03:47:19.625Z,5449,5667,96.15,23732,3688703,53.97,23731,3145688,46.03,7114775,99,6834391,11713963,5449,5444,0.0,1.0,,
1667966989,2022-11-09 04:09:49 +0000,47c6fd3e525919b429e23d0446afd1809e9c353c,20221108FL12231,live,96.24,FL,Florida,10,1,2022-11-09T00:00:00.000Z,state,0,2022-11-09T03:58:51.467Z,5450,5667,96.17,23732,3696437,53.99,23731,3150511,46.01,7114775,99,6846948,11713963,5450,5454,0.0,1.0,,
1667967269,2022-11-09 04:14:29 +0000,68d92bf23b94b96637a56b0d567d37a581d41ead,20221108FL12231,live,96.71,FL,Florida,10,1,2022-11-09T00:00:00.000Z,state,0,2022-11-09T04:10:14.509Z,5456,5667,96.28,23732,3716573,54.01,23731,3164334,45.99,7114775,99,6880907,11713963,5456,5481,0.0,1.0,,
1667968002,2022-11-08 22:26:42 -0600,1235204137f0f06fe3cd4983951d9356477924c9,20221108FL12231,live,96.8,FL,Florida,10,1,2022-11-09T00:00:00.000Z,state,0,2022-11-09T04:24:38.153Z,5463,5667,96.4,23732,3719994,54.02,23731,3166966,45.98,7114775,99,6886960,11713963,5463,5486,0.0,1.0,,
1667968138,2022-11-08 22:28:58 -0600,78be3d1941803188124b187362be51adf1e8fdfb,20221108FL12231,live,96.8,FL,Florida,10,1,2022-11-09T00:00:00.000Z,state,0,2022-11-09T04:27:27.310Z,5463,5667,96.4,23732,3719994,54.02,23731,3166966,45.98,7114775,99,6886960,11713963,5463,5486,0.0,1.0,,
1667968709,2022-11-08 22:38:29 -0600,a479186c1a21e09ae947de1863bf72d461e8b879,20221108FL12231,live,96.81,FL,Florida,10,1,2022-11-09T00:00:00.000Z,state,0,2022-11-09T04:35:59.710Z,5467,5667,96.47,23732,3720619,54.02,23731,3167492,45.98,7114775,99,6888111,11713963,5467,5486,0.0,1.0,,
1667968974,2022-11-08 22:42:54 -0600,6782d2843c55794bd70cb628b0a71e22fe48f3f5,20221108FL12231,live,96.9,FL,Florida,10,1,2022-11-09T00:00:00.000Z,state,0,2022-11-09T04:40:56.602Z,5469,5667,96.51,23732,3723496,54.01,23731,3170571,45.99,7114775,99,6894067,11713963,5469,5491,0.0,1.0,,
1667969067,2022-11-08 22:44:27 -0600,73d0e74cb03400217dbc75a62135f42bc460c502,20221108FL12231,live,96.9,FL,Florida,10,1,2022-11-09T00:00:00.000Z,state,0,2022-11-09T04:42:16.762Z,5469,5667,96.51,23732,3723496,54.01,23731,3170571,45.99,7114775,99,6894067,11713963,5469,5491,0.0,1.0,X,2022-11-09T04:42:16.531Z
1667969248,2022-11-08 22:47:28 -0600,22d8758416ee8e5b986d6c680c79fc8b3c4bdaaf,20221108FL12231,live,96.92,FL,Florida,10,1,2022-11-09T00:00:00.000Z,state,0,2022-11-09T04:46:28.147Z,5469,5667,96.51,23732,3724450,54.01,23731,3171426,45.99,7114775,99,6895876,11713963,5469,5493,0.0,1.0,X,2022-11-09T04:42:16.531Z
1667969636,2022-11-08 22:53:56 -0600,343edcc3a5440ed7e985b5b1b439acfe9dc3a7bb,20221108FL12231,live,96.92,FL,Florida,10,1,2022-11-09T00:00:00.000Z,state,0,2022-11-09T04:52:19.201Z,5469,5667,96.51,23732,3724450,54.01,23731,3171426,45.99,7114775,99,6895876,11713963,5469,5493,0.0,1.0,X,2022-11-09T04:42:16.531Z
1667970548,2022-11-08 23:09:08 -0600,a039c3e3daf59c6709863984d030931ce2f47b8a,20221108FL12231,live,96.96,FL,Florida,10,1,2022-11-09T00:00:00.000Z,state,0,2022-11-09T05:08:17.023Z,5469,5667,96.51,23732,3725841,54.01,23731,3172935,45.99,7114775,99,6898776,11713963,5469,5495,0.0,1.0,X,2022-11-09T04:42:16.531Z
1667970637,2022-11-08 23:10:37 -0600,879713b6aae904f8cc55b1a8c3ce99346dd39ab3,20221108FL12231,live,97.07,FL,Florida,10,1,2022-11-09T00:00:00.000Z,state,0,2022-11-09T05:09:32.513Z,5469,5667,96.51,23732,3729905,54.01,23731,3176560,45.99,7114775,99,6906465,11713963,5469,5501,0.0,1.0,X,2022-11-09T04:42:16.531Z
1667970681,2022-11-08 23:11:21 -0600,dd69cd860a28762a05e9344e662f63641aef1dd4,20221108FL12231,live,97.07,FL,Florida,10,1,2022-11-09T00:00:00.000Z,state,0,2022-11-09T05:09:57.055Z,5469,5667,96.51,23732,3729905,54.01,23731,3176560,45.99,7114775,99,6906465,11713963,5469,5501,0.0,1.0,X,2022-11-09T04:42:16.531Z
1667970856,2022-11-08 23:14:16 -0600,ff06f2de4e569cd29ca92d25039a935917deb88f,20221108FL12231,live,97.07,FL,Florida,10,1,2022-11-09T00:00:00.000Z,state,0,2022-11-09T05:11:12.615Z,5469,5667,96.51,23732,3729905,54.01,23731,3176560,45.99,7114775,99,6906465,11713963,5469,5501,0.0,1.0,X,2022-11-09T04:42:16.531Z
1667971032,2022-11-08 23:17:12 -0600,84fafb476f7846131500489058ff24997434ed54,20221108FL12231,live,97.07,FL,Florida,10,1,2022-11-09T00:00:00.000Z,state,0,2022-11-09T05:13:47.399Z,5469,5667,96.51,23732,3729955,54.01,23731,3176681,45.99,7114775,99,6906636,11713963,5469,5501,0.0,1.0,X,2022-11-09T04:42:16.531Z
1667971571,2022-11-08 23:26:11 -0600,d2379320e55d7c8b235939474aad516c1cf9a83b,20221108FL12231,live,97.07,FL,Florida,10,1,2022-11-09T00:00:00.000Z,state,0,2022-11-09T05:24:50.702Z,5565,5667,98.2,23732,3729955,54.01,23731,3176681,45.99,7114775,99,6906636,11713963,5565,5501,0.0,1.0,X,2022-11-09T04:42:16.531Z
1667972427,2022-11-08 23:40:27 -0600,ae4901446f849f3ab62f6a79323d475c59ad0832,20221108FL12231,live,99.0,FL,Florida,10,1,2022-11-09T00:00:00.000Z,state,0,2022-11-09T05:39:33.600Z,5565,5667,98.2,23732,3729955,54.01,23731,3176681,45.99,6976400,99,6906636,11713963,5565,5610,0.0,1.0,X,2022-11-09T04:42:16.531Z
1667972541,2022-11-08 23:42:21 -0600,d38f954f3e6be3d250d58a04e08655875ea7700c,20221108FL12231,live,99.0,FL,Florida,10,1,2022-11-09T00:00:00.000Z,state,0,2022-11-09T05:41:08.106Z,5565,5667,98.2,23732,3732528,54.0,23731,3180103,46.0,6976400,99,6912631,11713963,5565,5610,0.0,1.0,X,2022-11-09T04:42:16.531Z
1667972810,2022-11-08 23:46:50 -0600,aa61daf8417c040e13c56de238053c966d7a0302,20221108FL12231,live,99.0,FL,Florida,10,1,2022-11-09T00:00:00.000Z,state,0,2022-11-09T05:45:15.110Z,5565,5667,98.2,23732,3732528,54.0,23731,3180103,46.0,6976400,99,6912631,11713963,5565,5610,0.0,1.0,X,2022-11-09T04:42:16.531Z
1667972854,2022-11-08 23:47:34 -0600,4c493d7ad5df619297ee4ec86e6725cbd0fcac02,20221108FL12231,live,99.0,FL,Florida,10,1,2022-11-09T00:00:00.000Z,state,0,2022-11-09T05:46:24.610Z,5565,5667,98.2,23732,3732589,54.0,23731,3180205,46.0,6976400,99,6912794,11713963,5565,5610,0.0,1.0,X,2022-11-09T04:42:16.531Z
1667973512,2022-11-08 23:58:32 -0600,c5b8277525be0367964460ee9775326f5b2cc341,20221108FL12231,live,99.0,FL,Florida,10,1,2022-11-09T00:00:00.000Z,state,0,2022-11-09T05:56:36.324Z,5569,5667,98.27,23732,3732589,54.0,23731,3180205,46.0,6976400,99,6912794,11713963,5569,5610,0.0,1.0,X,2022-11-09T04:42:16.531Z
1667973648,2022-11-09 00:00:48 -0600,56d1333c268e0ca83267f304bc7ebda9b0c770b6,20221108FL12231,live,99.0,FL,Florida,10,1,2022-11-09T00:00:00.000Z,state,0,2022-11-09T05:59:19.782Z,5636,5667,99.45,23732,3730417,53.98,23731,3180848,46.02,6976400,99,6911265,11713963,5636,5610,0.0,1.0,X,2022-11-09T04:42:16.531Z
1667973878,2022-11-09 00:04:38 -0600,dd0a2fb7e0a1ea86d312428fcf4c7c68541cc7da,20221108FL12231,live,99.0,FL,Florida,10,1,2022-11-09T00:00:00.000Z,state,0,2022-11-09T06:03:21.869Z,5638,5667,99.49,23732,3730417,53.98,23731,3180848,46.02,6976400,99,6911265,11713963,5638,5610,0.0,1.0,X,2022-11-09T04:42:16.531Z
1667974664,2022-11-09 00:17:44 -0600,d987a91643923201706646f74ed6cc4da6a088a6,20221108FL12231,live,99.0,FL,Florida,10,1,2022-11-09T00:00:00.000Z,state,0,2022-11-09T06:14:31.828Z,5638,5667,99.49,23732,3730417,53.98,23731,3180848,46.02,6976400,99,6911265,11713963,5638,5610,0.0,1.0,X,2022-11-09T04:42:16.531Z
1667975114,2022-11-09 00:25:14 -0600,7de9a48755736c6c6b0e73777ec236e813c5ce50,20221108FL12231,live,99.0,FL,Florida,10,1,2022-11-09T00:00:00.000Z,state,0,2022-11-09T06:24:27.820Z,5638,5667,99.49,23732,3735639,53.97,23731,3186329,46.03,6976400,99,6921968,11713963,5638,5610,0.0,1.0,X,2022-11-09T04:42:16.531Z
1667975443,2022-11-09 00:30:43 -0600,d3fce30549290fb6ab466f77998222999d6c79b9,20221108FL12231,live,99.0,FL,Florida,10,1,2022-11-09T00:00:00.000Z,state,0,2022-11-09T06:29:59.215Z,5638,5667,99.49,23732,3735635,53.97,23731,3186316,46.03,6976400,99,6921951,11713963,5638,5610,0.0,1.0,X,2022-11-09T04:42:16.531Z
1667975692,2022-11-09 00:34:52 -0600,da1c62563fe966a79ac256315975a76cf151abd0,20221108FL12231,live,99.0,FL,Florida,10,1,2022-11-09T00:00:00.000Z,state,0,2022-11-09T06:33:58.863Z,5638,5667,99.49,23732,3735635,53.97,23731,3186316,46.03,6976400,99,6921951,11713963,5638,5610,0.0,1.0,X,2022-11-09T04:42:16.531Z
1667976103,2022-11-09 00:41:43 -0600,5c2c6a219a6e0642a5f516a1c66f722f5c42d6c0,20221108FL12231,live,99.0,FL,Florida,10,1,2022-11-09T00:00:00.000Z,state,0,2022-11-09T06:40:52.654Z,5638,5667,99.49,23732,3736236,53.97,23731,3186994,46.03,6976400,99,6923230,11713963,5638,5610,0.0,1.0,X,2022-11-09T04:42:16.531Z
1667976590,2022-11-09 00:49:50 -0600,94cc860afa532570fe1eea1ef2140983ffb9d8e8,20221108FL12231,live,99.0,FL,Florida,10,1,2022-11-09T00:00:00.000Z,state,0,2022-11-09T06:48:39.892Z,5638,5667,99.49,23732,3741706,53.95,23731,3193385,46.05,6976400,99,6935091,11713963,5638,5610,0.0,1.0,X,2022-11-09T04:42:16.531Z
1667977529,2022-11-09 01:05:29 -0600,41a86a702268ec57df877a606f8777dfeb75024d,20221108FL12231,live,99.0,FL,Florida,10,1,2022-11-09T00:00:00.000Z,state,0,2022-11-09T07:04:29.473Z,5638,5667,99.49,23732,3741706,53.95,23731,3193385,46.05,6976400,99,6935091,11713963,5638,5610,0.0,1.0,X,2022-11-09T04:42:16.531Z
1667983389,2022-11-09 02:43:09 -0600,1ddd3dfbd0a60636dc0989de2dbe39844110e2a9,20221108FL12231,live,99.0,FL,Florida,10,1,2022-11-09T00:00:00.000Z,state,0,2022-11-09T08:35:57.280Z,5638,5667,99.49,23732,3744756,53.95,23731,3196721,46.05,6976400,99,6941477,11713963,5638,5610,0.0,1.0,X,2022-11-09T04:42:16.531Z
1668002852,2022-11-09 08:07:32 -0600,7a7da3394e290cff5b626e103f745fbea3ef433b,20221108FL12231,live,99.0,FL,Florida,10,1,2022-11-09T00:00:00.000Z,state,0,2022-11-09T14:06:25.064Z,5638,5667,99.49,23732,3744756,53.95,23731,3196721,46.05,6976400,99,6941477,11713963,5638,5610,0.0,1.0,X,2022-11-09T04:42:16.531Z
1668006533,2022-11-09 09:08:53 -0600,1ef6384592edcafddbb0ff8e390de9bbf4eb5918,20221108FL12231,live,99.0,FL,Florida,10,1,2022-11-09T00:00:00.000Z,state,0,2022-11-09T15:08:05.765Z,5638,5667,99.49,23732,3744757,53.95,23731,3196721,46.05,6976400,99,6941478,11713963,5638,5610,0.0,1.0,X,2022-11-09T04:42:16.531Z
1668006860,2022-11-09 09:14:20 -0600,9518afc98bc0a25d5524a44185eda8ff04d969a8,20221108FL12231,live,99.0,FL,Florida,10,1,2022-11-09T00:00:00.000Z,state,0,2022-11-09T15:13:38.700Z,5638,5667,99.49,23732,3744757,53.95,23731,3196721,46.05,6976400,99,6941478,11713963,5638,5610,0.0,1.0,X,2022-11-09T04:42:16.531Z
1668007105,2022-11-09 09:18:25 -0600,1a24f83ca1cf403357e2b24fa6c87497103d847e,20221108FL12231,live,99.0,FL,Florida,10,1,2022-11-09T00:00:00.000Z,state,0,2022-11-09T15:17:34.061Z,5638,5667,99.49,23732,3744757,53.95,23731,3196721,46.05,6976400,99,6941478,11713963,5638,5610,0.0,1.0,X,2022-11-09T04:42:16.531Z
1668016706,2022-11-09 11:58:26 -0600,a8a8152d171d20763a6bdce25630001755be4535,20221108FL12231,live,99.0,FL,Florida,10,1,2022-11-09T00:00:00.000Z,state,0,2022-11-09T17:57:28.246Z,5638,5667,99.49,23732,3744757,53.95,23731,3196721,46.05,6976400,99,6941478,11713963,5638,5610,0.0,1.0,X,2022-11-09T04:42:16.531Z
1668017165,2022-11-09 12:06:05 -0600,082aa88b5912cef98698929006425a7c1aa446a4,20221108FL12231,live,99.0,FL,Florida,10,1,2022-11-09T00:00:00.000Z,state,0,2022-11-09T18:05:01.436Z,5640,5667,99.52,23732,3745472,53.95,23731,3197300,46.05,6976400,99,6942772,11713963,5640,5610,0.0,1.0,X,2022-11-09T04:42:16.531Z
1668022191,2022-11-09 13:29:51 -0600,bb7c1b0b672fb7cee94f77e8bad4d13c5235dc86,20221108FL12231,live,99.0,FL,Florida,10,1,2022-11-09T00:00:00.000Z,state,0,2022-11-09T19:28:33.633Z,5640,5667,99.52,23732,3745472,53.95,23731,3197300,46.05,6976400,99,6942772,11713963,5640,5610,0.0,1.0,X,2022-11-09T04:42:16.531Z
1668022603,2022-11-09 13:36:43 -0600,585360b592f5b2b74cacdec77d4a7b34b0f4b1ad,20221108FL12231,live,99.0,FL,Florida,10,1,2022-11-09T00:00:00.000Z,state,0,2022-11-09T19:35:25.059Z,5640,5667,99.52,23732,3745472,53.95,23731,3197300,46.05,6976400,99,6942772,11713963,5640,5610,0.0,1.0,X,2022-11-09T04:42:16.531Z
1668022686,2022-11-09 13:38:06 -0600,cb56a4b22d1b4e3f8ed536ce0e6bcb83a8e9f35e,20221108FL12231,live,99.0,FL,Florida,10,1,2022-11-09T00:00:00.000Z,state,0,2022-11-09T19:37:19.192Z,5640,5667,99.52,23732,3745472,53.95,23731,3197300,46.05,6976400,99,6942772,11713963,5640,5610,0.0,1.0,X,2022-11-09T04:42:16.531Z
1668022768,2022-11-09 13:39:28 -0600,f877830a9010d759c08dfa188cf5ce3dc296dc26,20221108FL12231,live,99.0,FL,Florida,10,1,2022-11-09T00:00:00.000Z,state,0,2022-11-09T19:38:43.609Z,5640,5667,99.52,23732,3745472,53.95,23731,3197300,46.05,6976400,99,6942772,11713963,5640,5610,0.0,1.0,X,2022-11-09T04:42:16.531Z
1668022974,2022-11-09 13:42:54 -0600,a11dc43a9075d05d62ad127e02a2dc10aa2604c0,20221108FL12231,live,99.0,FL,Florida,10,1,2022-11-09T00:00:00.000Z,state,0,2022-11-09T19:41:55.460Z,5640,5667,99.52,23732,3745472,53.95,23731,3197300,46.05,6976400,99,6942772,11713963,5640,5610,0.0,1.0,X,2022-11-09T04:42:16.531Z
1668023057,2022-11-09 13:44:17 -0600,dc7f033536cbb68e6972b2130a841ab00de024a0,20221108FL12231,live,99.0,FL,Florida,10,1,2022-11-09T00:00:00.000Z,state,0,2022-11-09T19:43:02.507Z,5640,5667,99.52,23732,3745472,53.95,23731,3197300,46.05,6976400,99,6942772,11713963,5640,5610,0.0,1.0,X,2022-11-09T04:42:16.531Z
1668023180,2022-11-09 13:46:20 -0600,58050c8aaeb29125a10c256618142bc806b02ab0,20221108FL12231,live,99.0,FL,Florida,10,1,2022-11-09T00:00:00.000Z,state,0,2022-11-09T19:44:57.367Z,5640,5667,99.52,23732,3745472,53.95,23731,3197300,46.05,6976400,99,6942772,11713963,5640,5610,0.0,1.0,X,2022-11-09T04:42:16.531Z
1668023221,2022-11-09 13:47:01 -0600,eb718767d88fd907cb1f9dd503f07df58651dab0,20221108FL12231,live,99.0,FL,Florida,10,1,2022-11-09T00:00:00.000Z,state,0,2022-11-09T19:45:56.587Z,5665,5667,99.96,23732,3745472,53.95,23731,3197300,46.05,6976400,99,6942772,11713963,5665,5610,0.0,1.0,X,2022-11-09T04:42:16.531Z
1668023263,2022-11-09 13:47:43 -0600,d5962298497a5b4ffe86884debde594f40aac9e3,20221108FL12231,live,99.0,FL,Florida,10,1,2022-11-09T00:00:00.000Z,state,0,2022-11-09T19:46:47.189Z,5665,5667,99.96,23732,3745472,53.95,23731,3197300,46.05,6976400,99,6942772,11713963,5665,5610,0.0,1.0,X,2022-11-09T04:42:16.531Z
1668023386,2022-11-09 13:49:46 -0600,309737d9f18098d4c4017fd2213fc5c610606dd2,20221108FL12231,live,99.0,FL,Florida,10,1,2022-11-09T00:00:00.000Z,state,0,2022-11-09T19:48:59.549Z,5665,5667,99.96,23732,3745472,53.95,23731,3197300,46.05,6976400,99,6942772,11713963,5665,5610,0.0,1.0,X,2022-11-09T04:42:16.531Z
1668023471,2022-11-09 13:51:11 -0600,7064c26011665f9f693f9cb25740d6e34b456449,20221108FL12231,live,99.0,FL,Florida,10,1,2022-11-09T00:00:00.000Z,state,0,2022-11-09T19:50:18.438Z,5665,5667,99.96,23732,3745472,53.95,23731,3197300,46.05,6976400,99,6942772,11713963,5665,5610,0.0,1.0,X,2022-11-09T04:42:16.531Z
1668023514,2022-11-09 13:51:54 -0600,8ce4702fa7c2f1e43478cd8ba51ac3f4283d66d7,20221108FL12231,live,99.0,FL,Florida,10,1,2022-11-09T00:00:00.000Z,state,0,2022-11-09T19:51:06.233Z,5665,5667,99.96,23732,3745472,53.95,23731,3197300,46.05,6976400,99,6942772,11713963,5665,5610,0.0,1.0,X,2022-11-09T04:42:16.531Z
1668023597,2022-11-09 13:53:17 -0600,eeccc1be5a54e833a6b0ffddeb870ecb8e3a12df,20221108FL12231,live,99.0,FL,Florida,10,1,2022-11-09T00:00:00.000Z,state,0,2022-11-09T19:51:57.217Z,5665,5667,99.96,23732,3745472,53.95,23731,3197300,46.05,6976400,99,6942772,11713963,5665,5610,0.0,1.0,X,2022-11-09T04:42:16.531Z
1668023764,2022-11-09 13:56:04 -0600,4947ff9e617899c45c1210bda020138b75df84df,20221108FL12231,live,99.0,FL,Florida,10,1,2022-11-09T00:00:00.000Z,state,0,2022-11-09T19:55:03.705Z,5665,5667,99.96,23732,3745472,53.95,23731,3197300,46.05,6976400,99,6942772,11713963,5665,5610,0.0,1.0,X,2022-11-09T04:42:16.531Z
1668023805,2022-11-09 13:56:45 -0600,933de43fade4cf4bbb8847d373ab71f53b5e02a6,20221108FL12231,live,99.0,FL,Florida,10,1,2022-11-09T00:00:00.000Z,state,0,2022-11-09T19:55:40.461Z,5665,5667,99.96,23732,3745472,53.95,23731,3197300,46.05,6976400,99,6942772,11713963,5665,5610,0.0,1.0,X,2022-11-09T04:42:16.531Z
1668023973,2022-11-09 13:59:33 -0600,fb0c17da159406b6de2ada8eec830e642b248e08,20221108FL12231,live,99.0,FL,Florida,10,1,2022-11-09T00:00:00.000Z,state,0,2022-11-09T19:58:24.848Z,5665,5667,99.96,23732,3745472,53.95,23731,3197300,46.05,6976400,99,6942772,11713963,5665,5610,0.0,1.0,X,2022-11-09T04:42:16.531Z
1668024101,2022-11-09 14:01:41 -0600,c19db2c6e4d3fc6dc1c0f367e5a84fa3f1bd33e3,20221108FL12231,live,99.0,FL,Florida,10,1,2022-11-09T00:00:00.000Z,state,0,2022-11-09T20:00:52.695Z,5665,5667,99.96,23732,3745472,53.95,23731,3197300,46.05,6976400,99,6942772,11713963,5665,5610,0.0,1.0,X,2022-11-09T04:42:16.531Z
1668024186,2022-11-09 14:03:06 -0600,9a27d0a4d1b21281281270bffccb621ee050307d,20221108FL12231,live,99.0,FL,Florida,10,1,2022-11-09T00:00:00.000Z,state,0,2022-11-09T20:02:05.311Z,5665,5667,99.96,23732,3745472,53.95,23731,3197300,46.05,6976400,99,6942772,11713963,5665,5610,0.0,1.0,X,2022-11-09T04:42:16.531Z
1668024228,2022-11-09 14:03:48 -0600,82a14c7fae356ec72477d655a8483e382e1858ed,20221108FL12231,live,99.0,FL,Florida,10,1,2022-11-09T00:00:00.000Z,state,0,2022-11-09T20:02:44.065Z,5665,5667,99.96,23732,3745472,53.95,23731,3197300,46.05,6976400,99,6942772,11713963,5665,5610,0.0,1.0,X,2022-11-09T04:42:16.531Z
1668032004,2022-11-09 16:13:24 -0600,cca0d5018b66d09b92cb5c5d93e76e9c7eb088ca,20221108FL12231,live,99.0,FL,Florida,10,1,2022-11-09T00:00:00.000Z,state,0,2022-11-09T22:11:30.414Z,5665,5667,99.96,23732,3745472,53.95,23731,3197300,46.05,6976400,99,6942772,11713963,5665,5610,0.0,1.0,X,2022-11-09T04:42:16.531Z
1668032336,2022-11-09 16:18:56 -0600,38bab782bd4aac261c81c400d491a1c7c96f0cb8,20221108FL12231,live,99.0,FL,Florida,10,1,2022-11-09T00:00:00.000Z,state,0,2022-11-09T22:17:47.623Z,5667,5667,100.0,23732,3746053,53.95,23731,3197771,46.05,6976400,99,6943824,11713963,5667,5610,0.0,1.0,X,2022-11-09T04:42:16.531Z
1668033263,2022-11-09 16:34:23 -0600,ea29f9e2998d19acc1de4609ccdc65bba77d0d99,20221108FL12231,live,99.0,FL,Florida,10,1,2022-11-09T00:00:00.000Z,state,0,2022-11-09T22:33:24.549Z,5667,5667,100.0,23732,3746053,53.95,23731,3197771,46.05,6976400,99,6943824,11713963,5667,5610,0.0,1.0,X,2022-11-09T04:42:16.531Z
1668033305,2022-11-09 16:35:05 -0600,938ff66c343f88bf29efd28fd22a5de9bc4c4fc1,20221108FL12231,live,99.0,FL,Florida,10,1,2022-11-09T00:00:00.000Z,state,0,2022-11-09T22:34:23.508Z,5667,5667,100.0,23732,3746053,53.95,23731,3197771,46.05,6976400,99,6943824,11713963,5667,5610,0.0,1.0,X,2022-11-09T04:42:16.531Z
1668033389,2022-11-09 16:36:29 -0600,85f900109ab1cb7224d2e2b2f799268db98b9136,20221108FL12231,live,99.0,FL,Florida,10,1,2022-11-09T00:00:00.000Z,state,0,2022-11-09T22:35:44.208Z,5667,5667,100.0,23732,3746053,53.95,23731,3197771,46.05,6976400,99,6943824,11713963,5667,5610,0.0,1.0,X,2022-11-09T04:42:16.531Z
1668033477,2022-11-09 16:37:57 -0600,97a6a9a00e8aaf9ddfa1361660d3e199f4c7f4b9,20221108FL12231,live,99.0,FL,Florida,10,1,2022-11-09T00:00:00.000Z,state,0,2022-11-09T22:36:59.517Z,5667,5667,100.0,23732,3746053,53.95,23731,3197771,46.05,6976400,99,6943824,11713963,5667,5610,0.0,1.0,X,2022-11-09T04:42:16.531Z
1668033609,2022-11-09 16:40:09 -0600,67a8888a8d8ada5939ed97226fa771141aff63d9,20221108FL12231,live,99.0,FL,Florida,10,1,2022-11-09T00:00:00.000Z,state,0,2022-11-09T22:39:12.448Z,5667,5667,100.0,23732,3746053,53.95,23731,3197771,46.05,6976400,99,6943824,11713963,5667,5610,0.0,1.0,X,2022-11-09T04:42:16.531Z
1668033650,2022-11-09 16:40:50 -0600,7521938e63650debb18dab9de7bb20fcf93b323f,20221108FL12231,live,99.0,FL,Florida,10,1,2022-11-09T00:00:00.000Z,state,0,2022-11-09T22:39:53.460Z,5667,5667,100.0,23732,3746053,53.95,23731,3197771,46.05,6976400,99,6943824,11713963,5667,5610,0.0,1.0,X,2022-11-09T04:42:16.531Z
1668033693,2022-11-09 16:41:33 -0600,f3f529a47f02501cd396f681f3599fc47f0d5f5d,20221108FL12231,live,99.0,FL,Florida,10,1,2022-11-09T00:00:00.000Z,state,0,2022-11-09T22:40:16.006Z,5667,5667,100.0,23732,3746053,53.95,23731,3197771,46.05,6976400,99,6943824,11713963,5667,5610,0.0,1.0,X,2022-11-09T04:42:16.531Z
1668033736,2022-11-09 16:42:16 -0600,072c6ba880d7e94c78e800d369ae20c45147a4df,20221108FL12231,live,99.0,FL,Florida,10,1,2022-11-09T00:00:00.000Z,state,0,2022-11-09T22:40:54.997Z,5667,5667,100.0,23732,3746053,53.95,23731,3197771,46.05,6976400,99,6943824,11713963,5667,5610,0.0,1.0,X,2022-11-09T04:42:16.531Z
1668033905,2022-11-09 16:45:05 -0600,5ba00d7830661b15b810e5cbdf2badada77a1adc,20221108FL12231,live,99.0,FL,Florida,10,1,2022-11-09T00:00:00.000Z,state,0,2022-11-09T22:44:05.341Z,5667,5667,100.0,23732,3745941,53.95,23731,3197773,46.05,6976400,99,6943714,11713963,5667,5610,0.0,1.0,X,2022-11-09T04:42:16.531Z
1668034247,2022-11-09 16:50:47 -0600,1f064bc668677f07dd1b29d60b2f32a5855b6403,20221108FL12231,live,99.0,FL,Florida,10,1,2022-11-09T00:00:00.000Z,state,0,2022-11-09T22:49:33.597Z,5667,5667,100.0,23732,3745941,53.95,23731,3197773,46.05,6976400,99,6943714,11713963,5667,5610,0.0,1.0,X,2022-11-09T04:42:16.531Z
1668034331,2022-11-09 16:52:11 -0600,d41bee5252ca11f591aeae1fac257a0abb39a12c,20221108FL12231,live,99.0,FL,Florida,10,1,2022-11-09T00:00:00.000Z,state,0,2022-11-09T22:51:23.546Z,5667,5667,100.0,23732,3745941,53.95,23731,3197773,46.05,6976400,99,6943714,11713963,5667,5610,0.0,1.0,X,2022-11-09T04:42:16.531Z
1668035305,2022-11-09 17:08:25 -0600,c28ce79fa17f5db120bec105555718ed650f4d22,20221108FL12231,live,99.0,FL,Florida,10,1,2022-11-09T00:00:00.000Z,state,0,2022-11-09T23:07:06.322Z,5667,5667,100.0,23732,3745941,53.95,23731,3197773,46.05,6976400,99,6943714,11713963,5667,5610,0.0,1.0,X,2022-11-09T04:42:16.531Z
1668035473,2022-11-09 17:11:13 -0600,53e6deb7a8b3afdd75e905a5d17c62a67c04eae8,20221108FL12231,live,99.0,FL,Florida,10,1,2022-11-09T00:00:00.000Z,state,0,2022-11-09T23:10:05.885Z,5667,5667,100.0,23732,3746043,53.95,23731,3197880,46.05,6976400,99,6943923,11713963,5667,5610,0.0,1.0,X,2022-11-09T04:42:16.531Z
1668043225,2022-11-09 19:20:25 -0600,35e7bda4399f4e2fc99e1fbd79da63598db7578c,20221108FL12231,live,99.0,FL,Florida,10,1,2022-11-09T00:00:00.000Z,state,0,2022-11-10T01:19:20.934Z,5667,5667,100.0,23732,3746043,53.95,23731,3197880,46.05,6976400,99,6943923,11713963,5667,5610,0.0,1.0,X,2022-11-09T04:42:16.531Z
1668043856,2022-11-09 19:30:56 -0600,c97480a45186bd91a3cceb854e88993fe1b120a3,20221108FL12231,live,99.0,FL,Florida,10,1,2022-11-09T00:00:00.000Z,state,0,2022-11-10T01:29:32.473Z,5667,5667,100.0,23732,3746076,53.95,23731,3197902,46.05,6976400,99,6943978,11713963,5667,5610,0.0,1.0,X,2022-11-09T04:42:16.531Z
1668044525,2022-11-09 19:42:05 -0600,dbe363ed19d86e5b6fa45e1a75e9a231ab06d3da,20221108FL12231,live,99.0,FL,Florida,10,1,2022-11-09T00:00:00.000Z,state,0,2022-11-10T01:41:02.343Z,5667,5667,100.0,23732,3746228,53.95,23731,3198034,46.05,6976400,99,6944262,11713963,5667,5610,0.0,1.0,X,2022-11-09T04:42:16.531Z
1668044692,2022-11-09 19:44:52 -0600,574fe3d9d57dca30268b7bd31c3dbcd880412396,20221108FL12231,live,99.0,FL,Florida,10,1,2022-11-09T00:00:00.000Z,state,0,2022-11-10T01:43:27.853Z,5667,5667,100.0,23732,3746228,53.95,23731,3198034,46.05,6976400,99,6944262,11713963,5667,5610,0.0,1.0,X,2022-11-09T04:42:16.531Z
1668096483,2022-11-10 10:08:03 -0600,9a871e260c22b9c63bf494f2d59ec303992e7c72,20221108FL12231,live,99.0,FL,Florida,10,1,2022-11-09T00:00:00.000Z,state,0,2022-11-10T16:06:57.364Z,5667,5667,100.0,23732,3746228,53.95,23731,3198034,46.05,6976400,99,6944262,11713963,5667,5610,0.0,1.0,X,2022-11-09T04:42:16.531Z
1668098294,2022-11-10 10:38:14 -0600,78384b798785be4706d2e202836edd2187941b20,20221108FL12231,live,99.0,FL,Florida,10,1,2022-11-09T00:00:00.000Z,state,0,2022-11-10T16:37:15.424Z,5659,5667,99.86,23732,3746228,53.95,23731,3198034,46.05,6976400,99,6944262,11713963,5659,5610,0.0,1.0,X,2022-11-09T04:42:16.531Z
1668101032,2022-11-10 11:23:52 -0600,a48e9eaf700006698a2baa6243d02360712bb1e0,20221108FL12231,live,99.0,FL,Florida,10,1,2022-11-09T00:00:00.000Z,state,0,2022-11-10T17:23:07.377Z,5659,5667,99.86,23732,3746229,53.95,23731,3198035,46.05,6976400,99,6944264,11713963,5659,5610,0.0,1.0,X,2022-11-09T04:42:16.531Z
1668101453,2022-11-10 11:30:53 -0600,8d18ea8760aa8d627799dc30823ddc785bde4901,20221108FL12231,live,99.0,FL,Florida,10,1,2022-11-09T00:00:00.000Z,state,0,2022-11-10T17:29:41.121Z,5644,5667,99.59,23732,3746229,53.95,23731,3198035,46.05,6976400,99,6944264,11713963,5644,5610,0.0,1.0,X,2022-11-09T04:42:16.531Z
1668104949,2022-11-10 12:29:09 -0600,ff838e329dae901541d128521bcb72047b6a9010,20221108FL12231,live,99.0,FL,Florida,10,1,2022-11-09T00:00:00.000Z,state,0,2022-11-10T18:27:51.787Z,5644,5667,99.59,23732,3746229,53.95,23731,3198035,46.05,6976400,99,6944264,11713963,5644,5610,0.0,1.0,X,2022-11-09T04:42:16.531Z
1668124690,2022-11-10 17:58:10 -0600,9c765b49f8c66153097719ed3f31367c8822f316,20221108FL12231,live,99.0,FL,Florida,10,1,2022-11-09T00:00:00.000Z,state,0,2022-11-10T23:56:50.289Z,5597,5667,98.76,23732,3746229,53.95,23731,3198035,46.05,6976400,99,6944264,11713963,5597,5610,0.0,1.0,X,2022-11-09T04:42:16.531Z
1668134227,2022-11-10 20:37:07 -0600,384768ece83e9158d31de76e0770f5d24b4753ae,20221108FL12231,live,99.0,FL,Florida,10,1,2022-11-09T00:00:00.000Z,state,0,2022-11-11T02:35:49.303Z,5587,5667,98.59,23732,3746229,53.95,23731,3198035,46.05,6976400,99,6944264,11713963,5587,5610,0.0,1.0,X,2022-11-09T04:42:16.531Z
1668184917,2022-11-11 10:41:57 -0600,a87e487687ee012b01db44c5bb053a16f7e3be93,20221108FL12231,live,36.58,FL,Florida,10,1,2022-11-09T00:00:00.000Z,state,0,2022-11-11T16:41:14.857Z,2539,5667,44.8,23732,1338648,52.46,23731,1213143,47.54,6976400,99,2551791,11713963,2539,2073,0.0,1.0,X,2022-11-09T04:42:16.531Z
1668184958,2022-11-11 10:42:38 -0600,88b8b093e0e975dfbcc70188261e29b584a8bd9c,20221108FL12231,live,22.27,FL,Florida,10,1,2022-11-09T00:00:00.000Z,state,0,2022-11-11T16:41:15.627Z,1431,5667,25.25,23732,803904,51.73,23731,750061,48.27,6976400,99,1553965,11713963,1431,1262,0.0,1.0,X,2022-11-09T04:42:16.531Z
1668185000,2022-11-11 10:43:20 -0600,3373defbcb9b7deda6a06c7e11c62d2cd56f14ce,20221108FL12231,live,99.0,FL,Florida,10,1,2022-11-09T00:00:00.000Z,state,0,2022-11-11T16:42:03.483Z,5587,5667,98.59,23732,3746229,53.95,23731,3198035,46.05,6976400,99,6944264,11713963,5587,5610,0.0,1.0,X,2022-11-09T04:42:16.531Z
1668186559,2022-11-11 11:09:19 -0600,6257a2e9b5c3c6f879c285fc90b4dcf8f524b4b6,20221108FL12231,live,99.0,FL,Florida,10,1,2022-11-09T00:00:00.000Z,state,0,2022-11-11T17:08:23.939Z,5587,5667,98.59,23732,3746238,53.95,23731,3198043,46.05,6976400,99,6944281,11713963,5587,5610,0.0,1.0,X,2022-11-09T04:42:16.531Z
1668187098,2022-11-11 11:18:18 -0600,45e6a393c8dbefed01aea9ea61281817adb45e98,20221108FL12231,live,99.0,FL,Florida,10,1,2022-11-09T00:00:00.000Z,state,0,2022-11-11T17:17:01.673Z,5587,5667,98.59,23732,3746238,53.95,23731,3198043,46.05,6976400,99,6944281,11713963,5587,5610,0.0,1.0,X,2022-11-09T04:42:16.531Z
1668203685,2022-11-11 15:54:45 -0600,b9af6d8769d85c90833507d827493b01217d61f8,20221108FL12231,live,99.0,FL,Florida,10,1,2022-11-09T00:00:00.000Z,state,0,2022-11-11T21:53:17.895Z,5584,5667,98.54,23732,3746238,53.95,23731,3198043,46.05,6976400,99,6944281,11713963,5584,5610,0.0,1.0,X,2022-11-09T04:42:16.531Z
1668363090,2022-11-13 12:11:30 -0600,07f760c9621f447010793c198106f8078e5f2689,20221108FL12231,live,99.0,FL,Florida,10,1,2022-11-09T00:00:00.000Z,state,0,2022-11-13T18:11:17.335Z,5610,5667,98.99,23732,3746238,53.95,23731,3198043,46.05,6976400,99,6944281,11713963,5563,5610,0.0,1.0,X,2022-11-09T04:42:16.531Z
1668367058,2022-11-13 13:17:38 -0600,ffd8b8d20a29cc79535c32f773ee65952610d250,20221108FL12231,live,99.0,FL,Florida,10,1,2022-11-09T00:00:00.000Z,state,0,2022-11-13T19:16:54.057Z,5610,5667,98.99,23732,3746238,53.95,23731,3198043,46.05,6976400,99,6944281,11713963,5561,5610,0.0,1.0,X,2022-11-09T04:42:16.531Z
1668367174,2022-11-13 13:19:34 -0600,7f8d2ce82a237152b3d46e14982180043fb650d1,20221108FL12231,live,99.0,FL,Florida,10,1,2022-11-09T00:00:00.000Z,state,0,2022-11-13T19:19:10.217Z,5610,5667,98.99,23732,3746238,53.95,23731,3198043,46.05,6976400,99,6944281,11713963,5563,5610,0.0,1.0,X,2022-11-09T04:42:16.531Z
1668367379,2022-11-13 13:22:59 -0600,8d3a704b6993e0ca7b4782a8f48af5606f69cb10,20221108FL12231,live,99.0,FL,Florida,10,1,2022-11-09T00:00:00.000Z,state,0,2022-11-13T19:22:26.237Z,5610,5667,98.99,23732,3746238,53.95,23731,3198043,46.05,6976400,99,6944281,11713963,5561,5610,0.0,1.0,X,2022-11-09T04:42:16.531Z
1668369348,2022-11-13 13:55:48 -0600,4e67e34fa7ac34b67f86629db5a515a62997077e,20221108FL12231,live,99.0,FL,Florida,10,1,2022-11-09T00:00:00.000Z,state,0,2022-11-13T19:55:15.095Z,5610,5667,98.99,23732,3746238,53.95,23731,3198043,46.05,6976400,99,6944281,11713963,5549,5610,0.0,1.0,X,2022-11-09T04:42:16.531Z
1668369549,2022-11-13 13:59:09 -0600,6b9e505b44f0244500640e62a1a6ec860e2f0008,20221108FL12231,live,99.0,FL,Florida,10,1,2022-11-09T00:00:00.000Z,state,0,2022-11-13T19:58:31.270Z,5610,5667,98.99,23732,3746238,53.95,23731,3198043,46.05,6976400,99,6944281,11713963,5561,5610,0.0,1.0,X,2022-11-09T04:42:16.531Z
1668369615,2022-11-13 14:00:15 -0600,3321e5d009772009abc04df880db5e53e5eb2677,20221108FL12231,live,99.0,FL,Florida,10,1,2022-11-09T00:00:00.000Z,state,0,2022-11-13T19:59:32.211Z,5610,5667,98.99,23732,3746238,53.95,23731,3198043,46.05,6976400,99,6944281,11713963,5549,5610,0.0,1.0,X,2022-11-09T04:42:16.531Z
1668443199,2022-11-14 10:26:39 -0600,293d1ac4487fced6fd7c939590c1c9528166c8b9,20221108FL12231,live,99.0,FL,Florida,10,1,2022-11-09T00:00:00.000Z,state,0,2022-11-14T16:25:59.630Z,5610,5667,98.99,23732,3746262,53.95,23731,3198088,46.05,6976400,99,6944350,11713963,5549,5610,0.0,1.0,X,2022-11-09T04:42:16.531Z
1668443257,2022-11-14 10:27:37 -0600,9f8625634fe954ff8e563b69d45b1688d8feda06,20221108FL12231,live,99.0,FL,Florida,10,1,2022-11-09T00:00:00.000Z,state,0,2022-11-14T16:27:10.911Z,5610,5667,98.99,23732,3746262,53.95,23731,3198088,46.05,6976400,99,6944350,11713963,5549,5610,0.0,1.0,X,2022-11-09T04:42:16.531Z
1668443294,2022-11-14 10:28:14 -0600,50856a397af2aba99769b2fa104611e7377fa8cb,20221108FL12231,live,99.0,FL,Florida,10,1,2022-11-09T00:00:00.000Z,state,0,2022-11-14T16:27:45.806Z,5610,5667,98.99,23732,3746311,53.95,23731,3198124,46.05,6976400,99,6944435,11713963,5549,5610,0.0,1.0,X,2022-11-09T04:42:16.531Z
1668443305,2022-11-14 10:28:25 -0600,012c85f4e09a9ccdf6dedba8263a6d41f3bfe3d9,20221108FL12231,live,99.0,FL,Florida,10,1,2022-11-09T00:00:00.000Z,state,0,2022-11-14T16:28:01.325Z,5610,5667,98.99,23732,3746311,53.95,23731,3198124,46.05,6976400,99,6944435,11713963,5549,5610,0.0,1.0,X,2022-11-09T04:42:16.531Z
1668443672,2022-11-14 10:34:32 -0600,8840fe007c2289cb5d0b39065214027ed33ca9ed,20221108FL12231,live,24.42,FL,Florida,10,1,2022-11-09T00:00:00.000Z,state,0,2022-11-14T16:33:34.830Z,1384,5667,24.42,23732,875677,51.41,23731,827781,48.59,6976400,99,1703458,11713963,1522,1384,0.0,1.0,X,2022-11-09T04:42:16.531Z
1668443704,2022-11-14 10:35:04 -0600,127886d36c112fffb5c3c8017a92a133af5290de,20221108FL12231,live,59.84,FL,Florida,10,1,2022-11-09T00:00:00.000Z,state,0,2022-11-14T16:34:36.050Z,3391,5667,59.84,23732,2268471,54.34,23731,1906220,45.66,6976400,99,4174691,11713963,3267,3391,0.0,1.0,X,2022-11-09T04:42:16.531Z
1668443719,2022-11-14 10:35:19 -0600,0a2fc6c62926b4962a55841cae50c6c868a6ab7b,20221108FL12231,live,99.0,FL,Florida,10,1,2022-11-09T00:00:00.000Z,state,0,2022-11-14T16:34:37.615Z,5610,5667,98.99,23732,3746311,53.95,23731,3198124,46.05,6976400,99,6944435,11713963,5549,5610,0.0,1.0,X,2022-11-09T04:42:16.531Z
1668443831,2022-11-14 10:37:11 -0600,110728d90ff134bf8036783c5ed54295d5ce6b9c,20221108FL12231,live,99.0,FL,Florida,10,1,2022-11-09T00:00:00.000Z,state,0,2022-11-14T16:36:43.612Z,5610,5667,98.99,23732,3746311,53.95,23731,3198124,46.05,6976400,99,6944435,11713963,5549,5610,0.0,1.0,X,2022-11-09T04:42:16.531Z
1668444153,2022-11-14 10:42:33 -0600,2e899e1b88aa4dea62a2c2662911408cff92f573,20221108FL12231,live,99.0,FL,Florida,10,1,2022-11-09T00:00:00.000Z,state,0,2022-11-14T16:42:15.681Z,5610,5667,98.99,23732,3746386,53.95,23731,3198184,46.05,6976400,99,6944570,11713963,5549,5610,0.0,1.0,X,2022-11-09T04:42:16.531Z
1668444203,2022-11-14 10:43:23 -0600,48026ef7c479461e0ac522f193a819448cf3db59,20221108FL12231,live,99.0,FL,Florida,10,1,2022-11-09T00:00:00.000Z,state,0,2022-11-14T16:42:58.144Z,5610,5667,98.99,23732,3746421,53.95,23731,3198222,46.05,6976400,99,6944643,11713963,5549,5610,0.0,1.0,X,2022-11-09T04:42:16.531Z
1668444599,2022-11-14 10:49:59 -0600,8a5e217b646197aa19babf441916350c7ad18560,20221108FL12231,live,99.0,FL,Florida,10,1,2022-11-09T00:00:00.000Z,state,0,2022-11-14T16:49:29.705Z,5610,5667,98.99,23732,3746511,53.95,23731,3198327,46.05,6976400,99,6944838,11713963,5549,5610,0.0,1.0,X,2022-11-09T04:42:16.531Z
1668444620,2022-11-14 10:50:20 -0600,af2eccae40a366c8912353fc5764e35b6066ac8b,20221108FL12231,live,99.0,FL,Florida,10,1,2022-11-09T00:00:00.000Z,state,0,2022-11-14T16:49:43.673Z,5610,5667,98.99,23732,3746521,53.95,23731,3198354,46.05,6976400,99,6944875,11713963,5581,5610,0.0,1.0,X,2022-11-09T04:42:16.531Z
1668444992,2022-11-14 10:56:32 -0600,cf2bd3e1c69f34c1dd0fb6186a9bd34ff9c8a5df,20221108FL12231,live,99.0,FL,Florida,10,1,2022-11-09T00:00:00.000Z,state,0,2022-11-14T16:56:10.718Z,5610,5667,98.99,23732,3746688,53.95,23731,3198481,46.05,6976400,99,6945169,11713963,5581,5610,0.0,1.0,X,2022-11-09T04:42:16.531Z
1668445056,2022-11-14 10:57:36 -0600,600047cc1df419ede0ce71f37f1cdd239dc0d162,20221108FL12231,live,99.0,FL,Florida,10,1,2022-11-09T00:00:00.000Z,state,0,2022-11-14T16:57:10.596Z,5610,5667,98.99,23732,3746688,53.95,23731,3198481,46.05,6976400,99,6945169,11713963,5581,5610,0.0,1.0,X,2022-11-09T04:42:16.531Z
1668445098,2022-11-14 10:58:18 -0600,cdafca493962088e5f49e97fa0dc5efccc628f91,20221108FL12231,live,99.0,FL,Florida,10,1,2022-11-09T00:00:00.000Z,state,0,2022-11-14T16:57:50.649Z,5610,5667,98.99,23732,3746748,53.95,23731,3198534,46.05,6976400,99,6945282,11713963,5581,5610,0.0,1.0,X,2022-11-09T04:42:16.531Z
1668445110,2022-11-14 10:58:30 -0600,044c8ee6fcd2396e8e87c8480b2a1c9c06148617,20221108FL12231,live,99.0,FL,Florida,10,1,2022-11-09T00:00:00.000Z,state,0,2022-11-14T16:58:05.872Z,5610,5667,98.99,23732,3746791,53.95,23731,3198571,46.05,6976400,99,6945362,11713963,5581,5610,0.0,1.0,X,2022-11-09T04:42:16.531Z
1668445146,2022-11-14 10:59:06 -0600,ceb79f63becbf0910cd9b158d1728c888b5cf261,20221108FL12231,live,99.0,FL,Florida,10,1,2022-11-09T00:00:00.000Z,state,0,2022-11-14T16:58:42.257Z,5610,5667,98.99,23732,3746791,53.95,23731,3198571,46.05,6976400,99,6945362,11713963,5581,5610,0.0,1.0,X,2022-11-09T04:42:16.531Z
1668445205,2022-11-14 11:00:05 -0600,358774ea18d459eed07c299fd30f1d5f0881b0b5,20221108FL12231,live,99.0,FL,Florida,10,1,2022-11-09T00:00:00.000Z,state,0,2022-11-14T16:59:41.652Z,5610,5667,98.99,23732,3747252,53.95,23731,3198962,46.05,6976400,99,6946214,11713963,5581,5610,0.0,1.0,X,2022-11-09T04:42:16.531Z
1668445230,2022-11-14 11:00:30 -0600,67d90afb327419357c43b0905053bc8514bb7161,20221108FL12231,live,99.0,FL,Florida,10,1,2022-11-09T00:00:00.000Z,state,0,2022-11-14T17:00:07.966Z,5610,5667,98.99,23732,3747739,53.95,23731,3199286,46.05,6976400,99,6947025,11713963,5581,5610,0.0,1.0,X,2022-11-09T04:42:16.531Z
1668445255,2022-11-14 11:00:55 -0600,716011c9d2f189fcc3192806bdba8163810d9de3,20221108FL12231,live,99.0,FL,Florida,10,1,2022-11-09T00:00:00.000Z,state,0,2022-11-14T17:00:28.668Z,5610,5667,98.99,23732,3747819,53.95,23731,3199377,46.05,6976400,99,6947196,11713963,5581,5610,0.0,1.0,X,2022-11-09T04:42:16.531Z
1668445288,2022-11-14 11:01:28 -0600,41dd3ef15bb008d80d8ea056ff76b9e1557139af,20221108FL12231,live,99.0,FL,Florida,10,1,2022-11-09T00:00:00.000Z,state,0,2022-11-14T17:00:48.629Z,5610,5667,98.99,23732,3747833,53.95,23731,3199385,46.05,6976400,99,6947218,11713963,5581,5610,0.0,1.0,X,2022-11-09T04:42:16.531Z
1668445534,2022-11-14 11:05:34 -0600,488b57a2488951db6fea3545c0835f2bb9f05889,20221108FL12231,live,99.0,FL,Florida,10,1,2022-11-09T00:00:00.000Z,state,0,2022-11-14T17:05:08.749Z,5610,5667,98.99,23732,3747833,53.95,23731,3199385,46.05,6976400,99,6947218,11713963,5581,5610,0.0,1.0,X,2022-11-09T04:42:16.531Z
1668446278,2022-11-14 11:17:58 -0600,deba94c9a263c9ad22d01353d5ad9805b4624336,20221108FL12231,live,99.0,FL,Florida,10,1,2022-11-09T00:00:00.000Z,state,0,2022-11-14T17:17:26.688Z,5610,5667,98.99,23732,3747856,53.95,23731,3199404,46.05,6976400,99,6947260,11713963,5581,5610,0.0,1.0,X,2022-11-09T04:42:16.531Z
1668446359,2022-11-14 11:19:19 -0600,aaf67cbd08dd5f4e46922f01f62ee57cba7d18b7,20221108FL12231,live,99.0,FL,Florida,10,1,2022-11-09T00:00:00.000Z,state,0,2022-11-14T17:18:50.257Z,5610,5667,98.99,23732,3747986,53.95,23731,3199547,46.05,6976400,99,6947533,11713963,5581,5610,0.0,1.0,X,2022-11-09T04:42:16.531Z
1668446515,2022-11-14 11:21:55 -0600,d8ac6c51928c2020df8bcb3f74e4b1e77601e987,20221108FL12231,live,99.0,FL,Florida,10,1,2022-11-09T00:00:00.000Z,state,0,2022-11-14T17:21:35.834Z,5610,5667,98.99,23732,3747986,53.95,23731,3199547,46.05,6976400,99,6947533,11713963,5581,5610,0.0,1.0,X,2022-11-09T04:42:16.531Z
1668446562,2022-11-14 11:22:42 -0600,e044f6c11aad807f405270cbe985d0be8a8d9b6e,20221108FL12231,live,99.0,FL,Florida,10,1,2022-11-09T00:00:00.000Z,state,0,2022-11-14T17:22:23.764Z,5610,5667,98.99,23732,3748360,53.95,23731,3199910,46.05,6976400,99,6948270,11713963,5581,5610,0.0,1.0,X,2022-11-09T04:42:16.531Z
1668446665,2022-11-14 11:24:25 -0600,8cbed235a7a82e4593f3af64500ea3165323485a,20221108FL12231,live,99.0,FL,Florida,10,1,2022-11-09T00:00:00.000Z,state,0,2022-11-14T17:23:44.712Z,5610,5667,98.99,23732,3748360,53.95,23731,3199910,46.05,6976400,99,6948270,11713963,5581,5610,0.0,1.0,X,2022-11-09T04:42:16.531Z
1668447262,2022-11-14 11:34:22 -0600,fab64ca06178d82c9b967f285b83020c64a45dbc,20221108FL12231,live,99.0,FL,Florida,10,1,2022-11-09T00:00:00.000Z,state,0,2022-11-14T17:34:04.382Z,5610,5667,98.99,23732,3748640,53.95,23731,3200128,46.05,6976400,99,6948768,11713963,5581,5610,0.0,1.0,X,2022-11-09T04:42:16.531Z
1668447279,2022-11-14 11:34:39 -0600,571d1a9e2cf983a5bce0906e11cef01f36bb5560,20221108FL12231,live,99.0,FL,Florida,10,1,2022-11-09T00:00:00.000Z,state,0,2022-11-14T17:34:06.857Z,5610,5667,98.99,23732,3749927,53.95,23731,3201265,46.05,6976400,99,6951192,11713963,5581,5610,0.0,1.0,X,2022-11-09T04:42:16.531Z
1668447632,2022-11-14 11:40:32 -0600,5c297ccf3a1c5113a6ca6dc699e513560b66a117,20221108FL12231,live,99.0,FL,Florida,10,1,2022-11-09T00:00:00.000Z,state,0,2022-11-14T17:40:12.018Z,5610,5667,98.99,23732,3749927,53.95,23731,3201265,46.05,6976400,99,6951192,11713963,5581,5610,0.0,1.0,X,2022-11-09T04:42:16.531Z
1668447704,2022-11-14 11:41:44 -0600,96753a9b19fbe75789ce836b9bc39dd7f7e95280,20221108FL12231,live,99.0,FL,Florida,10,1,2022-11-09T00:00:00.000Z,state,0,2022-11-14T17:41:25.566Z,5610,5667,98.99,23732,3749939,53.95,23731,3201275,46.05,6976400,99,6951214,11713963,5581,5610,0.0,1.0,X,2022-11-09T04:42:16.531Z
1668447874,2022-11-14 11:44:34 -0600,b13b2c3ab03f04308151821d1b9fa6e95fb20e54,20221108FL12231,live,99.0,FL,Florida,10,1,2022-11-09T00:00:00.000Z,state,0,2022-11-14T17:44:04.554Z,5610,5667,98.99,23732,3749939,53.95,23731,3201275,46.05,6976400,99,6951214,11713963,5581,5610,0.0,1.0,X,2022-11-09T04:42:16.531Z
1668447915,2022-11-14 11:45:15 -0600,7981d3186a1a1736409040da73a3d93415edfdfd,20221108FL12231,live,99.0,FL,Florida,10,1,2022-11-09T00:00:00.000Z,state,0,2022-11-14T17:44:40.103Z,5610,5667,98.99,23732,3749939,53.95,23731,3201275,46.05,6976400,99,6951214,11713963,5581,5610,0.0,1.0,X,2022-11-09T04:42:16.531Z
1668447928,2022-11-14 11:45:28 -0600,eec74590337d6a2c4d4ccb7eb01f8c396edbe32c,20221108FL12231,live,99.0,FL,Florida,10,1,2022-11-09T00:00:00.000Z,state,0,2022-11-14T17:44:59.380Z,5610,5667,98.99,23732,3750017,53.95,23731,3201353,46.05,6976400,99,6951370,11713963,5581,5610,0.0,1.0,X,2022-11-09T04:42:16.531Z
1668448148,2022-11-14 11:49:08 -0600,73ac9c09540cc2e59a3356c1349b7453abef0b5c,20221108FL12231,live,99.0,FL,Florida,10,1,2022-11-09T00:00:00.000Z,state,0,2022-11-14T17:48:42.340Z,5610,5667,98.99,23732,3750020,53.95,23731,3201360,46.05,6976400,99,6951380,11713963,5581,5610,0.0,1.0,X,2022-11-09T04:42:16.531Z
1668448161,2022-11-14 11:49:21 -0600,c9edb3c3a3e81e9e5735e2bb737afb76a58edec3,20221108FL12231,live,99.0,FL,Florida,10,1,2022-11-09T00:00:00.000Z,state,0,2022-11-14T17:48:53.295Z,5610,5667,98.99,23732,3750026,53.95,23731,3201379,46.05,6976400,99,6951405,11713963,5581,5610,0.0,1.0,X,2022-11-09T04:42:16.531Z
1668448412,2022-11-14 11:53:32 -0600,4db27a93ed087538b3a95048560121bfab87c5a9,20221108FL12231,live,99.0,FL,Florida,10,1,2022-11-09T00:00:00.000Z,state,0,2022-11-14T17:52:57.302Z,5610,5667,98.99,23732,3750026,53.95,23731,3201379,46.05,6976400,99,6951405,11713963,5581,5610,0.0,1.0,X,2022-11-09T04:42:16.531Z
1668451456,2022-11-14 12:44:16 -0600,05ae880b157bbf6f9f36f11ac1c6fa1c5e0e142e,20221108FL12231,live,99.0,FL,Florida,10,1,2022-11-09T00:00:00.000Z,state,0,2022-11-14T18:43:49.314Z,5610,5667,98.99,23732,3750026,53.95,23731,3201379,46.05,6976400,99,6951405,11713963,5581,5610,0.0,1.0,X,2022-11-09T04:42:16.531Z
1668451696,2022-11-14 12:48:16 -0600,5e402bcae6d4f8a8c567fc15939566abb5bb8b3d,20221108FL12231,live,99.0,FL,Florida,10,1,2022-11-09T00:00:00.000Z,state,0,2022-11-14T18:47:47.468Z,5610,5667,98.99,23732,3750026,53.95,23731,3201379,46.05,6976400,99,6951405,11713963,5581,5610,0.0,1.0,X,2022-11-09T04:42:16.531Z
1668452072,2022-11-14 12:54:32 -0600,3cdf6082254666f4f6a46e9f9947652aaf76cd36,20221108FL12231,live,99.0,FL,Florida,10,1,2022-11-09T00:00:00.000Z,state,0,2022-11-14T18:53:31.522Z,5610,5667,98.99,23732,3750026,53.95,23731,3201379,46.05,6976400,99,6951405,11713963,5581,5610,0.0,1.0,X,2022-11-09T04:42:16.531Z
1668452294,2022-11-14 12:58:14 -0600,641545c170e1512addbb7432bcbbea1938249e16,20221108FL12231,live,99.0,FL,Florida,10,1,2022-11-09T00:00:00.000Z,state,0,2022-11-14T18:57:42.314Z,5610,5667,98.99,23732,3750026,53.95,23731,3201379,46.05,6976400,99,6951405,11713963,5581,5610,0.0,1.0,X,2022-11-09T04:42:16.531Z
1668452608,2022-11-14 13:03:28 -0600,6d710136e65c4d478286c3d413e382bf4661de8c,20221108FL12231,live,99.0,FL,Florida,10,1,2022-11-09T00:00:00.000Z,state,0,2022-11-14T19:02:58.661Z,5610,5667,98.99,23732,3750026,53.95,23731,3201379,46.05,6976400,99,6951405,11713963,5581,5610,0.0,1.0,X,2022-11-09T04:42:16.531Z
1668457460,2022-11-14 14:24:20 -0600,757907358d0d0a48569e06c5efaf0744c532f53c,20221108FL12231,live,99.0,FL,Florida,10,1,2022-11-09T00:00:00.000Z,state,0,2022-11-14T20:23:59.330Z,5610,5667,98.99,23732,3750026,53.95,23731,3201379,46.05,6976400,99,6951405,11713963,5581,5610,0.0,1.0,X,2022-11-09T04:42:16.531Z
1668457478,2022-11-14 14:24:38 -0600,fe918100c5250f8347ed53e37976b04c9bf951c8,20221108FL12231,live,99.0,FL,Florida,10,1,2022-11-09T00:00:00.000Z,state,0,2022-11-14T20:24:18.604Z,5610,5667,98.99,23732,3750026,53.95,23731,3201379,46.05,6976400,99,6951405,11713963,5581,5610,0.0,1.0,X,2022-11-09T04:42:16.531Z
1668457598,2022-11-14 14:26:38 -0600,9bdc999b26f04869c052396f3927d552990c2f9c,20221108FL12231,live,99.0,FL,Florida,10,1,2022-11-09T00:00:00.000Z,state,0,2022-11-14T20:26:07.488Z,5610,5667,98.99,23732,3750026,53.95,23731,3201379,46.05,6976400,99,6951405,11713963,5581,5610,0.0,1.0,X,2022-11-09T04:42:16.531Z
1668457623,2022-11-14 14:27:03 -0600,c51c039fc6c72f878595d89f83a98f18aa582f1c,20221108FL12231,live,99.0,FL,Florida,10,1,2022-11-09T00:00:00.000Z,state,0,2022-11-14T20:26:47.858Z,5610,5667,98.99,23732,3750026,53.95,23731,3201379,46.05,6976400,99,6951405,11713963,5581,5610,0.0,1.0,X,2022-11-09T04:42:16.531Z
1668457740,2022-11-14 14:29:00 -0600,837e669a58caf2ad9b0bf1bada0d3086432a64a4,20221108FL12231,live,99.0,FL,Florida,10,1,2022-11-09T00:00:00.000Z,state,0,2022-11-14T20:28:42.541Z,5610,5667,98.99,23732,3750026,53.95,23731,3201379,46.05,6976400,99,6951405,11713963,5581,5610,0.0,1.0,X,2022-11-09T04:42:16.531Z
1668457908,2022-11-14 14:31:48 -0600,e24ab90e456f161bc73b81d8356bb8e10162346d,20221108FL12231,live,99.0,FL,Florida,10,1,2022-11-09T00:00:00.000Z,state,0,2022-11-14T20:31:27.878Z,5610,5667,98.99,23732,3750026,53.95,23731,3201379,46.05,6976400,99,6951405,11713963,5581,5610,0.0,1.0,X,2022-11-09T04:42:16.531Z
1668458009,2022-11-14 14:33:29 -0600,0429765fda058128ff4eddf242b2604185f53e80,20221108FL12231,live,99.0,FL,Florida,10,1,2022-11-09T00:00:00.000Z,state,0,2022-11-14T20:33:11.169Z,5610,5667,98.99,23732,3750026,53.95,23731,3201379,46.05,6976400,99,6951405,11713963,5584,5610,0.0,1.0,X,2022-11-09T04:42:16.531Z
1668458034,2022-11-14 14:33:54 -0600,075f0255c326d8eab3c7911669b886ddbfe910cf,20221108FL12231,live,99.0,FL,Florida,10,1,2022-11-09T00:00:00.000Z,state,0,2022-11-14T20:33:29.657Z,5610,5667,98.99,23732,3750026,53.95,23731,3201379,46.05,6976400,99,6951405,11713963,5584,5610,0.0,1.0,X,2022-11-09T04:42:16.531Z
1668458067,2022-11-14 14:34:27 -0600,1c9c7eec7a4b0f84bd82e67760a1246961a704be,20221108FL12231,live,99.0,FL,Florida,10,1,2022-11-09T00:00:00.000Z,state,0,2022-11-14T20:33:45.582Z,5610,5667,98.99,23732,3750026,53.95,23731,3201379,46.05,6976400,99,6951405,11713963,5584,5610,0.0,1.0,X,2022-11-09T04:42:16.531Z
1668458483,2022-11-14 14:41:23 -0600,f8c7cf72de2aff3a241afbf8294777bf856c077d,20221108FL12231,live,99.0,FL,Florida,10,1,2022-11-09T00:00:00.000Z,state,0,2022-11-14T20:40:49.858Z,5610,5667,98.99,23732,3750026,53.95,23731,3201379,46.05,6976400,99,6951405,11713963,5584,5610,0.0,1.0,X,2022-11-09T04:42:16.531Z
1668458607,2022-11-14 14:43:27 -0600,aa94feadcad0b68aaaf72d51d453edc924768dcd,20221108FL12231,live,99.0,FL,Florida,10,1,2022-11-09T00:00:00.000Z,state,0,2022-11-14T20:43:04.597Z,5610,5667,98.99,23732,3750025,53.95,23731,3201379,46.05,6976400,99,6951404,11713963,5586,5610,0.0,1.0,X,2022-11-09T04:42:16.531Z
1668458648,2022-11-14 14:44:08 -0600,ca9cbfdaa4e6345d42f8642ed45547f9313984b8,20221108FL12231,live,99.0,FL,Florida,10,1,2022-11-09T00:00:00.000Z,state,0,2022-11-14T20:43:36.698Z,5610,5667,98.99,23732,3750025,53.95,23731,3201379,46.05,6976400,99,6951404,11713963,5586,5610,0.0,1.0,X,2022-11-09T04:42:16.531Z
1668459088,2022-11-14 14:51:28 -0600,17548df3f6da208239adc534339c90a05019e44d,20221108FL12231,live,99.0,FL,Florida,10,1,2022-11-09T00:00:00.000Z,state,0,2022-11-14T20:51:13.562Z,5610,5667,98.99,23732,3750025,53.95,23731,3201379,46.05,6976400,99,6951404,11713963,5601,5610,0.0,1.0,X,2022-11-09T04:42:16.531Z
1668459336,2022-11-14 14:55:36 -0600,9c3498c78c8108bbed19df43d206a41884f0fc6f,20221108FL12231,live,99.0,FL,Florida,10,1,2022-11-09T00:00:00.000Z,state,0,2022-11-14T20:55:11.289Z,5610,5667,98.99,23732,3750025,53.95,23731,3201379,46.05,6976400,99,6951404,11713963,5601,5610,0.0,1.0,X,2022-11-09T04:42:16.531Z
1668459440,2022-11-14 14:57:20 -0600,5bb932b0b2bafa33ac4d46e40eb94b1b2e7f42ac,20221108FL12231,live,99.0,FL,Florida,10,1,2022-11-09T00:00:00.000Z,state,0,2022-11-14T20:56:46.710Z,5610,5667,98.99,23732,3749918,53.95,23731,3201305,46.05,6976400,99,6951223,11713963,5601,5610,0.0,1.0,X,2022-11-09T04:42:16.531Z
1668459466,2022-11-14 14:57:46 -0600,c500e3e642d8887eefbcb6e63c27a2ad14432033,20221108FL12231,live,99.0,FL,Florida,10,1,2022-11-09T00:00:00.000Z,state,0,2022-11-14T20:57:27.839Z,5610,5667,98.99,23732,3749918,53.95,23731,3201305,46.05,6976400,99,6951223,11713963,5601,5610,0.0,1.0,X,2022-11-09T04:42:16.531Z
1668459798,2022-11-14 15:03:18 -0600,60fbbe29b7ea684d0c76e1fbe3f105a0207520cd,20221108FL12231,live,99.0,FL,Florida,10,1,2022-11-09T00:00:00.000Z,state,0,2022-11-14T21:02:43.676Z,5610,5667,98.99,23732,3749918,53.95,23731,3201305,46.05,6976400,99,6951223,11713963,5613,5610,0.0,1.0,X,2022-11-09T04:42:16.531Z
1668459816,2022-11-14 15:03:36 -0600,4c0bafd54bfcf254d40cdeaeaca3aa0e2fc79be0,20221108FL12231,live,99.0,FL,Florida,10,1,2022-11-09T00:00:00.000Z,state,0,2022-11-14T21:03:05.454Z,5610,5667,98.99,23732,3749918,53.95,23731,3201305,46.05,6976400,99,6951223,11713963,5613,5610,0.0,1.0,X,2022-11-09T04:42:16.531Z
1668460087,2022-11-14 15:08:07 -0600,ef3a6adfde93c8f9331c226aaf54be1dd74627c4,20221108FL12231,live,99.0,FL,Florida,10,1,2022-11-09T00:00:00.000Z,state,0,2022-11-14T21:07:50.553Z,5610,5667,98.99,23732,3749918,53.95,23731,3201305,46.05,6976400,99,6951223,11713963,5613,5610,0.0,1.0,X,2022-11-09T04:42:16.531Z
1668460212,2022-11-14 15:10:12 -0600,56bc1175556deceebec425ee3df86486edb3a6d8,20221108FL12231,live,99.0,FL,Florida,10,1,2022-11-09T00:00:00.000Z,state,0,2022-11-14T21:09:47.232Z,5610,5667,98.99,23732,3749917,53.95,23731,3201305,46.05,6976400,99,6951222,11713963,5621,5610,0.0,1.0,X,2022-11-09T04:42:16.531Z
1668460249,2022-11-14 15:10:49 -0600,e4f8b4732cb5a2055f4289fddd182f95228efead,20221108FL12231,live,99.0,FL,Florida,10,1,2022-11-09T00:00:00.000Z,state,0,2022-11-14T21:10:23.699Z,5610,5667,98.99,23732,3749917,53.95,23731,3201305,46.05,6976400,99,6951222,11713963,5621,5610,0.0,1.0,X,2022-11-09T04:42:16.531Z
1668460666,2022-11-14 15:17:46 -0600,c48b059acace15159deced5f19a574e325754b0a,20221108FL12231,live,99.0,FL,Florida,10,1,2022-11-09T00:00:00.000Z,state,0,2022-11-14T21:17:27.027Z,5610,5667,98.99,23732,3749915,53.95,23731,3201304,46.05,6976400,99,6951219,11713963,5636,5610,0.0,1.0,X,2022-11-09T04:42:16.531Z
1668460761,2022-11-14 15:19:21 -0600,d3f95ac73abab3efe67adbaccf9d25064b34c260,20221108FL12231,live,99.0,FL,Florida,10,1,2022-11-09T00:00:00.000Z,state,0,2022-11-14T21:18:59.236Z,5610,5667,98.99,23732,3749915,53.95,23731,3201304,46.05,6976400,99,6951219,11713963,5636,5610,0.0,1.0,X,2022-11-09T04:42:16.531Z
1668461886,2022-11-14 15:38:06 -0600,254dc86e3a0d2790383b16ece03b133ca80091a5,20221108FL12231,live,99.0,FL,Florida,10,1,2022-11-09T00:00:00.000Z,state,0,2022-11-14T21:37:44.399Z,5610,5667,98.99,23732,3749874,53.95,23731,3201287,46.05,6976400,99,6951161,11713963,5657,5610,0.0,1.0,X,2022-11-09T04:42:16.531Z
1668461909,2022-11-14 15:38:29 -0600,04d31b8cbec9d8783ba07682dd2e94b7747fb5bb,20221108FL12231,live,99.0,FL,Florida,10,1,2022-11-09T00:00:00.000Z,state,0,2022-11-14T21:38:08.882Z,5610,5667,98.99,23732,3749874,53.95,23731,3201287,46.05,6976400,99,6951161,11713963,5657,5610,0.0,1.0,X,2022-11-09T04:42:16.531Z
1669048638,2022-11-21 10:37:18 -0600,4a833f55035bdf60244896e2416e3ddba7b39cd2,20221108FL12231,live,99.98,FL,Florida,10,1,2022-11-09T00:00:00.000Z,state,0,2022-11-21T16:36:48.179Z,5610,5667,98.99,23732,3749874,53.95,23731,3201287,46.05,6952281,100,6951161,11713963,5657,5610,0.0,1.0,X,2022-11-09T04:42:16.531Z
1669053169,2022-11-21 11:52:49 -0600,d9cf61fb36d59e3250da46689dac29e8ed44b594,20221108FL12231,live,99.98,FL,Florida,10,1,2022-11-09T00:00:00.000Z,state,0,2022-11-21T17:52:36.229Z,5610,5667,98.99,23732,3749874,53.95,23731,3201287,46.05,6952351,100,6951161,11713963,5657,5610,0.0,1.0,X,2022-11-09T04:42:16.531Z
1669053697,2022-11-21 12:01:37 -0600,0199bb4578259e7116531a39cbd411154bd3ff5d,20221108FL12231,live,99.99,FL,Florida,10,1,2022-11-09T00:00:00.000Z,state,0,2022-11-21T18:01:18.885Z,5610,5667,98.99,23732,3749874,53.95,23731,3201287,46.05,6951692,100,6951161,11713963,5657,5610,0.0,1.0,X,2022-11-09T04:42:16.531Z
1669057714,2022-11-21 13:08:34 -0600,cf24fad3eb4fcf8f277679fa0a6bae0516896654,20221108FL12231,live,99.98,FL,Florida,10,1,2022-11-09T00:00:00.000Z,state,0,2022-11-21T19:08:11.970Z,5666,5667,99.98,23732,3744384,53.87,23731,3206103,46.13,6951692,100,6950487,11713963,5657,5666,0.0,1.0,X,2022-11-09T04:42:16.531Z
