captureTimestamp,captureDateTime,captureRevision,eventID,stateID,raceType,raceTypeID,tabulationStatus,raceCallStatus,officeID,officeName,incumbents.0.first,incumbents.0.last,incumbents.0.abbrv,incumbents.0.party,incumbents.0.candidateID,incumbents.0.polID,incumbents.0.polNum,national,state,keyRace,parameters.vote.expected.actual,parameters.vote.expected.eevpCap,parameters.vote.total,parameters.vote.registered,isUpdated,raceID,electionDate,statePostal,candidates.32111.first,candidates.32111.last,candidates.32111.party,candidates.32111.candidateID,candidates.32111.ballotOrder,candidates.32111.polID,candidates.32111.polNum,candidates.32111.electWon,candidates.32120.first,candidates.32120.last,candidates.32120.party,candidates.32120.candidateID,candidates.32120.ballotOrder,candidates.32120.polID,candidates.32120.polNum,candidates.32120.electWon,candidates.32652.first,candidates.32652.last,candidates.32652.party,candidates.32652.candidateID,candidates.32652.ballotOrder,candidates.32652.polID,candidates.32652.polNum,candidates.32652.electWon,candidates.32653.first,candidates.32653.last,candidates.32653.party,candidates.32653.candidateID,candidates.32653.ballotOrder,candidates.32653.polID,candidates.32653.polNum,candidates.32653.electWon,candidates.32654.first,candidates.32654.last,candidates.32654.party,candidates.32654.candidateID,candidates.32654.ballotOrder,candidates.32654.polID,candidates.32654.polNum,candidates.32654.electWon,candidates.32120.winnerDateTime,isCertified
1667886761,2022-11-08 05:52:41 +0000,454ce019f86614717daba988180b8577e032630f,MD-20221108_Eday80,21,General,G,Awaiting Poll Close,Too Early to Call,G,Governor,Larry,Hogan,Hogan,GOP,29660,63859,25795,True,True,True,2350000,99,0,3525000,True,20221108MD22091,2022-11-08,MD,Dan,Cox,GOP,32111,1,64816,26152,0,Wes,Moore,Dem,32120,2,71129,26935,0,David,Lashar,Lib,32652,3,67841,26724,0,Nancy,Wallace,Grn,32653,4,65573,26199,0,David,Harding,WCP,32654,5,71718,26294,0,,
1667956272,2022-11-09 01:11:12 +0000,e9730fe8cd073de363599251493da8f113e7bb60,MD-20221108_Eday80,21,General,G,Polls Closed/Waiting First Report,Called,G,Governor,Larry,Hogan,Hogan,GOP,29660,63859,25795,True,True,True,2350000,99,0,3525000,True,20221108MD22091,2022-11-08,MD,Dan,Cox,GOP,32111,1,64816,26152,0,Wes,Moore,Dem,32120,2,71129,26935,0,David,Lashar,Lib,32652,3,67841,26724,0,Nancy,Wallace,Grn,32653,4,65573,26199,0,David,Harding,WCP,32654,5,71718,26294,0,2022-11-09T01:00:04.280Z,
1667957715,2022-11-09 01:35:15 +0000,97cbc8b93cc842818a0fba948144842c3e8d51f0,MD-20221108_Eday80,21,General,G,Active Tabulation,Called,G,Governor,Larry,Hogan,Hogan,GOP,29660,63859,25795,True,True,True,2350000,99,3560,3525000,True,20221108MD22091,2022-11-08,MD,Dan,Cox,GOP,32111,1,64816,26152,0,Wes,Moore,Dem,32120,2,71129,26935,0,David,Lashar,Lib,32652,3,67841,26724,0,Nancy,Wallace,Grn,32653,4,65573,26199,0,David,Harding,WCP,32654,5,71718,26294,0,2022-11-09T01:00:04.280Z,
1667959124,2022-11-09 01:58:44 +0000,ebdb2f4efab49b8071a842b145008e58069ff969,MD-20221108_Eday80,21,General,G,Active Tabulation,Called,G,Governor,Larry,Hogan,Hogan,GOP,29660,63859,25795,True,True,True,2350000,99,26509,3525000,True,20221108MD22091,2022-11-08,MD,Dan,Cox,GOP,32111,1,64816,26152,0,Wes,Moore,Dem,32120,2,71129,26935,0,David,Lashar,Lib,32652,3,67841,26724,0,Nancy,Wallace,Grn,32653,4,65573,26199,0,David,Harding,WCP,32654,5,71718,26294,0,2022-11-09T01:00:04.280Z,
1667959981,2022-11-09 02:13:01 +0000,f7108f15221a3f4ac4310e0ba678593081137a5c,MD-20221108_Eday80,21,General,G,Active Tabulation,Called,G,Governor,Larry,Hogan,Hogan,GOP,29660,63859,25795,True,True,True,2350000,99,26627,3525000,True,20221108MD22091,2022-11-08,MD,Dan,Cox,GOP,32111,1,64816,26152,0,Wes,Moore,Dem,32120,2,71129,26935,0,David,Lashar,Lib,32652,3,67841,26724,0,Nancy,Wallace,Grn,32653,4,65573,26199,0,David,Harding,WCP,32654,5,71718,26294,0,2022-11-09T01:00:04.280Z,
1667960264,2022-11-09 02:17:44 +0000,e239f4bcca07deff3069ebbdd016fa8b8d41d752,MD-20221108_Eday80,21,General,G,Active Tabulation,Called,G,Governor,Larry,Hogan,Hogan,GOP,29660,63859,25795,True,True,True,2350000,99,30420,3525000,True,20221108MD22091,2022-11-08,MD,Dan,Cox,GOP,32111,1,64816,26152,0,Wes,Moore,Dem,32120,2,71129,26935,0,David,Lashar,Lib,32652,3,67841,26724,0,Nancy,Wallace,Grn,32653,4,65573,26199,0,David,Harding,WCP,32654,5,71718,26294,0,2022-11-09T01:00:04.280Z,
1667960540,2022-11-09 02:22:20 +0000,8f457dad835364421624abf7a3b05a9acf49f0bd,MD-20221108_Eday80,21,General,G,Active Tabulation,Called,G,Governor,Larry,Hogan,Hogan,GOP,29660,63859,25795,True,True,True,2350000,99,34515,3525000,True,20221108MD22091,2022-11-08,MD,Dan,Cox,GOP,32111,1,64816,26152,0,Wes,Moore,Dem,32120,2,71129,26935,0,David,Lashar,Lib,32652,3,67841,26724,0,Nancy,Wallace,Grn,32653,4,65573,26199,0,David,Harding,WCP,32654,5,71718,26294,0,2022-11-09T01:00:04.280Z,
1667961093,2022-11-09 02:31:33 +0000,1ec6490691d550bb25c67a95029d41260dad9223,MD-20221108_Eday80,21,General,G,Active Tabulation,Called,G,Governor,Larry,Hogan,Hogan,GOP,29660,63859,25795,True,True,True,2350000,99,540932,3525000,True,20221108MD22091,2022-11-08,MD,Dan,Cox,GOP,32111,1,64816,26152,0,Wes,Moore,Dem,32120,2,71129,26935,0,David,Lashar,Lib,32652,3,67841,26724,0,Nancy,Wallace,Grn,32653,4,65573,26199,0,David,Harding,WCP,32654,5,71718,26294,0,2022-11-09T01:00:04.280Z,
1667961709,2022-11-09 02:41:49 +0000,0f04550731ed05e8c23b521fa0b273774c5a4a51,MD-20221108_Eday80,21,General,G,Active Tabulation,Called,G,Governor,Larry,Hogan,Hogan,GOP,29660,63859,25795,True,True,True,2350000,99,621401,3525000,True,20221108MD22091,2022-11-08,MD,Dan,Cox,GOP,32111,1,64816,26152,0,Wes,Moore,Dem,32120,2,71129,26935,0,David,Lashar,Lib,32652,3,67841,26724,0,Nancy,Wallace,Grn,32653,4,65573,26199,0,David,Harding,WCP,32654,5,71718,26294,0,2022-11-09T01:00:04.280Z,
1667961990,2022-11-09 02:46:30 +0000,34fd47cd084122fe0c5fed09f89e8cc11319e728,MD-20221108_Eday80,21,General,G,Active Tabulation,Called,G,Governor,Larry,Hogan,Hogan,GOP,29660,63859,25795,True,True,True,2350000,99,684877,3525000,True,20221108MD22091,2022-11-08,MD,Dan,Cox,GOP,32111,1,64816,26152,0,Wes,Moore,Dem,32120,2,71129,26935,0,David,Lashar,Lib,32652,3,67841,26724,0,Nancy,Wallace,Grn,32653,4,65573,26199,0,David,Harding,WCP,32654,5,71718,26294,0,2022-11-09T01:00:04.280Z,
1667962837,2022-11-09 03:00:37 +0000,d57fedbb0cf82cf130c9d008e459203d23c317e0,MD-20221108_Eday80,21,General,G,Active Tabulation,Called,G,Governor,Larry,Hogan,Hogan,GOP,29660,63859,25795,True,True,True,2350000,99,764343,3525000,True,20221108MD22091,2022-11-08,MD,Dan,Cox,GOP,32111,1,64816,26152,0,Wes,Moore,Dem,32120,2,71129,26935,0,David,Lashar,Lib,32652,3,67841,26724,0,Nancy,Wallace,Grn,32653,4,65573,26199,0,David,Harding,WCP,32654,5,71718,26294,0,2022-11-09T01:00:04.280Z,
1667964559,2022-11-09 03:29:19 +0000,9953e63a0357b9189618b1f7ef238581cfdffcbb,MD-20221108_Eday80,21,General,G,Active Tabulation,Called,G,Governor,Larry,Hogan,Hogan,GOP,29660,63859,25795,True,True,True,2350000,99,1123482,3525000,True,20221108MD22091,2022-11-08,MD,Dan,Cox,GOP,32111,1,64816,26152,0,Wes,Moore,Dem,32120,2,71129,26935,0,David,Lashar,Lib,32652,3,67841,26724,0,Nancy,Wallace,Grn,32653,4,65573,26199,0,David,Harding,WCP,32654,5,71718,26294,0,2022-11-09T01:00:04.280Z,
1667965711,2022-11-09 03:48:31 +0000,3f97935f76145660588ec69d4480a824e21e2bd4,MD-20221108_Eday80,21,General,G,Active Tabulation,Called,G,Governor,Larry,Hogan,Hogan,GOP,29660,63859,25795,True,True,True,2350000,99,1234453,3525000,True,20221108MD22091,2022-11-08,MD,Dan,Cox,GOP,32111,1,64816,26152,0,Wes,Moore,Dem,32120,2,71129,26935,0,David,Lashar,Lib,32652,3,67841,26724,0,Nancy,Wallace,Grn,32653,4,65573,26199,0,David,Harding,WCP,32654,5,71718,26294,0,2022-11-09T01:00:04.280Z,
1667966001,2022-11-09 03:53:21 +0000,cee0a612753351ddb30fde2a157613da20f2be01,MD-20221108_Eday80,21,General,G,Active Tabulation,Called,G,Governor,Larry,Hogan,Hogan,GOP,29660,63859,25795,True,True,True,2350000,99,1319697,3525000,True,20221108MD22091,2022-11-08,MD,Dan,Cox,GOP,32111,1,64816,26152,0,Wes,Moore,Dem,32120,2,71129,26935,0,David,Lashar,Lib,32652,3,67841,26724,0,Nancy,Wallace,Grn,32653,4,65573,26199,0,David,Harding,WCP,32654,5,71718,26294,0,2022-11-09T01:00:04.280Z,
1667966989,2022-11-09 04:09:49 +0000,47c6fd3e525919b429e23d0446afd1809e9c353c,MD-20221108_Eday80,21,General,G,Active Tabulation,Called,G,Governor,Larry,Hogan,Hogan,GOP,29660,63859,25795,True,True,True,2350000,99,1376850,3525000,True,20221108MD22091,2022-11-08,MD,Dan,Cox,GOP,32111,1,64816,26152,0,Wes,Moore,Dem,32120,2,71129,26935,0,David,Lashar,Lib,32652,3,67841,26724,0,Nancy,Wallace,Grn,32653,4,65573,26199,0,David,Harding,WCP,32654,5,71718,26294,0,2022-11-09T01:00:04.280Z,
1667968406,2022-11-08 22:33:26 -0600,9894c9990b429281fa1911dc561355d202f43cc4,MD-20221108_Eday80,21,General,G,Active Tabulation,Called,G,Governor,Larry,Hogan,Hogan,GOP,29660,63859,25795,True,True,True,2000000,99,1435340,3525000,True,20221108MD22091,2022-11-08,MD,Dan,Cox,GOP,32111,1,64816,26152,0,Wes,Moore,Dem,32120,2,71129,26935,0,David,Lashar,Lib,32652,3,67841,26724,0,Nancy,Wallace,Grn,32653,4,65573,26199,0,David,Harding,WCP,32654,5,71718,26294,0,2022-11-09T01:00:04.280Z,
1667969204,2022-11-08 22:46:44 -0600,861af312a343e9b4769e08b8c7c8c17fab4dadef,MD-20221108_Eday80,21,General,G,Active Tabulation,Called,G,Governor,Larry,Hogan,Hogan,GOP,29660,63859,25795,True,True,True,2000000,99,1459266,3525000,True,20221108MD22091,2022-11-08,MD,Dan,Cox,GOP,32111,1,64816,26152,0,Wes,Moore,Dem,32120,2,71129,26935,0,David,Lashar,Lib,32652,3,67841,26724,0,Nancy,Wallace,Grn,32653,4,65573,26199,0,David,Harding,WCP,32654,5,71718,26294,0,2022-11-09T01:00:04.280Z,
1667970027,2022-11-08 23:00:27 -0600,0d3c5c12e1d5e510cd8a9d7ec7188e7376d3702a,MD-20221108_Eday80,21,General,G,Active Tabulation,Called,G,Governor,Larry,Hogan,Hogan,GOP,29660,63859,25795,True,True,True,2000000,99,1485845,3525000,True,20221108MD22091,2022-11-08,MD,Dan,Cox,GOP,32111,1,64816,26152,0,Wes,Moore,Dem,32120,2,71129,26935,0,David,Lashar,Lib,32652,3,67841,26724,0,Nancy,Wallace,Grn,32653,4,65573,26199,0,David,Harding,WCP,32654,5,71718,26294,0,2022-11-09T01:00:04.280Z,
1667970856,2022-11-08 23:14:16 -0600,ff06f2de4e569cd29ca92d25039a935917deb88f,MD-20221108_Eday80,21,General,G,Active Tabulation,Called,G,Governor,Larry,Hogan,Hogan,GOP,29660,63859,25795,True,True,True,1800000,99,1489490,3525000,True,20221108MD22091,2022-11-08,MD,Dan,Cox,GOP,32111,1,64816,26152,0,Wes,Moore,Dem,32120,2,71129,26935,0,David,Lashar,Lib,32652,3,67841,26724,0,Nancy,Wallace,Grn,32653,4,65573,26199,0,David,Harding,WCP,32654,5,71718,26294,0,2022-11-09T01:00:04.280Z,
1667971699,2022-11-08 23:28:19 -0600,ab5f2b666bd1b9bf6989ccd1e80db43497d771dc,MD-20221108_Eday80,21,General,G,Active Tabulation,Called,G,Governor,Larry,Hogan,Hogan,GOP,29660,63859,25795,True,True,True,1800000,99,1495125,3525000,True,20221108MD22091,2022-11-08,MD,Dan,Cox,GOP,32111,1,64816,26152,0,Wes,Moore,Dem,32120,2,71129,26935,0,David,Lashar,Lib,32652,3,67841,26724,0,Nancy,Wallace,Grn,32653,4,65573,26199,0,David,Harding,WCP,32654,5,71718,26294,0,2022-11-09T01:00:04.280Z,
1667972585,2022-11-08 23:43:05 -0600,801d3f687be77bd20982c8b22a575eda658a7594,MD-20221108_Eday80,21,General,G,Active Tabulation,Called,G,Governor,Larry,Hogan,Hogan,GOP,29660,63859,25795,True,True,True,1800000,99,1498585,3525000,True,20221108MD22091,2022-11-08,MD,Dan,Cox,GOP,32111,1,64816,26152,0,Wes,Moore,Dem,32120,2,71129,26935,0,David,Lashar,Lib,32652,3,67841,26724,0,Nancy,Wallace,Grn,32653,4,65573,26199,0,David,Harding,WCP,32654,5,71718,26294,0,2022-11-09T01:00:04.280Z,
1667973248,2022-11-08 23:54:08 -0600,fb954f3a0e354e923f1bd778e51927737d2c1332,MD-20221108_Eday80,21,General,G,Active Tabulation,Called,G,Governor,Larry,Hogan,Hogan,GOP,29660,63859,25795,True,True,True,1800000,99,1501256,3525000,True,20221108MD22091,2022-11-08,MD,Dan,Cox,GOP,32111,1,64816,26152,0,Wes,Moore,Dem,32120,2,71129,26935,0,David,Lashar,Lib,32652,3,67841,26724,0,Nancy,Wallace,Grn,32653,4,65573,26199,0,David,Harding,WCP,32654,5,71718,26294,0,2022-11-09T01:00:04.280Z,
1667973878,2022-11-09 00:04:38 -0600,dd0a2fb7e0a1ea86d312428fcf4c7c68541cc7da,MD-20221108_Eday80,21,General,G,Active Tabulation,Called,G,Governor,Larry,Hogan,Hogan,GOP,29660,63859,25795,True,True,True,1800000,99,1503396,3525000,True,20221108MD22091,2022-11-08,MD,Dan,Cox,GOP,32111,1,64816,26152,0,Wes,Moore,Dem,32120,2,71129,26935,0,David,Lashar,Lib,32652,3,67841,26724,0,Nancy,Wallace,Grn,32653,4,65573,26199,0,David,Harding,WCP,32654,5,71718,26294,0,2022-11-09T01:00:04.280Z,
1667974853,2022-11-09 00:20:53 -0600,675e67cf8102db01ebf6f3cc46b2432f97e9dfb7,MD-20221108_Eday80,21,General,G,Active Tabulation,Called,G,Governor,Larry,Hogan,Hogan,GOP,29660,63859,25795,True,True,True,1800000,99,1504404,3525000,True,20221108MD22091,2022-11-08,MD,Dan,Cox,GOP,32111,1,64816,26152,0,Wes,Moore,Dem,32120,2,71129,26935,0,David,Lashar,Lib,32652,3,67841,26724,0,Nancy,Wallace,Grn,32653,4,65573,26199,0,David,Harding,WCP,32654,5,71718,26294,0,2022-11-09T01:00:04.280Z,
1667976467,2022-11-09 00:47:47 -0600,32bb8c730464b2ab549dbe977eea353741198772,MD-20221108_Eday80,21,General,G,Active Tabulation,Called,G,Governor,Larry,Hogan,Hogan,GOP,29660,63859,25795,True,True,True,1800000,99,1504759,3525000,True,20221108MD22091,2022-11-08,MD,Dan,Cox,GOP,32111,1,64816,26152,0,Wes,Moore,Dem,32120,2,71129,26935,0,David,Lashar,Lib,32652,3,67841,26724,0,Nancy,Wallace,Grn,32653,4,65573,26199,0,David,Harding,WCP,32654,5,71718,26294,0,2022-11-09T01:00:04.280Z,
1667977245,2022-11-09 01:00:45 -0600,941801650b13c3c4f4a2abd9523403803c17f776,MD-20221108_Eday80,21,General,G,Active Tabulation,Called,G,Governor,Larry,Hogan,Hogan,GOP,29660,63859,25795,True,True,True,1700000,99,1506826,3525000,True,20221108MD22091,2022-11-08,MD,Dan,Cox,GOP,32111,1,64816,26152,0,Wes,Moore,Dem,32120,2,71129,26935,0,David,Lashar,Lib,32652,3,67841,26724,0,Nancy,Wallace,Grn,32653,4,65573,26199,0,David,Harding,WCP,32654,5,71718,26294,0,2022-11-09T01:00:04.280Z,
1667979032,2022-11-09 01:30:32 -0600,a31ce2695fce3442cac91f4d2a6adca7af21c91c,MD-20221108_Eday80,21,General,G,Active Tabulation,Called,G,Governor,Larry,Hogan,Hogan,GOP,29660,63859,25795,True,True,True,1700000,99,1510329,3525000,True,20221108MD22091,2022-11-08,MD,Dan,Cox,GOP,32111,1,64816,26152,0,Wes,Moore,Dem,32120,2,71129,26935,0,David,Lashar,Lib,32652,3,67841,26724,0,Nancy,Wallace,Grn,32653,4,65573,26199,0,David,Harding,WCP,32654,5,71718,26294,0,2022-11-09T01:00:04.280Z,
1667979845,2022-11-09 01:44:05 -0600,56f55ff2a859e10bf2feb3a958e483acbe185172,MD-20221108_Eday80,21,General,G,Active Tabulation,Called,G,Governor,Larry,Hogan,Hogan,GOP,29660,63859,25795,True,True,True,1700000,99,1514271,3525000,True,20221108MD22091,2022-11-08,MD,Dan,Cox,GOP,32111,1,64816,26152,0,Wes,Moore,Dem,32120,2,71129,26935,0,David,Lashar,Lib,32652,3,67841,26724,0,Nancy,Wallace,Grn,32653,4,65573,26199,0,David,Harding,WCP,32654,5,71718,26294,0,2022-11-09T01:00:04.280Z,
1667979888,2022-11-09 01:44:48 -0600,0e0f720f51726ae625e5e1365d2ab4384b8c34ed,MD-20221108_Eday80,21,General,G,Active Tabulation,Called,G,Governor,Larry,Hogan,Hogan,GOP,29660,63859,25795,True,True,True,1700000,99,1510329,3525000,True,20221108MD22091,2022-11-08,MD,Dan,Cox,GOP,32111,1,64816,26152,0,Wes,Moore,Dem,32120,2,71129,26935,0,David,Lashar,Lib,32652,3,67841,26724,0,Nancy,Wallace,Grn,32653,4,65573,26199,0,David,Harding,WCP,32654,5,71718,26294,0,2022-11-09T01:00:04.280Z,
1667979926,2022-11-09 01:45:26 -0600,9b0489556f79fd338933dc887f608460bae29ac3,MD-20221108_Eday80,21,General,G,Active Tabulation,Called,G,Governor,Larry,Hogan,Hogan,GOP,29660,63859,25795,True,True,True,1700000,99,1514271,3525000,True,20221108MD22091,2022-11-08,MD,Dan,Cox,GOP,32111,1,64816,26152,0,Wes,Moore,Dem,32120,2,71129,26935,0,David,Lashar,Lib,32652,3,67841,26724,0,Nancy,Wallace,Grn,32653,4,65573,26199,0,David,Harding,WCP,32654,5,71718,26294,0,2022-11-09T01:00:04.280Z,
1667980632,2022-11-09 01:57:12 -0600,64acd32e8668f8543b9301ec796b80c9900834d5,MD-20221108_Eday80,21,General,G,Active Tabulation,Called,G,Governor,Larry,Hogan,Hogan,GOP,29660,63859,25795,True,True,True,1700000,99,1515230,3525000,True,20221108MD22091,2022-11-08,MD,Dan,Cox,GOP,32111,1,64816,26152,0,Wes,Moore,Dem,32120,2,71129,26935,0,David,Lashar,Lib,32652,3,67841,26724,0,Nancy,Wallace,Grn,32653,4,65573,26199,0,David,Harding,WCP,32654,5,71718,26294,0,2022-11-09T01:00:04.280Z,
1667980673,2022-11-09 01:57:53 -0600,8a7dca48f9ace0440c702512ea351f0c51b77c4d,MD-20221108_Eday80,21,General,G,Active Tabulation,Called,G,Governor,Larry,Hogan,Hogan,GOP,29660,63859,25795,True,True,True,1700000,99,1514271,3525000,True,20221108MD22091,2022-11-08,MD,Dan,Cox,GOP,32111,1,64816,26152,0,Wes,Moore,Dem,32120,2,71129,26935,0,David,Lashar,Lib,32652,3,67841,26724,0,Nancy,Wallace,Grn,32653,4,65573,26199,0,David,Harding,WCP,32654,5,71718,26294,0,2022-11-09T01:00:04.280Z,
1667980717,2022-11-09 01:58:37 -0600,979cc4970243f257438e38dd6dfd832de95ae652,MD-20221108_Eday80,21,General,G,Active Tabulation,Called,G,Governor,Larry,Hogan,Hogan,GOP,29660,63859,25795,True,True,True,1700000,99,1515230,3525000,True,20221108MD22091,2022-11-08,MD,Dan,Cox,GOP,32111,1,64816,26152,0,Wes,Moore,Dem,32120,2,71129,26935,0,David,Lashar,Lib,32652,3,67841,26724,0,Nancy,Wallace,Grn,32653,4,65573,26199,0,David,Harding,WCP,32654,5,71718,26294,0,2022-11-09T01:00:04.280Z,
1667981603,2022-11-09 02:13:23 -0600,3310dbe8867ffe9b16ad80e27a2817750d56a0d9,MD-20221108_Eday80,21,General,G,Active Tabulation,Called,G,Governor,Larry,Hogan,Hogan,GOP,29660,63859,25795,True,True,True,1700000,99,1516389,3525000,True,20221108MD22091,2022-11-08,MD,Dan,Cox,GOP,32111,1,64816,26152,0,Wes,Moore,Dem,32120,2,71129,26935,0,David,Lashar,Lib,32652,3,67841,26724,0,Nancy,Wallace,Grn,32653,4,65573,26199,0,David,Harding,WCP,32654,5,71718,26294,0,2022-11-09T01:00:04.280Z,
1667981644,2022-11-09 02:14:04 -0600,795b577eaa6c2f9211213427433f95db1d9ee856,MD-20221108_Eday80,21,General,G,Active Tabulation,Called,G,Governor,Larry,Hogan,Hogan,GOP,29660,63859,25795,True,True,True,1700000,99,1515230,3525000,True,20221108MD22091,2022-11-08,MD,Dan,Cox,GOP,32111,1,64816,26152,0,Wes,Moore,Dem,32120,2,71129,26935,0,David,Lashar,Lib,32652,3,67841,26724,0,Nancy,Wallace,Grn,32653,4,65573,26199,0,David,Harding,WCP,32654,5,71718,26294,0,2022-11-09T01:00:04.280Z,
1667981723,2022-11-09 02:15:23 -0600,ed0d693023b7325c0034a40bd5e527fb691b30d5,MD-20221108_Eday80,21,General,G,Active Tabulation,Called,G,Governor,Larry,Hogan,Hogan,GOP,29660,63859,25795,True,True,True,1700000,99,1516389,3525000,True,20221108MD22091,2022-11-08,MD,Dan,Cox,GOP,32111,1,64816,26152,0,Wes,Moore,Dem,32120,2,71129,26935,0,David,Lashar,Lib,32652,3,67841,26724,0,Nancy,Wallace,Grn,32653,4,65573,26199,0,David,Harding,WCP,32654,5,71718,26294,0,2022-11-09T01:00:04.280Z,
1667981765,2022-11-09 02:16:05 -0600,737a3c50fdb927ba12862e09b821f52e102aeb12,MD-20221108_Eday80,21,General,G,Active Tabulation,Called,G,Governor,Larry,Hogan,Hogan,GOP,29660,63859,25795,True,True,True,1700000,99,1515230,3525000,True,20221108MD22091,2022-11-08,MD,Dan,Cox,GOP,32111,1,64816,26152,0,Wes,Moore,Dem,32120,2,71129,26935,0,David,Lashar,Lib,32652,3,67841,26724,0,Nancy,Wallace,Grn,32653,4,65573,26199,0,David,Harding,WCP,32654,5,71718,26294,0,2022-11-09T01:00:04.280Z,
1667981805,2022-11-09 02:16:45 -0600,cef5b5fb19b6f6b9bd4c9e58e7a861d84a08f22a,MD-20221108_Eday80,21,General,G,Active Tabulation,Called,G,Governor,Larry,Hogan,Hogan,GOP,29660,63859,25795,True,True,True,1700000,99,1516389,3525000,True,20221108MD22091,2022-11-08,MD,Dan,Cox,GOP,32111,1,64816,26152,0,Wes,Moore,Dem,32120,2,71129,26935,0,David,Lashar,Lib,32652,3,67841,26724,0,Nancy,Wallace,Grn,32653,4,65573,26199,0,David,Harding,WCP,32654,5,71718,26294,0,2022-11-09T01:00:04.280Z,
1667981884,2022-11-09 02:18:04 -0600,1d01d3e7b1a7d975fd5163dbde647aabc94b3598,MD-20221108_Eday80,21,General,G,Active Tabulation,Called,G,Governor,Larry,Hogan,Hogan,GOP,29660,63859,25795,True,True,True,1700000,99,1515230,3525000,True,20221108MD22091,2022-11-08,MD,Dan,Cox,GOP,32111,1,64816,26152,0,Wes,Moore,Dem,32120,2,71129,26935,0,David,Lashar,Lib,32652,3,67841,26724,0,Nancy,Wallace,Grn,32653,4,65573,26199,0,David,Harding,WCP,32654,5,71718,26294,0,2022-11-09T01:00:04.280Z,
1667982002,2022-11-09 02:20:02 -0600,55d43d6174b4d852acbda6bae98fc1f4f93cabfe,MD-20221108_Eday80,21,General,G,Active Tabulation,Called,G,Governor,Larry,Hogan,Hogan,GOP,29660,63859,25795,True,True,True,1700000,99,1516389,3525000,True,20221108MD22091,2022-11-08,MD,Dan,Cox,GOP,32111,1,64816,26152,0,Wes,Moore,Dem,32120,2,71129,26935,0,David,Lashar,Lib,32652,3,67841,26724,0,Nancy,Wallace,Grn,32653,4,65573,26199,0,David,Harding,WCP,32654,5,71718,26294,0,2022-11-09T01:00:04.280Z,
1667982120,2022-11-09 02:22:00 -0600,450148539a37a70cef00d9373a98d091e23904cb,MD-20221108_Eday80,21,General,G,Active Tabulation,Called,G,Governor,Larry,Hogan,Hogan,GOP,29660,63859,25795,True,True,True,1700000,99,1515230,3525000,True,20221108MD22091,2022-11-08,MD,Dan,Cox,GOP,32111,1,64816,26152,0,Wes,Moore,Dem,32120,2,71129,26935,0,David,Lashar,Lib,32652,3,67841,26724,0,Nancy,Wallace,Grn,32653,4,65573,26199,0,David,Harding,WCP,32654,5,71718,26294,0,2022-11-09T01:00:04.280Z,
1667982160,2022-11-09 02:22:40 -0600,6db70592cb0a84a4c1b9ef4b9bd094fff199cc3d,MD-20221108_Eday80,21,General,G,Active Tabulation,Called,G,Governor,Larry,Hogan,Hogan,GOP,29660,63859,25795,True,True,True,1700000,99,1516389,3525000,True,20221108MD22091,2022-11-08,MD,Dan,Cox,GOP,32111,1,64816,26152,0,Wes,Moore,Dem,32120,2,71129,26935,0,David,Lashar,Lib,32652,3,67841,26724,0,Nancy,Wallace,Grn,32653,4,65573,26199,0,David,Harding,WCP,32654,5,71718,26294,0,2022-11-09T01:00:04.280Z,
1667982318,2022-11-09 02:25:18 -0600,d78896390711a8466dc4ef9e83dee06bc896d9df,MD-20221108_Eday80,21,General,G,Active Tabulation,Called,G,Governor,Larry,Hogan,Hogan,GOP,29660,63859,25795,True,True,True,1700000,99,1516946,3525000,True,20221108MD22091,2022-11-08,MD,Dan,Cox,GOP,32111,1,64816,26152,0,Wes,Moore,Dem,32120,2,71129,26935,0,David,Lashar,Lib,32652,3,67841,26724,0,Nancy,Wallace,Grn,32653,4,65573,26199,0,David,Harding,WCP,32654,5,71718,26294,0,2022-11-09T01:00:04.280Z,
1668023847,2022-11-09 13:57:27 -0600,087b4f6a034c07b8ce438c0434be9757beda9d54,MD-20221108_Eday80,21,General,G,Active Tabulation,Called,G,Governor,Larry,Hogan,Hogan,GOP,29660,63859,25795,True,True,True,1668179,99,1516946,3525000,True,20221108MD22091,2022-11-08,MD,Dan,Cox,GOP,32111,1,64816,26152,0,Wes,Moore,Dem,32120,2,71129,26935,0,David,Lashar,Lib,32652,3,67841,26724,0,Nancy,Wallace,Grn,32653,4,65573,26199,0,David,Harding,WCP,32654,5,71718,26294,0,2022-11-09T01:00:04.280Z,
1668025438,2022-11-09 14:23:58 -0600,3cd4120dd92ec7746fe43224bcd0770070524a09,MD-20221108_Eday80,21,General,G,Active Tabulation,Called,G,Governor,Larry,Hogan,Hogan,GOP,29660,63859,25795,True,True,True,1668179,99,1518454,3525000,True,20221108MD22091,2022-11-08,MD,Dan,Cox,GOP,32111,1,64816,26152,0,Wes,Moore,Dem,32120,2,71129,26935,0,David,Lashar,Lib,32652,3,67841,26724,0,Nancy,Wallace,Grn,32653,4,65573,26199,0,David,Harding,WCP,32654,5,71718,26294,0,2022-11-09T01:00:04.280Z,
1668040318,2022-11-09 18:31:58 -0600,683e6a7ba5493ea5eaa91199217fba78126201fc,MD-20221108_Eday80,21,General,G,Active Tabulation,Called,G,Governor,Larry,Hogan,Hogan,GOP,29660,63859,25795,True,True,True,1668179,99,1519511,3525000,True,20221108MD22091,2022-11-08,MD,Dan,Cox,GOP,32111,1,64816,26152,0,Wes,Moore,Dem,32120,2,71129,26935,0,David,Lashar,Lib,32652,3,67841,26724,0,Nancy,Wallace,Grn,32653,4,65573,26199,0,David,Harding,WCP,32654,5,71718,26294,0,2022-11-09T01:00:04.280Z,
1668094628,2022-11-10 09:37:08 -0600,ab77f314c46a7a883e134ec891d8b54db6a9faf9,MD-20221108_Eday80,21,General,G,Active Tabulation,Called,G,Governor,Larry,Hogan,Hogan,GOP,29660,63859,25795,True,True,True,1668179,99,1520152,3525000,True,20221108MD22091,2022-11-08,MD,Dan,Cox,GOP,32111,1,64816,26152,0,Wes,Moore,Dem,32120,2,71129,26935,0,David,Lashar,Lib,32652,3,67841,26724,0,Nancy,Wallace,Grn,32653,4,65573,26199,0,David,Harding,WCP,32654,5,71718,26294,0,2022-11-09T01:00:04.280Z,
1668097998,2022-11-10 10:33:18 -0600,53ddb74e9863f1df5a9f2251bc6323c4b7c0d1e6,MD-20221108_Eday80,21,General,G,Active Tabulation,Called,G,Governor,Larry,Hogan,Hogan,GOP,29660,63859,25795,True,True,True,1668179,99,1520277,3525000,True,20221108MD22091,2022-11-08,MD,Dan,Cox,GOP,32111,1,64816,26152,0,Wes,Moore,Dem,32120,2,71129,26935,0,David,Lashar,Lib,32652,3,67841,26724,0,Nancy,Wallace,Grn,32653,4,65573,26199,0,David,Harding,WCP,32654,5,71718,26294,0,2022-11-09T01:00:04.280Z,
1668109904,2022-11-10 13:51:44 -0600,b31e824220ce532a31484e263fbd4290e9ba4370,MD-20221108_Eday80,21,General,G,Active Tabulation,Called,G,Governor,Larry,Hogan,Hogan,GOP,29660,63859,25795,True,True,True,1668179,99,1521070,3525000,True,20221108MD22091,2022-11-08,MD,Dan,Cox,GOP,32111,1,64816,26152,0,Wes,Moore,Dem,32120,2,71129,26935,0,David,Lashar,Lib,32652,3,67841,26724,0,Nancy,Wallace,Grn,32653,4,65573,26199,0,David,Harding,WCP,32654,5,71718,26294,0,2022-11-09T01:00:04.280Z,
1668114077,2022-11-10 15:01:17 -0600,8b9306f5bb680c581981d63ca2e9d8941b4bd9fb,MD-20221108_Eday80,21,General,G,Active Tabulation,Called,G,Governor,Larry,Hogan,Hogan,GOP,29660,63859,25795,True,True,True,1668179,99,1522768,3525000,True,20221108MD22091,2022-11-08,MD,Dan,Cox,GOP,32111,1,64816,26152,0,Wes,Moore,Dem,32120,2,71129,26935,0,David,Lashar,Lib,32652,3,67841,26724,0,Nancy,Wallace,Grn,32653,4,65573,26199,0,David,Harding,WCP,32654,5,71718,26294,0,2022-11-09T01:00:04.280Z,
1668115802,2022-11-10 15:30:02 -0600,fa7358ec33f224af866c8c710e7f18f8b62a61b9,MD-20221108_Eday80,21,General,G,Active Tabulation,Called,G,Governor,Larry,Hogan,Hogan,GOP,29660,63859,25795,True,True,True,1657517,99,1523926,3525000,True,20221108MD22091,2022-11-08,MD,Dan,Cox,GOP,32111,1,64816,26152,0,Wes,Moore,Dem,32120,2,71129,26935,0,David,Lashar,Lib,32652,3,67841,26724,0,Nancy,Wallace,Grn,32653,4,65573,26199,0,David,Harding,WCP,32654,5,71718,26294,0,2022-11-09T01:00:04.280Z,
1668115844,2022-11-10 15:30:44 -0600,9a680c036e03d601a407f691a46948837f49d378,MD-20221108_Eday80,21,General,G,Active Tabulation,Called,G,Governor,Larry,Hogan,Hogan,GOP,29660,63859,25795,True,True,True,1668179,99,1523926,3525000,True,20221108MD22091,2022-11-08,MD,Dan,Cox,GOP,32111,1,64816,26152,0,Wes,Moore,Dem,32120,2,71129,26935,0,David,Lashar,Lib,32652,3,67841,26724,0,Nancy,Wallace,Grn,32653,4,65573,26199,0,David,Harding,WCP,32654,5,71718,26294,0,2022-11-09T01:00:04.280Z,
1668115885,2022-11-10 15:31:25 -0600,960aa075a80ce6cad2376c900705718a7d3b02e1,MD-20221108_Eday80,21,General,G,Active Tabulation,Called,G,Governor,Larry,Hogan,Hogan,GOP,29660,63859,25795,True,True,True,1657517,99,1523926,3525000,True,20221108MD22091,2022-11-08,MD,Dan,Cox,GOP,32111,1,64816,26152,0,Wes,Moore,Dem,32120,2,71129,26935,0,David,Lashar,Lib,32652,3,67841,26724,0,Nancy,Wallace,Grn,32653,4,65573,26199,0,David,Harding,WCP,32654,5,71718,26294,0,2022-11-09T01:00:04.280Z,
1668115927,2022-11-10 15:32:07 -0600,122692e0f8bdbe76359df607adbec3f43c3e6f79,MD-20221108_Eday80,21,General,G,Active Tabulation,Called,G,Governor,Larry,Hogan,Hogan,GOP,29660,63859,25795,True,True,True,1668179,99,1523926,3525000,True,20221108MD22091,2022-11-08,MD,Dan,Cox,GOP,32111,1,64816,26152,0,Wes,Moore,Dem,32120,2,71129,26935,0,David,Lashar,Lib,32652,3,67841,26724,0,Nancy,Wallace,Grn,32653,4,65573,26199,0,David,Harding,WCP,32654,5,71718,26294,0,2022-11-09T01:00:04.280Z,
1668116097,2022-11-10 15:34:57 -0600,361f57832c11463b32302808a4ab590b9727419a,MD-20221108_Eday80,21,General,G,Active Tabulation,Called,G,Governor,Larry,Hogan,Hogan,GOP,29660,63859,25795,True,True,True,1657517,99,1523926,3525000,True,20221108MD22091,2022-11-08,MD,Dan,Cox,GOP,32111,1,64816,26152,0,Wes,Moore,Dem,32120,2,71129,26935,0,David,Lashar,Lib,32652,3,67841,26724,0,Nancy,Wallace,Grn,32653,4,65573,26199,0,David,Harding,WCP,32654,5,71718,26294,0,2022-11-09T01:00:04.280Z,
1668116181,2022-11-10 15:36:21 -0600,57666b1ec1edcd47a8f49461dadc8e6522ea840c,MD-20221108_Eday80,21,General,G,Active Tabulation,Called,G,Governor,Larry,Hogan,Hogan,GOP,29660,63859,25795,True,True,True,1668179,99,1523926,3525000,True,20221108MD22091,2022-11-08,MD,Dan,Cox,GOP,32111,1,64816,26152,0,Wes,Moore,Dem,32120,2,71129,26935,0,David,Lashar,Lib,32652,3,67841,26724,0,Nancy,Wallace,Grn,32653,4,65573,26199,0,David,Harding,WCP,32654,5,71718,26294,0,2022-11-09T01:00:04.280Z,
1668116352,2022-11-10 15:39:12 -0600,841e4cd5da6f315b5722b5be8ab4f01a54548062,MD-20221108_Eday80,21,General,G,Active Tabulation,Called,G,Governor,Larry,Hogan,Hogan,GOP,29660,63859,25795,True,True,True,1657517,99,1523926,3525000,True,20221108MD22091,2022-11-08,MD,Dan,Cox,GOP,32111,1,64816,26152,0,Wes,Moore,Dem,32120,2,71129,26935,0,David,Lashar,Lib,32652,3,67841,26724,0,Nancy,Wallace,Grn,32653,4,65573,26199,0,David,Harding,WCP,32654,5,71718,26294,0,2022-11-09T01:00:04.280Z,
1668116394,2022-11-10 15:39:54 -0600,72f0e70e22c36b3f86362da1f5068947f2f8294c,MD-20221108_Eday80,21,General,G,Active Tabulation,Called,G,Governor,Larry,Hogan,Hogan,GOP,29660,63859,25795,True,True,True,1668179,99,1523926,3525000,True,20221108MD22091,2022-11-08,MD,Dan,Cox,GOP,32111,1,64816,26152,0,Wes,Moore,Dem,32120,2,71129,26935,0,David,Lashar,Lib,32652,3,67841,26724,0,Nancy,Wallace,Grn,32653,4,65573,26199,0,David,Harding,WCP,32654,5,71718,26294,0,2022-11-09T01:00:04.280Z,
1668116437,2022-11-10 15:40:37 -0600,3a0a93b9d42da41c5b165d73e5440b82b8114410,MD-20221108_Eday80,21,General,G,Active Tabulation,Called,G,Governor,Larry,Hogan,Hogan,GOP,29660,63859,25795,True,True,True,1657517,99,1523926,3525000,True,20221108MD22091,2022-11-08,MD,Dan,Cox,GOP,32111,1,64816,26152,0,Wes,Moore,Dem,32120,2,71129,26935,0,David,Lashar,Lib,32652,3,67841,26724,0,Nancy,Wallace,Grn,32653,4,65573,26199,0,David,Harding,WCP,32654,5,71718,26294,0,2022-11-09T01:00:04.280Z,
1668116728,2022-11-10 15:45:28 -0600,96b7578c70cb1ef9f0c6faa6dcd402fc09fdcf2d,MD-20221108_Eday80,21,General,G,Active Tabulation,Called,G,Governor,Larry,Hogan,Hogan,GOP,29660,63859,25795,True,True,True,1652188,99,1523926,3525000,True,20221108MD22091,2022-11-08,MD,Dan,Cox,GOP,32111,1,64816,26152,0,Wes,Moore,Dem,32120,2,71129,26935,0,David,Lashar,Lib,32652,3,67841,26724,0,Nancy,Wallace,Grn,32653,4,65573,26199,0,David,Harding,WCP,32654,5,71718,26294,0,2022-11-09T01:00:04.280Z,
1668117531,2022-11-10 15:58:51 -0600,1c08e93cde0f04dbf6224a108c01d78c31da0499,MD-20221108_Eday80,21,General,G,Active Tabulation,Called,G,Governor,Larry,Hogan,Hogan,GOP,29660,63859,25795,True,True,True,1652188,99,1526659,3525000,True,20221108MD22091,2022-11-08,MD,Dan,Cox,GOP,32111,1,64816,26152,0,Wes,Moore,Dem,32120,2,71129,26935,0,David,Lashar,Lib,32652,3,67841,26724,0,Nancy,Wallace,Grn,32653,4,65573,26199,0,David,Harding,WCP,32654,5,71718,26294,0,2022-11-09T01:00:04.280Z,
1668117571,2022-11-10 15:59:31 -0600,655cf5bc073626bd6e59a1a2d0738ff0dde2cded,MD-20221108_Eday80,21,General,G,Active Tabulation,Called,G,Governor,Larry,Hogan,Hogan,GOP,29660,63859,25795,True,True,True,1652188,99,1523926,3525000,True,20221108MD22091,2022-11-08,MD,Dan,Cox,GOP,32111,1,64816,26152,0,Wes,Moore,Dem,32120,2,71129,26935,0,David,Lashar,Lib,32652,3,67841,26724,0,Nancy,Wallace,Grn,32653,4,65573,26199,0,David,Harding,WCP,32654,5,71718,26294,0,2022-11-09T01:00:04.280Z,
1668117615,2022-11-10 16:00:15 -0600,10527f8af0f54e8b155b4afd47a17006ef6881a3,MD-20221108_Eday80,21,General,G,Active Tabulation,Called,G,Governor,Larry,Hogan,Hogan,GOP,29660,63859,25795,True,True,True,1652188,99,1526659,3525000,True,20221108MD22091,2022-11-08,MD,Dan,Cox,GOP,32111,1,64816,26152,0,Wes,Moore,Dem,32120,2,71129,26935,0,David,Lashar,Lib,32652,3,67841,26724,0,Nancy,Wallace,Grn,32653,4,65573,26199,0,David,Harding,WCP,32654,5,71718,26294,0,2022-11-09T01:00:04.280Z,
1668124902,2022-11-10 18:01:42 -0600,cd9cf8334d498df528100178658a6c7eec9ddfbd,MD-20221108_Eday80,21,General,G,Active Tabulation,Called,G,Governor,Larry,Hogan,Hogan,GOP,29660,63859,25795,True,True,True,1652188,99,1540298,3525000,True,20221108MD22091,2022-11-08,MD,Dan,Cox,GOP,32111,1,64816,26152,0,Wes,Moore,Dem,32120,2,71129,26935,0,David,Lashar,Lib,32652,3,67841,26724,0,Nancy,Wallace,Grn,32653,4,65573,26199,0,David,Harding,WCP,32654,5,71718,26294,0,2022-11-09T01:00:04.280Z,
1668127381,2022-11-10 18:43:01 -0600,b182a5668c827b72fb08fb561461b62fbce17670,MD-20221108_Eday80,21,General,G,Active Tabulation,Called,G,Governor,Larry,Hogan,Hogan,GOP,29660,63859,25795,True,True,True,1652188,99,1542254,3525000,True,20221108MD22091,2022-11-08,MD,Dan,Cox,GOP,32111,1,64816,26152,0,Wes,Moore,Dem,32120,2,71129,26935,0,David,Lashar,Lib,32652,3,67841,26724,0,Nancy,Wallace,Grn,32653,4,65573,26199,0,David,Harding,WCP,32654,5,71718,26294,0,2022-11-09T01:00:04.280Z,
1668128176,2022-11-10 18:56:16 -0600,fc18b90a8af15a7882b64d8fa0ebdbfbfda681b3,MD-20221108_Eday80,21,General,G,Active Tabulation,Called,G,Governor,Larry,Hogan,Hogan,GOP,29660,63859,25795,True,True,True,1652188,99,1544345,3525000,True,20221108MD22091,2022-11-08,MD,Dan,Cox,GOP,32111,1,64816,26152,0,Wes,Moore,Dem,32120,2,71129,26935,0,David,Lashar,Lib,32652,3,67841,26724,0,Nancy,Wallace,Grn,32653,4,65573,26199,0,David,Harding,WCP,32654,5,71718,26294,0,2022-11-09T01:00:04.280Z,
1668128217,2022-11-10 18:56:57 -0600,6db9a87bc6bfeb8582452ddad174f967a290d5f5,MD-20221108_Eday80,21,General,G,Active Tabulation,Called,G,Governor,Larry,Hogan,Hogan,GOP,29660,63859,25795,True,True,True,1652188,99,1542254,3525000,True,20221108MD22091,2022-11-08,MD,Dan,Cox,GOP,32111,1,64816,26152,0,Wes,Moore,Dem,32120,2,71129,26935,0,David,Lashar,Lib,32652,3,67841,26724,0,Nancy,Wallace,Grn,32653,4,65573,26199,0,David,Harding,WCP,32654,5,71718,26294,0,2022-11-09T01:00:04.280Z,
1668128258,2022-11-10 18:57:38 -0600,c52c5ecfae4f2bfec61e0c9cdb622262309f8f00,MD-20221108_Eday80,21,General,G,Active Tabulation,Called,G,Governor,Larry,Hogan,Hogan,GOP,29660,63859,25795,True,True,True,1652188,99,1544345,3525000,True,20221108MD22091,2022-11-08,MD,Dan,Cox,GOP,32111,1,64816,26152,0,Wes,Moore,Dem,32120,2,71129,26935,0,David,Lashar,Lib,32652,3,67841,26724,0,Nancy,Wallace,Grn,32653,4,65573,26199,0,David,Harding,WCP,32654,5,71718,26294,0,2022-11-09T01:00:04.280Z,
1668129055,2022-11-10 19:10:55 -0600,62db12d38e5166df0573c7409d27f5f292655690,MD-20221108_Eday80,21,General,G,Active Tabulation,Called,G,Governor,Larry,Hogan,Hogan,GOP,29660,63859,25795,True,True,True,1652188,99,1548314,3525000,True,20221108MD22091,2022-11-08,MD,Dan,Cox,GOP,32111,1,64816,26152,0,Wes,Moore,Dem,32120,2,71129,26935,0,David,Lashar,Lib,32652,3,67841,26724,0,Nancy,Wallace,Grn,32653,4,65573,26199,0,David,Harding,WCP,32654,5,71718,26294,0,2022-11-09T01:00:04.280Z,
1668134443,2022-11-10 20:40:43 -0600,d1c6734497708424174cb623efdea8411b93da40,MD-20221108_Eday80,21,General,G,Active Tabulation,Called,G,Governor,Larry,Hogan,Hogan,GOP,29660,63859,25795,True,True,True,1652188,99,1551236,3525000,True,20221108MD22091,2022-11-08,MD,Dan,Cox,GOP,32111,1,64816,26152,0,Wes,Moore,Dem,32120,2,71129,26935,0,David,Lashar,Lib,32652,3,67841,26724,0,Nancy,Wallace,Grn,32653,4,65573,26199,0,David,Harding,WCP,32654,5,71718,26294,0,2022-11-09T01:00:04.280Z,
1668135724,2022-11-10 21:02:04 -0600,197645184c2697b3eb3196f1e3931fcbafd328ca,MD-20221108_Eday80,21,General,G,Active Tabulation,Called,G,Governor,Larry,Hogan,Hogan,GOP,29660,63859,25795,True,True,True,1652188,99,1559616,3525000,True,20221108MD22091,2022-11-08,MD,Dan,Cox,GOP,32111,1,64816,26152,0,Wes,Moore,Dem,32120,2,71129,26935,0,David,Lashar,Lib,32652,3,67841,26724,0,Nancy,Wallace,Grn,32653,4,65573,26199,0,David,Harding,WCP,32654,5,71718,26294,0,2022-11-09T01:00:04.280Z,
1668138143,2022-11-10 21:42:23 -0600,0b8ab66c3de39a1feaf4f38372981d9086bf201f,MD-20221108_Eday80,21,General,G,Active Tabulation,Called,G,Governor,Larry,Hogan,Hogan,GOP,29660,63859,25795,True,True,True,1652188,99,1569380,3525000,True,20221108MD22091,2022-11-08,MD,Dan,Cox,GOP,32111,1,64816,26152,0,Wes,Moore,Dem,32120,2,71129,26935,0,David,Lashar,Lib,32652,3,67841,26724,0,Nancy,Wallace,Grn,32653,4,65573,26199,0,David,Harding,WCP,32654,5,71718,26294,0,2022-11-09T01:00:04.280Z,
1668140790,2022-11-10 22:26:30 -0600,232a32d7a776f13706bda47bf0f9cb526888d378,MD-20221108_Eday80,21,General,G,Active Tabulation,Called,G,Governor,Larry,Hogan,Hogan,GOP,29660,63859,25795,True,True,True,1652188,99,1579636,3525000,True,20221108MD22091,2022-11-08,MD,Dan,Cox,GOP,32111,1,64816,26152,0,Wes,Moore,Dem,32120,2,71129,26935,0,David,Lashar,Lib,32652,3,67841,26724,0,Nancy,Wallace,Grn,32653,4,65573,26199,0,David,Harding,WCP,32654,5,71718,26294,0,2022-11-09T01:00:04.280Z,
1668141601,2022-11-10 22:40:01 -0600,2bb39204055369c266225e6c33baa07cc98cbf33,MD-20221108_Eday80,21,General,G,Active Tabulation,Called,G,Governor,Larry,Hogan,Hogan,GOP,29660,63859,25795,True,True,True,1652188,99,1589944,3525000,True,20221108MD22091,2022-11-08,MD,Dan,Cox,GOP,32111,1,64816,26152,0,Wes,Moore,Dem,32120,2,71129,26935,0,David,Lashar,Lib,32652,3,67841,26724,0,Nancy,Wallace,Grn,32653,4,65573,26199,0,David,Harding,WCP,32654,5,71718,26294,0,2022-11-09T01:00:04.280Z,
1668176121,2022-11-11 08:15:21 -0600,e03799a74fc7c26348bc92419b8a252d9a0bd324,MD-20221108_Eday80,21,General,G,Active Tabulation,Called,G,Governor,Larry,Hogan,Hogan,GOP,29660,63859,25795,True,True,True,1652188,99,1617507,3525000,True,20221108MD22091,2022-11-08,MD,Dan,Cox,GOP,32111,1,64816,26152,0,Wes,Moore,Dem,32120,2,71129,26935,0,David,Lashar,Lib,32652,3,67841,26724,0,Nancy,Wallace,Grn,32653,4,65573,26199,0,David,Harding,WCP,32654,5,71718,26294,0,2022-11-09T01:00:04.280Z,
1668176920,2022-11-11 08:28:40 -0600,345a1e25c98552fd0b7376317bf492738e41a365,MD-20221108_Eday80,21,General,G,Active Tabulation,Called,G,Governor,Larry,Hogan,Hogan,GOP,29660,63859,25795,True,True,True,1652188,99,1620468,3525000,True,20221108MD22091,2022-11-08,MD,Dan,Cox,GOP,32111,1,64816,26152,0,Wes,Moore,Dem,32120,2,71129,26935,0,David,Lashar,Lib,32652,3,67841,26724,0,Nancy,Wallace,Grn,32653,4,65573,26199,0,David,Harding,WCP,32654,5,71718,26294,0,2022-11-09T01:00:04.280Z,
1668176960,2022-11-11 08:29:20 -0600,227c867d3d1f1157d004761a9174effff8674ed7,MD-20221108_Eday80,21,General,G,Active Tabulation,Called,G,Governor,Larry,Hogan,Hogan,GOP,29660,63859,25795,True,True,True,1652188,99,1617507,3525000,True,20221108MD22091,2022-11-08,MD,Dan,Cox,GOP,32111,1,64816,26152,0,Wes,Moore,Dem,32120,2,71129,26935,0,David,Lashar,Lib,32652,3,67841,26724,0,Nancy,Wallace,Grn,32653,4,65573,26199,0,David,Harding,WCP,32654,5,71718,26294,0,2022-11-09T01:00:04.280Z,
1668177001,2022-11-11 08:30:01 -0600,030fae4957320c1cafefe874a0d14f2121f955ee,MD-20221108_Eday80,21,General,G,Active Tabulation,Called,G,Governor,Larry,Hogan,Hogan,GOP,29660,63859,25795,True,True,True,1652188,99,1620468,3525000,True,20221108MD22091,2022-11-08,MD,Dan,Cox,GOP,32111,1,64816,26152,0,Wes,Moore,Dem,32120,2,71129,26935,0,David,Lashar,Lib,32652,3,67841,26724,0,Nancy,Wallace,Grn,32653,4,65573,26199,0,David,Harding,WCP,32654,5,71718,26294,0,2022-11-09T01:00:04.280Z,
1668179097,2022-11-11 09:04:57 -0600,bd1e540f4442511567113c812fdffd51c16354a0,MD-20221108_Eday80,21,General,G,Active Tabulation,Called,G,Governor,Larry,Hogan,Hogan,GOP,29660,63859,25795,True,True,True,1717958,99,1620468,3525000,True,20221108MD22091,2022-11-08,MD,Dan,Cox,GOP,32111,1,64816,26152,0,Wes,Moore,Dem,32120,2,71129,26935,0,David,Lashar,Lib,32652,3,67841,26724,0,Nancy,Wallace,Grn,32653,4,65573,26199,0,David,Harding,WCP,32654,5,71718,26294,0,2022-11-09T01:00:04.280Z,
1668179919,2022-11-11 09:18:39 -0600,8070217220270613f3c0eaea9d2a45f5a5ff02e7,MD-20221108_Eday80,21,General,G,Active Tabulation,Called,G,Governor,Larry,Hogan,Hogan,GOP,29660,63859,25795,True,True,True,1717958,99,1625546,3525000,True,20221108MD22091,2022-11-08,MD,Dan,Cox,GOP,32111,1,64816,26152,0,Wes,Moore,Dem,32120,2,71129,26935,0,David,Lashar,Lib,32652,3,67841,26724,0,Nancy,Wallace,Grn,32653,4,65573,26199,0,David,Harding,WCP,32654,5,71718,26294,0,2022-11-09T01:00:04.280Z,
1668180823,2022-11-11 09:33:43 -0600,ffdc566f0e4363ffe64e172fe1bd00c22340ee07,MD-20221108_Eday80,21,General,G,Active Tabulation,Called,G,Governor,Larry,Hogan,Hogan,GOP,29660,63859,25795,True,True,True,1717958,99,1629544,3525000,True,20221108MD22091,2022-11-08,MD,Dan,Cox,GOP,32111,1,64816,26152,0,Wes,Moore,Dem,32120,2,71129,26935,0,David,Lashar,Lib,32652,3,67841,26724,0,Nancy,Wallace,Grn,32653,4,65573,26199,0,David,Harding,WCP,32654,5,71718,26294,0,2022-11-09T01:00:04.280Z,
1668183352,2022-11-11 10:15:52 -0600,a2d8a11e3123c236f36f07b7b9fd7472f9dd28cd,MD-20221108_Eday80,21,General,G,Active Tabulation,Called,G,Governor,Larry,Hogan,Hogan,GOP,29660,63859,25795,True,True,True,1717958,99,1641086,3525000,True,20221108MD22091,2022-11-08,MD,Dan,Cox,GOP,32111,1,64816,26152,0,Wes,Moore,Dem,32120,2,71129,26935,0,David,Lashar,Lib,32652,3,67841,26724,0,Nancy,Wallace,Grn,32653,4,65573,26199,0,David,Harding,WCP,32654,5,71718,26294,0,2022-11-09T01:00:04.280Z,
1668194783,2022-11-11 13:26:23 -0600,6c0b4638d2b3dfd53bd5731d7a6d0cfe00253362,MD-20221108_Eday80,21,General,G,Active Tabulation,Called,G,Governor,Larry,Hogan,Hogan,GOP,29660,63859,25795,True,True,True,1717958,99,1647132,3525000,True,20221108MD22091,2022-11-08,MD,Dan,Cox,GOP,32111,1,64816,26152,0,Wes,Moore,Dem,32120,2,71129,26935,0,David,Lashar,Lib,32652,3,67841,26724,0,Nancy,Wallace,Grn,32653,4,65573,26199,0,David,Harding,WCP,32654,5,71718,26294,0,2022-11-09T01:00:04.280Z,
1668196500,2022-11-11 13:55:00 -0600,15d95db8854382ce1d0148d72a2a70b860006fb4,MD-20221108_Eday80,21,General,G,Active Tabulation,Called,G,Governor,Larry,Hogan,Hogan,GOP,29660,63859,25795,True,True,True,1717958,99,1648856,3525000,True,20221108MD22091,2022-11-08,MD,Dan,Cox,GOP,32111,1,64816,26152,0,Wes,Moore,Dem,32120,2,71129,26935,0,David,Lashar,Lib,32652,3,67841,26724,0,Nancy,Wallace,Grn,32653,4,65573,26199,0,David,Harding,WCP,32654,5,71718,26294,0,2022-11-09T01:00:04.280Z,
1668199020,2022-11-11 14:37:00 -0600,c73a5cc6526a11a42fcdddeb155cc4bb785ca4c1,MD-20221108_Eday80,21,General,G,Active Tabulation,Called,G,Governor,Larry,Hogan,Hogan,GOP,29660,63859,25795,True,True,True,1717958,99,1649191,3525000,True,20221108MD22091,2022-11-08,MD,Dan,Cox,GOP,32111,1,64816,26152,0,Wes,Moore,Dem,32120,2,71129,26935,0,David,Lashar,Lib,32652,3,67841,26724,0,Nancy,Wallace,Grn,32653,4,65573,26199,0,David,Harding,WCP,32654,5,71718,26294,0,2022-11-09T01:00:04.280Z,
1668210760,2022-11-11 17:52:40 -0600,36f765414e21e73e6c80817aea9c3cd4f8cbee35,MD-20221108_Eday80,21,General,G,Active Tabulation,Called,G,Governor,Larry,Hogan,Hogan,GOP,29660,63859,25795,True,True,True,1717958,99,1650740,3525000,True,20221108MD22091,2022-11-08,MD,Dan,Cox,GOP,32111,1,64816,26152,0,Wes,Moore,Dem,32120,2,71129,26935,0,David,Lashar,Lib,32652,3,67841,26724,0,Nancy,Wallace,Grn,32653,4,65573,26199,0,David,Harding,WCP,32654,5,71718,26294,0,2022-11-09T01:00:04.280Z,
1668212438,2022-11-11 18:20:38 -0600,625e97bee2b10ad35c621df6064230ee3bf2fbcb,MD-20221108_Eday80,21,General,G,Active Tabulation,Called,G,Governor,Larry,Hogan,Hogan,GOP,29660,63859,25795,True,True,True,1717958,99,1657225,3525000,True,20221108MD22091,2022-11-08,MD,Dan,Cox,GOP,32111,1,64816,26152,0,Wes,Moore,Dem,32120,2,71129,26935,0,David,Lashar,Lib,32652,3,67841,26724,0,Nancy,Wallace,Grn,32653,4,65573,26199,0,David,Harding,WCP,32654,5,71718,26294,0,2022-11-09T01:00:04.280Z,
1668218207,2022-11-11 19:56:47 -0600,548afc693f03434f4b83c09bbb9960c3abf3eeb8,MD-20221108_Eday80,21,General,G,Active Tabulation,Called,G,Governor,Larry,Hogan,Hogan,GOP,29660,63859,25795,True,True,True,1717958,99,1660419,3525000,True,20221108MD22091,2022-11-08,MD,Dan,Cox,GOP,32111,1,64816,26152,0,Wes,Moore,Dem,32120,2,71129,26935,0,David,Lashar,Lib,32652,3,67841,26724,0,Nancy,Wallace,Grn,32653,4,65573,26199,0,David,Harding,WCP,32654,5,71718,26294,0,2022-11-09T01:00:04.280Z,
1668218249,2022-11-11 19:57:29 -0600,993436df3810318b797d31b4f1acee9cebdf04fc,MD-20221108_Eday80,21,General,G,Active Tabulation,Called,G,Governor,Larry,Hogan,Hogan,GOP,29660,63859,25795,True,True,True,1717958,99,1657225,3525000,True,20221108MD22091,2022-11-08,MD,Dan,Cox,GOP,32111,1,64816,26152,0,Wes,Moore,Dem,32120,2,71129,26935,0,David,Lashar,Lib,32652,3,67841,26724,0,Nancy,Wallace,Grn,32653,4,65573,26199,0,David,Harding,WCP,32654,5,71718,26294,0,2022-11-09T01:00:04.280Z,
1668218288,2022-11-11 19:58:08 -0600,a2fd6f74973ec7433dd03467bc39b862f8bdd9e0,MD-20221108_Eday80,21,General,G,Active Tabulation,Called,G,Governor,Larry,Hogan,Hogan,GOP,29660,63859,25795,True,True,True,1717958,99,1660419,3525000,True,20221108MD22091,2022-11-08,MD,Dan,Cox,GOP,32111,1,64816,26152,0,Wes,Moore,Dem,32120,2,71129,26935,0,David,Lashar,Lib,32652,3,67841,26724,0,Nancy,Wallace,Grn,32653,4,65573,26199,0,David,Harding,WCP,32654,5,71718,26294,0,2022-11-09T01:00:04.280Z,
1668218370,2022-11-11 19:59:30 -0600,b07ba27decfa92ec1129a9a8daf4017107ecc503,MD-20221108_Eday80,21,General,G,Active Tabulation,Called,G,Governor,Larry,Hogan,Hogan,GOP,29660,63859,25795,True,True,True,1717958,99,1657225,3525000,True,20221108MD22091,2022-11-08,MD,Dan,Cox,GOP,32111,1,64816,26152,0,Wes,Moore,Dem,32120,2,71129,26935,0,David,Lashar,Lib,32652,3,67841,26724,0,Nancy,Wallace,Grn,32653,4,65573,26199,0,David,Harding,WCP,32654,5,71718,26294,0,2022-11-09T01:00:04.280Z,
1668218411,2022-11-11 20:00:11 -0600,13ba46b51b0e4df2abfd06950885b7579bbe9356,MD-20221108_Eday80,21,General,G,Active Tabulation,Called,G,Governor,Larry,Hogan,Hogan,GOP,29660,63859,25795,True,True,True,1717958,99,1660419,3525000,True,20221108MD22091,2022-11-08,MD,Dan,Cox,GOP,32111,1,64816,26152,0,Wes,Moore,Dem,32120,2,71129,26935,0,David,Lashar,Lib,32652,3,67841,26724,0,Nancy,Wallace,Grn,32653,4,65573,26199,0,David,Harding,WCP,32654,5,71718,26294,0,2022-11-09T01:00:04.280Z,
1668267658,2022-11-12 09:40:58 -0600,4aaccaa358c7a33c8d4c2b8105ce04b99b01107a,MD-20221108_Eday80,21,General,G,Active Tabulation,Called,G,Governor,Larry,Hogan,Hogan,GOP,29660,63859,25795,True,True,True,1717958,99,1678012,3525000,True,20221108MD22091,2022-11-08,MD,Dan,Cox,GOP,32111,1,64816,26152,0,Wes,Moore,Dem,32120,2,71129,26935,0,David,Lashar,Lib,32652,3,67841,26724,0,Nancy,Wallace,Grn,32653,4,65573,26199,0,David,Harding,WCP,32654,5,71718,26294,0,2022-11-09T01:00:04.280Z,
1668268539,2022-11-12 09:55:39 -0600,496b9adbaffea2b3e67e83efa5456448172a8b41,MD-20221108_Eday80,21,General,G,Active Tabulation,Called,G,Governor,Larry,Hogan,Hogan,GOP,29660,63859,25795,True,True,True,1717958,99,1684165,3525000,True,20221108MD22091,2022-11-08,MD,Dan,Cox,GOP,32111,1,64816,26152,0,Wes,Moore,Dem,32120,2,71129,26935,0,David,Lashar,Lib,32652,3,67841,26724,0,Nancy,Wallace,Grn,32653,4,65573,26199,0,David,Harding,WCP,32654,5,71718,26294,0,2022-11-09T01:00:04.280Z,
1668305822,2022-11-12 20:17:02 -0600,4311d6e19846c429268af793a5e18977947409a0,MD-20221108_Eday80,21,General,G,Active Tabulation,Called,G,Governor,Larry,Hogan,Hogan,GOP,29660,63859,25795,True,True,True,1717958,99,1685820,3525000,True,20221108MD22091,2022-11-08,MD,Dan,Cox,GOP,32111,1,64816,26152,0,Wes,Moore,Dem,32120,2,71129,26935,0,David,Lashar,Lib,32652,3,67841,26724,0,Nancy,Wallace,Grn,32653,4,65573,26199,0,David,Harding,WCP,32654,5,71718,26294,0,2022-11-09T01:00:04.280Z,
1668306815,2022-11-12 20:33:35 -0600,b4912b1ecfcf3cbbf6368e4d93a3d2838857a1cf,MD-20221108_Eday80,21,General,G,Active Tabulation,Called,G,Governor,Larry,Hogan,Hogan,GOP,29660,63859,25795,True,True,True,1717958,99,1688209,3525000,True,20221108MD22091,2022-11-08,MD,Dan,Cox,GOP,32111,1,64816,26152,0,Wes,Moore,Dem,32120,2,71129,26935,0,David,Lashar,Lib,32652,3,67841,26724,0,Nancy,Wallace,Grn,32653,4,65573,26199,0,David,Harding,WCP,32654,5,71718,26294,0,2022-11-09T01:00:04.280Z,
1668308521,2022-11-12 21:02:01 -0600,3ad198d5c2bb9ada5469a2acc050587e88ac2dbb,MD-20221108_Eday80,21,General,G,Active Tabulation,Called,G,Governor,Larry,Hogan,Hogan,GOP,29660,63859,25795,True,True,True,1717958,99,1710717,3525000,True,20221108MD22091,2022-11-08,MD,Dan,Cox,GOP,32111,1,64816,26152,0,Wes,Moore,Dem,32120,2,71129,26935,0,David,Lashar,Lib,32652,3,67841,26724,0,Nancy,Wallace,Grn,32653,4,65573,26199,0,David,Harding,WCP,32654,5,71718,26294,0,2022-11-09T01:00:04.280Z,
1668352281,2022-11-13 09:11:21 -0600,da944f9c48ecb6aaa92233ed29a74c8aae4b31a9,MD-20221108_Eday80,21,General,G,Active Tabulation,Called,G,Governor,Larry,Hogan,Hogan,GOP,29660,63859,25795,True,True,True,1717958,99,1719987,3525000,True,20221108MD22091,2022-11-08,MD,Dan,Cox,GOP,32111,1,64816,26152,0,Wes,Moore,Dem,32120,2,71129,26935,0,David,Lashar,Lib,32652,3,67841,26724,0,Nancy,Wallace,Grn,32653,4,65573,26199,0,David,Harding,WCP,32654,5,71718,26294,0,2022-11-09T01:00:04.280Z,
1668468566,2022-11-14 17:29:26 -0600,e6467c28b58c8d4a9942b4aa665fd6d9c3896b4b,MD-20221108_Eday80,21,General,G,Active Tabulation,Called,G,Governor,Larry,Hogan,Hogan,GOP,29660,63859,25795,True,True,True,1857728,99,1719987,3525000,True,20221108MD22091,2022-11-08,MD,Dan,Cox,GOP,32111,1,64816,26152,0,Wes,Moore,Dem,32120,2,71129,26935,0,David,Lashar,Lib,32652,3,67841,26724,0,Nancy,Wallace,Grn,32653,4,65573,26199,0,David,Harding,WCP,32654,5,71718,26294,0,2022-11-09T01:00:04.280Z,
1668476539,2022-11-14 19:42:19 -0600,4a5ca76f3b874d6a8daea85df17d616bc0899f81,MD-20221108_Eday80,21,General,G,Active Tabulation,Called,G,Governor,Larry,Hogan,Hogan,GOP,29660,63859,25795,True,True,True,1857728,99,1723855,3525000,True,20221108MD22091,2022-11-08,MD,Dan,Cox,GOP,32111,1,64816,26152,0,Wes,Moore,Dem,32120,2,71129,26935,0,David,Lashar,Lib,32652,3,67841,26724,0,Nancy,Wallace,Grn,32653,4,65573,26199,0,David,Harding,WCP,32654,5,71718,26294,0,2022-11-09T01:00:04.280Z,
1668477023,2022-11-14 19:50:23 -0600,ec64fa67d502cdd4f2594911e28220ae11a48955,MD-20221108_Eday80,21,General,G,Active Tabulation,Called,G,Governor,Larry,Hogan,Hogan,GOP,29660,63859,25795,True,True,True,1857728,99,1734373,3525000,True,20221108MD22091,2022-11-08,MD,Dan,Cox,GOP,32111,1,64816,26152,0,Wes,Moore,Dem,32120,2,71129,26935,0,David,Lashar,Lib,32652,3,67841,26724,0,Nancy,Wallace,Grn,32653,4,65573,26199,0,David,Harding,WCP,32654,5,71718,26294,0,2022-11-09T01:00:04.280Z,
1668482969,2022-11-14 21:29:29 -0600,df67f84fbb8481b38079a90257589b8024fa0616,MD-20221108_Eday80,21,General,G,Active Tabulation,Called,G,Governor,Larry,Hogan,Hogan,GOP,29660,63859,25795,True,True,True,1857728,99,1737242,3525000,True,20221108MD22091,2022-11-08,MD,Dan,Cox,GOP,32111,1,64816,26152,0,Wes,Moore,Dem,32120,2,71129,26935,0,David,Lashar,Lib,32652,3,67841,26724,0,Nancy,Wallace,Grn,32653,4,65573,26199,0,David,Harding,WCP,32654,5,71718,26294,0,2022-11-09T01:00:04.280Z,
1668484284,2022-11-14 21:51:24 -0600,f30f135a7535df3d58d385a79f5f29734061dc32,MD-20221108_Eday80,21,General,G,Active Tabulation,Called,G,Governor,Larry,Hogan,Hogan,GOP,29660,63859,25795,True,True,True,1857728,99,1742019,3525000,True,20221108MD22091,2022-11-08,MD,Dan,Cox,GOP,32111,1,64816,26152,0,Wes,Moore,Dem,32120,2,71129,26935,0,David,Lashar,Lib,32652,3,67841,26724,0,Nancy,Wallace,Grn,32653,4,65573,26199,0,David,Harding,WCP,32654,5,71718,26294,0,2022-11-09T01:00:04.280Z,
1668529165,2022-11-15 10:19:25 -0600,d751d11e49864c685cc7e0d33c2e87e7522f4e8b,MD-20221108_Eday80,21,General,G,Active Tabulation,Called,G,Governor,Larry,Hogan,Hogan,GOP,29660,63859,25795,True,True,True,1857728,99,1743978,3525000,True,20221108MD22091,2022-11-08,MD,Dan,Cox,GOP,32111,1,64816,26152,0,Wes,Moore,Dem,32120,2,71129,26935,0,David,Lashar,Lib,32652,3,67841,26724,0,Nancy,Wallace,Grn,32653,4,65573,26199,0,David,Harding,WCP,32654,5,71718,26294,0,2022-11-09T01:00:04.280Z,
1668542665,2022-11-15 14:04:25 -0600,1ad924ab625b52d95019da16ea413613a4f29007,MD-20221108_Eday80,21,General,G,Active Tabulation,Called,G,Governor,Larry,Hogan,Hogan,GOP,29660,63859,25795,True,True,True,1857728,99,1749849,3525000,True,20221108MD22091,2022-11-08,MD,Dan,Cox,GOP,32111,1,64816,26152,0,Wes,Moore,Dem,32120,2,71129,26935,0,David,Lashar,Lib,32652,3,67841,26724,0,Nancy,Wallace,Grn,32653,4,65573,26199,0,David,Harding,WCP,32654,5,71718,26294,0,2022-11-09T01:00:04.280Z,
1668562679,2022-11-15 19:37:59 -0600,fa54ca2d5d6a114bf127ecbaf8e6de15208c6be1,MD-20221108_Eday80,21,General,G,Active Tabulation,Called,G,Governor,Larry,Hogan,Hogan,GOP,29660,63859,25795,True,True,True,1857728,99,1754416,3525000,True,20221108MD22091,2022-11-08,MD,Dan,Cox,GOP,32111,1,64816,26152,0,Wes,Moore,Dem,32120,2,71129,26935,0,David,Lashar,Lib,32652,3,67841,26724,0,Nancy,Wallace,Grn,32653,4,65573,26199,0,David,Harding,WCP,32654,5,71718,26294,0,2022-11-09T01:00:04.280Z,
1668570448,2022-11-15 21:47:28 -0600,3fb2ac8a8c20d8f519620e0b654782db27fdb187,MD-20221108_Eday80,21,General,G,Active Tabulation,Called,G,Governor,Larry,Hogan,Hogan,GOP,29660,63859,25795,True,True,True,1857728,99,1758647,3525000,True,20221108MD22091,2022-11-08,MD,Dan,Cox,GOP,32111,1,64816,26152,0,Wes,Moore,Dem,32120,2,71129,26935,0,David,Lashar,Lib,32652,3,67841,26724,0,Nancy,Wallace,Grn,32653,4,65573,26199,0,David,Harding,WCP,32654,5,71718,26294,0,2022-11-09T01:00:04.280Z,
1668607683,2022-11-16 08:08:03 -0600,dd80436220d62473958fc3a3ef664bd437f0fffb,MD-20221108_Eday80,21,General,G,Active Tabulation,Called,G,Governor,Larry,Hogan,Hogan,GOP,29660,63859,25795,True,True,True,1857728,99,1766975,3525000,True,20221108MD22091,2022-11-08,MD,Dan,Cox,GOP,32111,1,64816,26152,0,Wes,Moore,Dem,32120,2,71129,26935,0,David,Lashar,Lib,32652,3,67841,26724,0,Nancy,Wallace,Grn,32653,4,65573,26199,0,David,Harding,WCP,32654,5,71718,26294,0,2022-11-09T01:00:04.280Z,
1668608145,2022-11-16 08:15:45 -0600,498e572605b0bca52238be7abaa91eef8947a2f0,MD-20221108_Eday80,21,General,G,Active Tabulation,Called,G,Governor,Larry,Hogan,Hogan,GOP,29660,63859,25795,True,True,True,1857728,99,1780197,3525000,True,20221108MD22091,2022-11-08,MD,Dan,Cox,GOP,32111,1,64816,26152,0,Wes,Moore,Dem,32120,2,71129,26935,0,David,Lashar,Lib,32652,3,67841,26724,0,Nancy,Wallace,Grn,32653,4,65573,26199,0,David,Harding,WCP,32654,5,71718,26294,0,2022-11-09T01:00:04.280Z,
1668620724,2022-11-16 11:45:24 -0600,92b1cd4730902ac20054cff27f99363d2dd9bb14,MD-20221108_Eday80,21,General,G,Active Tabulation,Called,G,Governor,Larry,Hogan,Hogan,GOP,29660,63859,25795,True,True,True,1857728,99,1780451,3525000,True,20221108MD22091,2022-11-08,MD,Dan,Cox,GOP,32111,1,64816,26152,0,Wes,Moore,Dem,32120,2,71129,26935,0,David,Lashar,Lib,32652,3,67841,26724,0,Nancy,Wallace,Grn,32653,4,65573,26199,0,David,Harding,WCP,32654,5,71718,26294,0,2022-11-09T01:00:04.280Z,
1668629127,2022-11-16 14:05:27 -0600,c7798a5744de61dfccfbe57266ce954eb2ee9f43,MD-20221108_Eday80,21,General,G,Active Tabulation,Called,G,Governor,Larry,Hogan,Hogan,GOP,29660,63859,25795,True,True,True,1857728,99,1781050,3525000,True,20221108MD22091,2022-11-08,MD,Dan,Cox,GOP,32111,1,64816,26152,0,Wes,Moore,Dem,32120,2,71129,26935,0,David,Lashar,Lib,32652,3,67841,26724,0,Nancy,Wallace,Grn,32653,4,65573,26199,0,David,Harding,WCP,32654,5,71718,26294,0,2022-11-09T01:00:04.280Z,
1668633290,2022-11-16 15:14:50 -0600,f9b814ab291b6b44f89f49a5ffcc3c3d57248078,MD-20221108_Eday80,21,General,G,Active Tabulation,Called,G,Governor,Larry,Hogan,Hogan,GOP,29660,63859,25795,True,True,True,1857728,99,1782345,3525000,True,20221108MD22091,2022-11-08,MD,Dan,Cox,GOP,32111,1,64816,26152,0,Wes,Moore,Dem,32120,2,71129,26935,0,David,Lashar,Lib,32652,3,67841,26724,0,Nancy,Wallace,Grn,32653,4,65573,26199,0,David,Harding,WCP,32654,5,71718,26294,0,2022-11-09T01:00:04.280Z,
1668634494,2022-11-16 15:34:54 -0600,e3bd1b478980561ea4f00a8280d192e8d2cb8bb6,MD-20221108_Eday80,21,General,G,Active Tabulation,Called,G,Governor,Larry,Hogan,Hogan,GOP,29660,63859,25795,True,True,True,1857728,99,1782866,3525000,True,20221108MD22091,2022-11-08,MD,Dan,Cox,GOP,32111,1,64816,26152,0,Wes,Moore,Dem,32120,2,71129,26935,0,David,Lashar,Lib,32652,3,67841,26724,0,Nancy,Wallace,Grn,32653,4,65573,26199,0,David,Harding,WCP,32654,5,71718,26294,0,2022-11-09T01:00:04.280Z,
1668635803,2022-11-16 15:56:43 -0600,abc384f053557dae39bb84b03675ec9a482f9636,MD-20221108_Eday80,21,General,G,Active Tabulation,Called,G,Governor,Larry,Hogan,Hogan,GOP,29660,63859,25795,True,True,True,1857728,99,1792624,3525000,True,20221108MD22091,2022-11-08,MD,Dan,Cox,GOP,32111,1,64816,26152,0,Wes,Moore,Dem,32120,2,71129,26935,0,David,Lashar,Lib,32652,3,67841,26724,0,Nancy,Wallace,Grn,32653,4,65573,26199,0,David,Harding,WCP,32654,5,71718,26294,0,2022-11-09T01:00:04.280Z,
1668640847,2022-11-16 17:20:47 -0600,eb29e07ec87174ad7ab21353f469791be2fcc499,MD-20221108_Eday80,21,General,G,Active Tabulation,Called,G,Governor,Larry,Hogan,Hogan,GOP,29660,63859,25795,True,True,True,1857728,99,1793333,3525000,True,20221108MD22091,2022-11-08,MD,Dan,Cox,GOP,32111,1,64816,26152,0,Wes,Moore,Dem,32120,2,71129,26935,0,David,Lashar,Lib,32652,3,67841,26724,0,Nancy,Wallace,Grn,32653,4,65573,26199,0,David,Harding,WCP,32654,5,71718,26294,0,2022-11-09T01:00:04.280Z,
1668641437,2022-11-16 17:30:37 -0600,79658784851dc0b6ba49fe8f6c56536ef14543a8,MD-20221108_Eday80,21,General,G,Active Tabulation,Called,G,Governor,Larry,Hogan,Hogan,GOP,29660,63859,25795,True,True,True,1857728,99,1795202,3525000,True,20221108MD22091,2022-11-08,MD,Dan,Cox,GOP,32111,1,64816,26152,0,Wes,Moore,Dem,32120,2,71129,26935,0,David,Lashar,Lib,32652,3,67841,26724,0,Nancy,Wallace,Grn,32653,4,65573,26199,0,David,Harding,WCP,32654,5,71718,26294,0,2022-11-09T01:00:04.280Z,
1668644553,2022-11-16 18:22:33 -0600,5f04d7939da2fb6958421d91e34f318b7e2d6681,MD-20221108_Eday80,21,General,G,Active Tabulation,Called,G,Governor,Larry,Hogan,Hogan,GOP,29660,63859,25795,True,True,True,1857728,99,1805210,3525000,True,20221108MD22091,2022-11-08,MD,Dan,Cox,GOP,32111,1,64816,26152,0,Wes,Moore,Dem,32120,2,71129,26935,0,David,Lashar,Lib,32652,3,67841,26724,0,Nancy,Wallace,Grn,32653,4,65573,26199,0,David,Harding,WCP,32654,5,71718,26294,0,2022-11-09T01:00:04.280Z,
1668645680,2022-11-16 18:41:20 -0600,80fec43426473013fe55247bef881dd60708bdd4,MD-20221108_Eday80,21,General,G,Active Tabulation,Called,G,Governor,Larry,Hogan,Hogan,GOP,29660,63859,25795,True,True,True,1857728,99,1806842,3525000,True,20221108MD22091,2022-11-08,MD,Dan,Cox,GOP,32111,1,64816,26152,0,Wes,Moore,Dem,32120,2,71129,26935,0,David,Lashar,Lib,32652,3,67841,26724,0,Nancy,Wallace,Grn,32653,4,65573,26199,0,David,Harding,WCP,32654,5,71718,26294,0,2022-11-09T01:00:04.280Z,
1668647423,2022-11-16 19:10:23 -0600,0387872b73f177da4d9090cd010d209861b08374,MD-20221108_Eday80,21,General,G,Active Tabulation,Called,G,Governor,Larry,Hogan,Hogan,GOP,29660,63859,25795,True,True,True,1857728,99,1808630,3525000,True,20221108MD22091,2022-11-08,MD,Dan,Cox,GOP,32111,1,64816,26152,0,Wes,Moore,Dem,32120,2,71129,26935,0,David,Lashar,Lib,32652,3,67841,26724,0,Nancy,Wallace,Grn,32653,4,65573,26199,0,David,Harding,WCP,32654,5,71718,26294,0,2022-11-09T01:00:04.280Z,
1668650666,2022-11-16 20:04:26 -0600,343da4a20f741a18f0399da1e4316e4d3e8f324f,MD-20221108_Eday80,21,General,G,Gathering Certified Results,Called,G,Governor,Larry,Hogan,Hogan,GOP,29660,63859,25795,True,True,True,1857728,99,1809109,3525000,True,20221108MD22091,2022-11-08,MD,Dan,Cox,GOP,32111,1,64816,26152,0,Wes,Moore,Dem,32120,2,71129,26935,0,David,Lashar,Lib,32652,3,67841,26724,0,Nancy,Wallace,Grn,32653,4,65573,26199,0,David,Harding,WCP,32654,5,71718,26294,0,2022-11-09T01:00:04.280Z,
1668654261,2022-11-16 21:04:21 -0600,c19a10d655eae0c7866346c558937b12f325c918,MD-20221108_Eday80,21,General,G,Gathering Certified Results,Called,G,Governor,Larry,Hogan,Hogan,GOP,29660,63859,25795,True,True,True,1857728,99,1817423,3525000,True,20221108MD22091,2022-11-08,MD,Dan,Cox,GOP,32111,1,64816,26152,0,Wes,Moore,Dem,32120,2,71129,26935,0,David,Lashar,Lib,32652,3,67841,26724,0,Nancy,Wallace,Grn,32653,4,65573,26199,0,David,Harding,WCP,32654,5,71718,26294,0,2022-11-09T01:00:04.280Z,
1668656361,2022-11-16 21:39:21 -0600,1047e25b553d83b1dd4e32f8e13a7b1d612d9447,MD-20221108_Eday80,21,General,G,Gathering Certified Results,Called,G,Governor,Larry,Hogan,Hogan,GOP,29660,63859,25795,True,True,True,1857728,99,1819915,3525000,True,20221108MD22091,2022-11-08,MD,Dan,Cox,GOP,32111,1,64816,26152,0,Wes,Moore,Dem,32120,2,71129,26935,0,David,Lashar,Lib,32652,3,67841,26724,0,Nancy,Wallace,Grn,32653,4,65573,26199,0,David,Harding,WCP,32654,5,71718,26294,0,2022-11-09T01:00:04.280Z,
1668687409,2022-11-17 06:16:49 -0600,aee25c99f22c92631ece987ec81f838a9273a388,MD-20221108_Eday80,21,General,G,Gathering Certified Results,Called,G,Governor,Larry,Hogan,Hogan,GOP,29660,63859,25795,True,True,True,1857728,99,1821942,3525000,True,20221108MD22091,2022-11-08,MD,Dan,Cox,GOP,32111,1,64816,26152,0,Wes,Moore,Dem,32120,2,71129,26935,0,David,Lashar,Lib,32652,3,67841,26724,0,Nancy,Wallace,Grn,32653,4,65573,26199,0,David,Harding,WCP,32654,5,71718,26294,0,2022-11-09T01:00:04.280Z,
1668692728,2022-11-17 07:45:28 -0600,0307e1cf6e216d824d7f4e47cfef8c1fa09d279a,MD-20221108_Eday80,21,General,G,Gathering Certified Results,Called,G,Governor,Larry,Hogan,Hogan,GOP,29660,63859,25795,True,True,True,1857728,99,1835455,3525000,True,20221108MD22091,2022-11-08,MD,Dan,Cox,GOP,32111,1,64816,26152,0,Wes,Moore,Dem,32120,2,71129,26935,0,David,Lashar,Lib,32652,3,67841,26724,0,Nancy,Wallace,Grn,32653,4,65573,26199,0,David,Harding,WCP,32654,5,71718,26294,0,2022-11-09T01:00:04.280Z,
1668693622,2022-11-17 08:00:22 -0600,62f2ed0fcdb3a5e07f3120fb5bbf60db19e0e2ee,MD-20221108_Eday80,21,General,G,Gathering Certified Results,Called,G,Governor,Larry,Hogan,Hogan,GOP,29660,63859,25795,True,True,True,1857728,99,1835552,3525000,True,20221108MD22091,2022-11-08,MD,Dan,Cox,GOP,32111,1,64816,26152,0,Wes,Moore,Dem,32120,2,71129,26935,0,David,Lashar,Lib,32652,3,67841,26724,0,Nancy,Wallace,Grn,32653,4,65573,26199,0,David,Harding,WCP,32654,5,71718,26294,0,2022-11-09T01:00:04.280Z,
1668701125,2022-11-17 10:05:25 -0600,4572fde5f7d522c847d438e4a3177a4a08f474c7,MD-20221108_Eday80,21,General,G,Gathering Certified Results,Called,G,Governor,Larry,Hogan,Hogan,GOP,29660,63859,25795,True,True,True,1857728,99,1865227,3525000,True,20221108MD22091,2022-11-08,MD,Dan,Cox,GOP,32111,1,64816,26152,0,Wes,Moore,Dem,32120,2,71129,26935,0,David,Lashar,Lib,32652,3,67841,26724,0,Nancy,Wallace,Grn,32653,4,65573,26199,0,David,Harding,WCP,32654,5,71718,26294,0,2022-11-09T01:00:04.280Z,
1668703666,2022-11-17 10:47:46 -0600,05ad5371f56faa6734ebbc5e0b50b1b5886b036c,MD-20221108_Eday80,21,General,G,Gathering Certified Results,Called,G,Governor,Larry,Hogan,Hogan,GOP,29660,63859,25795,True,True,True,1984284,99,1865227,3525000,True,20221108MD22091,2022-11-08,MD,Dan,Cox,GOP,32111,1,64816,26152,0,Wes,Moore,Dem,32120,2,71129,26935,0,David,Lashar,Lib,32652,3,67841,26724,0,Nancy,Wallace,Grn,32653,4,65573,26199,0,David,Harding,WCP,32654,5,71718,26294,0,2022-11-09T01:00:04.280Z,
1668721636,2022-11-17 15:47:16 -0600,f413c9085f5c09e9c4d7787fef411a4eb2ad11b0,MD-20221108_Eday80,21,General,G,Gathering Certified Results,Called,G,Governor,Larry,Hogan,Hogan,GOP,29660,63859,25795,True,True,True,1984284,99,1868630,3525000,True,20221108MD22091,2022-11-08,MD,Dan,Cox,GOP,32111,1,64816,26152,0,Wes,Moore,Dem,32120,2,71129,26935,0,David,Lashar,Lib,32652,3,67841,26724,0,Nancy,Wallace,Grn,32653,4,65573,26199,0,David,Harding,WCP,32654,5,71718,26294,0,2022-11-09T01:00:04.280Z,
1668735559,2022-11-17 19:39:19 -0600,fcc95a0cd263e3d3d978490bd9f854ab79207d2e,MD-20221108_Eday80,21,General,G,Gathering Certified Results,Called,G,Governor,Larry,Hogan,Hogan,GOP,29660,63859,25795,True,True,True,1984284,99,1869810,3525000,True,20221108MD22091,2022-11-08,MD,Dan,Cox,GOP,32111,1,64816,26152,0,Wes,Moore,Dem,32120,2,71129,26935,0,David,Lashar,Lib,32652,3,67841,26724,0,Nancy,Wallace,Grn,32653,4,65573,26199,0,David,Harding,WCP,32654,5,71718,26294,0,2022-11-09T01:00:04.280Z,
1668736948,2022-11-17 20:02:28 -0600,3aa2b2e72eef23dbb252c082dca6a7a075ca40d1,MD-20221108_Eday80,21,General,G,Gathering Certified Results,Called,G,Governor,Larry,Hogan,Hogan,GOP,29660,63859,25795,True,True,True,1984284,99,1871592,3525000,True,20221108MD22091,2022-11-08,MD,Dan,Cox,GOP,32111,1,64816,26152,0,Wes,Moore,Dem,32120,2,71129,26935,0,David,Lashar,Lib,32652,3,67841,26724,0,Nancy,Wallace,Grn,32653,4,65573,26199,0,David,Harding,WCP,32654,5,71718,26294,0,2022-11-09T01:00:04.280Z,
1668738740,2022-11-17 20:32:20 -0600,301b25a0a1b52ed06c2df7e49303ccfaf62535b0,MD-20221108_Eday80,21,General,G,Gathering Certified Results,Called,G,Governor,Larry,Hogan,Hogan,GOP,29660,63859,25795,True,True,True,1984284,99,1893351,3525000,True,20221108MD22091,2022-11-08,MD,Dan,Cox,GOP,32111,1,64816,26152,0,Wes,Moore,Dem,32120,2,71129,26935,0,David,Lashar,Lib,32652,3,67841,26724,0,Nancy,Wallace,Grn,32653,4,65573,26199,0,David,Harding,WCP,32654,5,71718,26294,0,2022-11-09T01:00:04.280Z,
1668790112,2022-11-18 10:48:32 -0600,cedd7f1773fe7c1bbbadb03d9fcdb3be6ac65bfc,MD-20221108_Eday80,21,General,G,Gathering Certified Results,Called,G,Governor,Larry,Hogan,Hogan,GOP,29660,63859,25795,True,True,True,1984284,99,1896516,3525000,True,20221108MD22091,2022-11-08,MD,Dan,Cox,GOP,32111,1,64816,26152,0,Wes,Moore,Dem,32120,2,71129,26935,0,David,Lashar,Lib,32652,3,67841,26724,0,Nancy,Wallace,Grn,32653,4,65573,26199,0,David,Harding,WCP,32654,5,71718,26294,0,2022-11-09T01:00:04.280Z,
1668794767,2022-11-18 12:06:07 -0600,45db3f39ced2ced165f08290080ff994c6100fb4,MD-20221108_Eday80,21,General,G,Gathering Certified Results,Called,G,Governor,Larry,Hogan,Hogan,GOP,29660,63859,25795,True,True,True,1984284,99,1897426,3525000,True,20221108MD22091,2022-11-08,MD,Dan,Cox,GOP,32111,1,64816,26152,0,Wes,Moore,Dem,32120,2,71129,26935,0,David,Lashar,Lib,32652,3,67841,26724,0,Nancy,Wallace,Grn,32653,4,65573,26199,0,David,Harding,WCP,32654,5,71718,26294,0,2022-11-09T01:00:04.280Z,
1668795927,2022-11-18 12:25:27 -0600,268d9b7ed9f2ee96462c838e22161d249ab821dd,MD-20221108_Eday80,21,General,G,Gathering Certified Results,Called,G,Governor,Larry,Hogan,Hogan,GOP,29660,63859,25795,True,True,True,1984284,99,1897591,3525000,True,20221108MD22091,2022-11-08,MD,Dan,Cox,GOP,32111,1,64816,26152,0,Wes,Moore,Dem,32120,2,71129,26935,0,David,Lashar,Lib,32652,3,67841,26724,0,Nancy,Wallace,Grn,32653,4,65573,26199,0,David,Harding,WCP,32654,5,71718,26294,0,2022-11-09T01:00:04.280Z,
1668796373,2022-11-18 12:32:53 -0600,e15556f772a40d07ddbb6479bc6bbb6bf8fabf31,MD-20221108_Eday80,21,General,G,Gathering Certified Results,Called,G,Governor,Larry,Hogan,Hogan,GOP,29660,63859,25795,True,True,True,1984284,99,1897648,3525000,True,20221108MD22091,2022-11-08,MD,Dan,Cox,GOP,32111,1,64816,26152,0,Wes,Moore,Dem,32120,2,71129,26935,0,David,Lashar,Lib,32652,3,67841,26724,0,Nancy,Wallace,Grn,32653,4,65573,26199,0,David,Harding,WCP,32654,5,71718,26294,0,2022-11-09T01:00:04.280Z,
1668798226,2022-11-18 13:03:46 -0600,ac4e27c7d3b733fec5fbba8bf0ac250ea51d55d4,MD-20221108_Eday80,21,General,G,Gathering Certified Results,Called,G,Governor,Larry,Hogan,Hogan,GOP,29660,63859,25795,True,True,True,1984284,99,1897893,3525000,True,20221108MD22091,2022-11-08,MD,Dan,Cox,GOP,32111,1,64816,26152,0,Wes,Moore,Dem,32120,2,71129,26935,0,David,Lashar,Lib,32652,3,67841,26724,0,Nancy,Wallace,Grn,32653,4,65573,26199,0,David,Harding,WCP,32654,5,71718,26294,0,2022-11-09T01:00:04.280Z,
1668804223,2022-11-18 14:43:43 -0600,937363d07090ea7f18204aaf299d8c71011e86e0,MD-20221108_Eday80,21,General,G,Gathering Certified Results,Called,G,Governor,Larry,Hogan,Hogan,GOP,29660,63859,25795,True,True,True,1984284,99,1905028,3525000,True,20221108MD22091,2022-11-08,MD,Dan,Cox,GOP,32111,1,64816,26152,0,Wes,Moore,Dem,32120,2,71129,26935,0,David,Lashar,Lib,32652,3,67841,26724,0,Nancy,Wallace,Grn,32653,4,65573,26199,0,David,Harding,WCP,32654,5,71718,26294,0,2022-11-09T01:00:04.280Z,
1668805107,2022-11-18 14:58:27 -0600,9274a9f826d14601e733fccbb531eac6dc9d46ae,MD-20221108_Eday80,21,General,G,Gathering Certified Results,Called,G,Governor,Larry,Hogan,Hogan,GOP,29660,63859,25795,True,True,True,1984284,99,1905736,3525000,True,20221108MD22091,2022-11-08,MD,Dan,Cox,GOP,32111,1,64816,26152,0,Wes,Moore,Dem,32120,2,71129,26935,0,David,Lashar,Lib,32652,3,67841,26724,0,Nancy,Wallace,Grn,32653,4,65573,26199,0,David,Harding,WCP,32654,5,71718,26294,0,2022-11-09T01:00:04.280Z,
1668806297,2022-11-18 15:18:17 -0600,816a18446c1c30e609edcad70870ad4ad0429702,MD-20221108_Eday80,21,General,G,Gathering Certified Results,Called,G,Governor,Larry,Hogan,Hogan,GOP,29660,63859,25795,True,True,True,1984284,99,1906253,3525000,True,20221108MD22091,2022-11-08,MD,Dan,Cox,GOP,32111,1,64816,26152,0,Wes,Moore,Dem,32120,2,71129,26935,0,David,Lashar,Lib,32652,3,67841,26724,0,Nancy,Wallace,Grn,32653,4,65573,26199,0,David,Harding,WCP,32654,5,71718,26294,0,2022-11-09T01:00:04.280Z,
1668810168,2022-11-18 16:22:48 -0600,1149300348f003f42967ae6d9a3034735a70dd26,MD-20221108_Eday80,21,General,G,Gathering Certified Results,Called,G,Governor,Larry,Hogan,Hogan,GOP,29660,63859,25795,True,True,True,1984284,99,1906588,3525000,True,20221108MD22091,2022-11-08,MD,Dan,Cox,GOP,32111,1,64816,26152,0,Wes,Moore,Dem,32120,2,71129,26935,0,David,Lashar,Lib,32652,3,67841,26724,0,Nancy,Wallace,Grn,32653,4,65573,26199,0,David,Harding,WCP,32654,5,71718,26294,0,2022-11-09T01:00:04.280Z,
1668811357,2022-11-18 16:42:37 -0600,94332918fcbda474ed413d346dad73bf7f87e1eb,MD-20221108_Eday80,21,General,G,Gathering Certified Results,Called,G,Governor,Larry,Hogan,Hogan,GOP,29660,63859,25795,True,True,True,1984284,99,1907462,3525000,True,20221108MD22091,2022-11-08,MD,Dan,Cox,GOP,32111,1,64816,26152,0,Wes,Moore,Dem,32120,2,71129,26935,0,David,Lashar,Lib,32652,3,67841,26724,0,Nancy,Wallace,Grn,32653,4,65573,26199,0,David,Harding,WCP,32654,5,71718,26294,0,2022-11-09T01:00:04.280Z,
1668814046,2022-11-18 17:27:26 -0600,d6091094b695eb99d9946210b9e0a7c484791e8c,MD-20221108_Eday80,21,General,G,Gathering Certified Results,Called,G,Governor,Larry,Hogan,Hogan,GOP,29660,63859,25795,True,True,True,1984284,99,1907841,3525000,True,20221108MD22091,2022-11-08,MD,Dan,Cox,GOP,32111,1,64816,26152,0,Wes,Moore,Dem,32120,2,71129,26935,0,David,Lashar,Lib,32652,3,67841,26724,0,Nancy,Wallace,Grn,32653,4,65573,26199,0,David,Harding,WCP,32654,5,71718,26294,0,2022-11-09T01:00:04.280Z,
1668816137,2022-11-18 18:02:17 -0600,0a316797b21256102183d2266c151ffc7754e81a,MD-20221108_Eday80,21,General,G,Gathering Certified Results,Called,G,Governor,Larry,Hogan,Hogan,GOP,29660,63859,25795,True,True,True,1984284,99,1910532,3525000,True,20221108MD22091,2022-11-08,MD,Dan,Cox,GOP,32111,1,64816,26152,0,Wes,Moore,Dem,32120,2,71129,26935,0,David,Lashar,Lib,32652,3,67841,26724,0,Nancy,Wallace,Grn,32653,4,65573,26199,0,David,Harding,WCP,32654,5,71718,26294,0,2022-11-09T01:00:04.280Z,
1668819987,2022-11-18 19:06:27 -0600,fdd03c4631283ca761c17f7d1491bf007f179475,MD-20221108_Eday80,21,General,G,Gathering Certified Results,Called,G,Governor,Larry,Hogan,Hogan,GOP,29660,63859,25795,True,True,True,1984284,99,1915734,3525000,True,20221108MD22091,2022-11-08,MD,Dan,Cox,GOP,32111,1,64816,26152,0,Wes,Moore,Dem,32120,2,71129,26935,0,David,Lashar,Lib,32652,3,67841,26724,0,Nancy,Wallace,Grn,32653,4,65573,26199,0,David,Harding,WCP,32654,5,71718,26294,0,2022-11-09T01:00:04.280Z,
1668820940,2022-11-18 19:22:20 -0600,9bd8a9f1d2c189ffbb623207302a28c9b5e9b1f8,MD-20221108_Eday80,21,General,G,Gathering Certified Results,Called,G,Governor,Larry,Hogan,Hogan,GOP,29660,63859,25795,True,True,True,1984284,99,1942674,3525000,True,20221108MD22091,2022-11-08,MD,Dan,Cox,GOP,32111,1,64816,26152,0,Wes,Moore,Dem,32120,2,71129,26935,0,David,Lashar,Lib,32652,3,67841,26724,0,Nancy,Wallace,Grn,32653,4,65573,26199,0,David,Harding,WCP,32654,5,71718,26294,0,2022-11-09T01:00:04.280Z,
1668890242,2022-11-19 14:37:22 -0600,fa2f18ee70b6d57d91807c8247f865aa2d47c1ce,MD-20221108_Eday80,21,General,G,Gathering Certified Results,Called,G,Governor,Larry,Hogan,Hogan,GOP,29660,63859,25795,True,True,True,1984284,99,1953527,3525000,True,20221108MD22091,2022-11-08,MD,Dan,Cox,GOP,32111,1,64816,26152,0,Wes,Moore,Dem,32120,2,71129,26935,0,David,Lashar,Lib,32652,3,67841,26724,0,Nancy,Wallace,Grn,32653,4,65573,26199,0,David,Harding,WCP,32654,5,71718,26294,0,2022-11-09T01:00:04.280Z,
1668960934,2022-11-20 10:15:34 -0600,2a69dcc9f9b9fb8444b15bf493c0ec8789ddaa7d,MD-20221108_Eday80,21,General,G,Gathering Certified Results,Called,G,Governor,Larry,Hogan,Hogan,GOP,29660,63859,25795,True,True,True,1984284,99,1953529,3525000,True,20221108MD22091,2022-11-08,MD,Dan,Cox,GOP,32111,1,64816,26152,0,Wes,Moore,Dem,32120,2,71129,26935,0,David,Lashar,Lib,32652,3,67841,26724,0,Nancy,Wallace,Grn,32653,4,65573,26199,0,David,Harding,WCP,32654,5,71718,26294,0,2022-11-09T01:00:04.280Z,
1668974946,2022-11-20 14:09:06 -0600,3940d31ecbb6db5addcc2a442ef90b7691e471ce,MD-20221108_Eday80,21,General,G,Gathering Certified Results,Called,G,Governor,Larry,Hogan,Hogan,GOP,29660,63859,25795,True,True,True,1984284,99,1960445,3525000,True,20221108MD22091,2022-11-08,MD,Dan,Cox,GOP,32111,1,64816,26152,0,Wes,Moore,Dem,32120,2,71129,26935,0,David,Lashar,Lib,32652,3,67841,26724,0,Nancy,Wallace,Grn,32653,4,65573,26199,0,David,Harding,WCP,32654,5,71718,26294,0,2022-11-09T01:00:04.280Z,
1668979527,2022-11-20 15:25:27 -0600,13574523e8ad2c0bcfa207c8480625e67be92953,MD-20221108_Eday80,21,General,G,Gathering Certified Results,Called,G,Governor,Larry,Hogan,Hogan,GOP,29660,63859,25795,True,True,True,1984284,99,1961713,3525000,True,20221108MD22091,2022-11-08,MD,Dan,Cox,GOP,32111,1,64816,26152,0,Wes,Moore,Dem,32120,2,71129,26935,0,David,Lashar,Lib,32652,3,67841,26724,0,Nancy,Wallace,Grn,32653,4,65573,26199,0,David,Harding,WCP,32654,5,71718,26294,0,2022-11-09T01:00:04.280Z,
1669060677,2022-11-21 13:57:57 -0600,add459c56dd399a7aeebd63a85f390d9f52763db,MD-20221108_Eday80,21,General,G,Gathering Certified Results,Called,G,Governor,Larry,Hogan,Hogan,GOP,29660,63859,25795,True,True,True,1984284,99,1963985,3525000,True,20221108MD22091,2022-11-08,MD,Dan,Cox,GOP,32111,1,64816,26152,0,Wes,Moore,Dem,32120,2,71129,26935,0,David,Lashar,Lib,32652,3,67841,26724,0,Nancy,Wallace,Grn,32653,4,65573,26199,0,David,Harding,WCP,32654,5,71718,26294,0,2022-11-09T01:00:04.280Z,
1669069462,2022-11-21 16:24:22 -0600,83971773b9b04be37e3a0dce4b6bb3b2ddbd9ca1,MD-20221108_Eday80,21,General,G,Gathering Certified Results,Called,G,Governor,Larry,Hogan,Hogan,GOP,29660,63859,25795,True,True,True,1984284,99,1963988,3525000,True,20221108MD22091,2022-11-08,MD,Dan,Cox,GOP,32111,1,64816,26152,0,Wes,Moore,Dem,32120,2,71129,26935,0,David,Lashar,Lib,32652,3,67841,26724,0,Nancy,Wallace,Grn,32653,4,65573,26199,0,David,Harding,WCP,32654,5,71718,26294,0,2022-11-09T01:00:04.280Z,
1669079131,2022-11-21 19:05:31 -0600,f60c7e9c2ef895baa6d3fd33a02f2fdb1c200272,MD-20221108_Eday80,21,General,G,Gathering Certified Results,Called,G,Governor,Larry,Hogan,Hogan,GOP,29660,63859,25795,True,True,True,1984284,99,1965581,3525000,True,20221108MD22091,2022-11-08,MD,Dan,Cox,GOP,32111,1,64816,26152,0,Wes,Moore,Dem,32120,2,71129,26935,0,David,Lashar,Lib,32652,3,67841,26724,0,Nancy,Wallace,Grn,32653,4,65573,26199,0,David,Harding,WCP,32654,5,71718,26294,0,2022-11-09T01:00:04.280Z,
1669081699,2022-11-21 19:48:19 -0600,4897b86f115e867798343e5ad373463ccdea40e1,MD-20221108_Eday80,21,General,G,Gathering Certified Results,Called,G,Governor,Larry,Hogan,Hogan,GOP,29660,63859,25795,True,True,True,1984284,99,1973642,3525000,True,20221108MD22091,2022-11-08,MD,Dan,Cox,GOP,32111,1,64816,26152,0,Wes,Moore,Dem,32120,2,71129,26935,0,David,Lashar,Lib,32652,3,67841,26724,0,Nancy,Wallace,Grn,32653,4,65573,26199,0,David,Harding,WCP,32654,5,71718,26294,0,2022-11-09T01:00:04.280Z,
1669168110,2022-11-22 19:48:30 -0600,487d62c64f0c5c32e0c13b7471ddfd09258257af,MD-20221108_Eday80,21,General,G,Gathering Certified Results,Called,G,Governor,Larry,Hogan,Hogan,GOP,29660,63859,25795,True,True,True,1984284,99,1977111,3525000,True,20221108MD22091,2022-11-08,MD,Dan,Cox,GOP,32111,1,64816,26152,0,Wes,Moore,Dem,32120,2,71129,26935,0,David,Lashar,Lib,32652,3,67841,26724,0,Nancy,Wallace,Grn,32653,4,65573,26199,0,David,Harding,WCP,32654,5,71718,26294,0,2022-11-09T01:00:04.280Z,False
1669169313,2022-11-22 20:08:33 -0600,d01753072cd0a0b985b198cca6c8f0fed1373690,MD-20221108_Eday80,21,General,G,Gathering Certified Results,Called,G,Governor,Larry,Hogan,Hogan,GOP,29660,63859,25795,True,True,True,1984284,99,1982836,3525000,True,20221108MD22091,2022-11-08,MD,Dan,Cox,GOP,32111,1,64816,26152,0,Wes,Moore,Dem,32120,2,71129,26935,0,David,Lashar,Lib,32652,3,67841,26724,0,Nancy,Wallace,Grn,32653,4,65573,26199,0,David,Harding,WCP,32654,5,71718,26294,0,2022-11-09T01:00:04.280Z,False
1669236445,2022-11-23 14:47:25 -0600,5f067d055be6d804f86a6ed953cfcdad8ecc5040,MD-20221108_Eday80,21,General,G,Gathering Certified Results,Called,G,Governor,Larry,Hogan,Hogan,GOP,29660,63859,25795,True,True,True,1984284,99,1984103,3525000,True,20221108MD22091,2022-11-08,MD,Dan,Cox,GOP,32111,1,64816,26152,0,Wes,Moore,Dem,32120,2,71129,26935,0,David,Lashar,Lib,32652,3,67841,26724,0,Nancy,Wallace,Grn,32653,4,65573,26199,0,David,Harding,WCP,32654,5,71718,26294,0,2022-11-09T01:00:04.280Z,False
1669245388,2022-11-23 17:16:28 -0600,ac9589e76f262510940b054a4ac5e85106659f46,MD-20221108_Eday80,21,General,G,Gathering Certified Results,Called,G,Governor,Larry,Hogan,Hogan,GOP,29660,63859,25795,True,True,True,2004144,99,1988800,3525000,True,20221108MD22091,2022-11-08,MD,Dan,Cox,GOP,32111,1,64816,26152,0,Wes,Moore,Dem,32120,2,71129,26935,0,David,Lashar,Lib,32652,3,67841,26724,0,Nancy,Wallace,Grn,32653,4,65573,26199,0,David,Harding,WCP,32654,5,71718,26294,0,2022-11-09T01:00:04.280Z,False
1669517186,2022-11-26 20:46:26 -0600,98c90e5a985f3bf926b06c9f47b3b083b9bf6f07,MD-20221108_Eday80,21,General,G,Gathering Certified Results,Called,G,Governor,Larry,Hogan,Hogan,GOP,29660,63859,25795,True,True,True,2004144,99,1993604,3525000,True,20221108MD22091,2022-11-08,MD,Dan,Cox,GOP,32111,1,64816,26152,0,Wes,Moore,Dem,32120,2,71129,26935,0,David,Lashar,Lib,32652,3,67841,26724,0,Nancy,Wallace,Grn,32653,4,65573,26199,0,David,Harding,WCP,32654,5,71718,26294,0,2022-11-09T01:00:04.280Z,False
1669587186,2022-11-27 16:13:06 -0600,3338f22e1c35e85149a475e6b36e681f4dd73edb,MD-20221108_Eday80,21,General,G,Gathering Certified Results,Called,G,Governor,Larry,Hogan,Hogan,GOP,29660,63859,25795,True,True,True,2004144,99,1996965,3525000,True,20221108MD22091,2022-11-08,MD,Dan,Cox,GOP,32111,1,64816,26152,0,Wes,Moore,Dem,32120,2,71129,26935,0,David,Lashar,Lib,32652,3,67841,26724,0,Nancy,Wallace,Grn,32653,4,65573,26199,0,David,Harding,WCP,32654,5,71718,26294,0,2022-11-09T01:00:04.280Z,False
1669670190,2022-11-28 15:16:30 -0600,97d2d53d3992b208aa1c1a6e3b3125ade7f8bd89,MD-20221108_Eday80,21,General,G,Gathering Certified Results,Called,G,Governor,Larry,Hogan,Hogan,GOP,29660,63859,25795,True,True,True,2004144,99,1999819,3525000,True,20221108MD22091,2022-11-08,MD,Dan,Cox,GOP,32111,1,64816,26152,0,Wes,Moore,Dem,32120,2,71129,26935,0,David,Lashar,Lib,32652,3,67841,26724,0,Nancy,Wallace,Grn,32653,4,65573,26199,0,David,Harding,WCP,32654,5,71718,26294,0,2022-11-09T01:00:04.280Z,False
