captureTimestamp,captureDateTime,captureRevision,raceID,resultsType,eevp,statePostal,stateName,reportingunitID,reportingunitLevel,pollClosingTime,level,electTotal,lastUpdated,precinctsReporting,precinctsTotal,precinctsReportingPct,candidates.0.candidateID,candidates.0.voteCount,candidates.0.votePct,candidates.1.candidateID,candidates.1.voteCount,candidates.1.votePct,candidates.2.candidateID,candidates.2.voteCount,candidates.2.votePct,candidates.3.candidateID,candidates.3.voteCount,candidates.3.votePct,candidates.4.candidateID,candidates.4.voteCount,candidates.4.votePct,candidates.5.candidateID,candidates.5.voteCount,candidates.5.votePct,parameters.vote.expected.actual,parameters.vote.expected.eevpCap,parameters.vote.total,parameters.vote.registered,parameters.precinctsReportingActual,parameters.precinctsReportingProportional,candidates.0.colorIndex,candidates.1.colorIndex,candidates.0.winner,candidates.0.calledAt
1667886761,2022-11-08 05:52:41 +0000,454ce019f86614717daba988180b8577e032630f,20221108VT46374,live,0.0,VT,Vermont,46,1,2022-11-09T00:00:00.000Z,state,0,2022-11-07T22:58:30.016Z,0,283,0.0,53971,0,0.0,54270,0,0.0,53975,0,0.0,54243,0,0.0,54244,0,0.0,54245,0,0.0,239338,99,0,499349,0,0,,,,
1667944347,2022-11-08 21:52:27 +0000,05a3e91e497cb8d3251b3f2f481fd479b6ed8cc7,20221108VT46374,live,0.0,VT,Vermont,46,1,2022-11-09T00:00:00.000Z,state,0,2022-11-08T19:43:47.047Z,0,283,0.0,53971,0,0.0,54270,0,0.0,53975,0,0.0,54243,0,0.0,54244,0,0.0,54245,0,0.0,322465,99,0,483698,0,0,,,,
1667953518,2022-11-09 00:25:18 +0000,c5fd4e03c2339afc5fd044a64f91f261b7e7cfa1,20221108VT46374,live,0.21,VT,Vermont,46,1,2022-11-09T00:00:00.000Z,state,0,2022-11-09T00:23:37.619Z,2,283,0.71,53971,406,58.93,53975,233,33.82,54270,24,3.48,54243,10,1.45,54245,9,1.31,54244,7,1.02,322465,99,689,483698,2,1,1.0,0.0,,
1667954620,2022-11-09 00:43:40 +0000,390deeca213dc77033625c9727e9139ac530f13c,20221108VT46374,live,0.53,VT,Vermont,46,1,2022-11-09T00:00:00.000Z,state,0,2022-11-09T00:42:03.775Z,4,283,1.41,53971,1008,58.6,53975,583,33.9,54270,54,3.14,54245,43,2.5,54243,21,1.22,54244,11,0.64,322465,99,1720,483698,4,2,1.0,0.0,,
1667954884,2022-11-09 00:48:04 +0000,8f544a76833fbb21dc3fbc0ce7b73e3714be8529,20221108VT46374,live,0.74,VT,Vermont,46,1,2022-11-09T00:00:00.000Z,state,0,2022-11-09T00:46:58.197Z,5,283,1.77,53971,1274,53.22,53975,910,38.01,54270,87,3.63,54245,57,2.38,54243,40,1.67,54244,26,1.09,322465,99,2394,483698,5,2,1.0,0.0,,
1667955430,2022-11-09 00:57:10 +0000,e9bf9bc2954735d2abe72015bd1ac602b27e7679,20221108VT46374,live,1.16,VT,Vermont,46,1,2022-11-09T00:00:00.000Z,state,0,2022-11-09T00:55:37.349Z,7,283,2.47,53971,2179,58.37,53975,1240,33.22,54270,144,3.86,54245,69,1.85,54243,66,1.77,54244,35,0.94,322465,99,3733,483698,7,3,1.0,0.0,,
1667955702,2022-11-09 01:01:42 +0000,f6f1267e463cf8ecb93583f1dab12bfae681d775,20221108VT46374,live,1.54,VT,Vermont,46,1,2022-11-09T00:00:00.000Z,state,0,2022-11-09T01:01:05.564Z,9,283,3.18,53971,2782,55.85,53975,1744,35.01,54270,232,4.66,54245,86,1.73,54243,79,1.59,54244,58,1.16,322465,99,4981,483698,9,4,1.0,0.0,,
1667956006,2022-11-09 01:06:46 +0000,01cc2f6d0039b2fcb59e03eced60e58dcb253844,20221108VT46374,live,1.54,VT,Vermont,46,1,2022-11-09T00:00:00.000Z,state,0,2022-11-09T01:03:01.897Z,9,283,3.18,53971,2782,55.85,53975,1744,35.01,54270,232,4.66,54245,86,1.73,54243,79,1.59,54244,58,1.16,322465,99,4981,483698,9,4,1.0,0.0,,
1667956272,2022-11-09 01:11:12 +0000,e9730fe8cd073de363599251493da8f113e7bb60,20221108VT46374,live,2.06,VT,Vermont,46,1,2022-11-09T00:00:00.000Z,state,0,2022-11-09T01:10:27.773Z,11,283,3.89,53971,3471,52.24,53975,2551,38.4,54270,326,4.91,54243,101,1.52,54245,100,1.51,54244,95,1.43,322465,99,6644,483698,11,6,1.0,0.0,,
1667956547,2022-11-09 01:15:47 +0000,8138046ce1ccc9e37269480764f23b8c9cec781a,20221108VT46374,live,3.13,VT,Vermont,46,1,2022-11-09T00:00:00.000Z,state,0,2022-11-09T01:14:17.225Z,14,283,4.95,53971,5983,59.31,53975,3215,31.87,54270,454,4.5,54243,181,1.79,54245,134,1.33,54244,120,1.19,322465,99,10087,483698,14,9,1.0,0.0,,
1667956832,2022-11-09 01:20:32 +0000,83b25784602daed92be104db5cf5a6446230f2d5,20221108VT46374,live,4.55,VT,Vermont,46,1,2022-11-09T00:00:00.000Z,state,0,2022-11-09T01:19:08.010Z,16,283,5.65,53971,9790,66.78,53975,3749,25.57,54270,562,3.83,54243,250,1.71,54245,164,1.12,54244,145,0.99,322465,99,14660,483698,16,13,1.0,0.0,,
1667957119,2022-11-09 01:25:19 +0000,6d7ee88678b17ac3babfbeca22c88d840ddf7ac8,20221108VT46374,live,6.32,VT,Vermont,46,1,2022-11-09T00:00:00.000Z,state,0,2022-11-09T01:24:44.281Z,23,283,8.13,53971,12909,63.39,53975,5840,28.68,54270,777,3.82,54243,366,1.8,54245,275,1.35,54244,199,0.98,322465,99,20366,483698,23,18,1.0,0.0,,
1667957430,2022-11-09 01:30:30 +0000,03f90a735487a191903970f5b59ebf51d460c3e0,20221108VT46374,live,8.22,VT,Vermont,46,1,2022-11-09T00:00:00.000Z,state,0,2022-11-09T01:27:58.249Z,26,283,9.19,53971,17080,64.41,53975,7299,27.52,54270,1077,4.06,54243,495,1.87,54245,324,1.22,54244,244,0.92,322465,99,26519,483698,26,23,1.0,0.0,,
1667957715,2022-11-09 01:35:15 +0000,97cbc8b93cc842818a0fba948144842c3e8d51f0,20221108VT46374,live,10.53,VT,Vermont,46,1,2022-11-09T00:00:00.000Z,state,0,2022-11-09T01:34:30.526Z,32,283,11.31,53971,20689,60.93,53975,10089,29.71,54270,1657,4.88,54243,677,1.99,54245,425,1.25,54244,419,1.23,322465,99,33956,483698,32,30,1.0,0.0,,
1667957993,2022-11-09 01:39:53 +0000,af6b7ce58befb45bf1dd57f93615d5da519d3770,20221108VT46374,live,10.78,VT,Vermont,46,1,2022-11-09T00:00:00.000Z,state,0,2022-11-09T01:37:29.659Z,34,283,12.01,53971,21279,61.21,53975,10275,29.56,54270,1672,4.81,54243,687,1.98,54245,430,1.24,54244,422,1.21,322465,99,34765,483698,34,31,1.0,0.0,,
1667958273,2022-11-09 01:44:33 +0000,4199c67ba64ae17927c85a89877c89e59a577ae0,20221108VT46374,live,10.78,VT,Vermont,46,1,2022-11-09T00:00:00.000Z,state,0,2022-11-09T01:39:36.182Z,34,283,12.01,53971,21279,61.21,53975,10275,29.56,54270,1672,4.81,54243,687,1.98,54245,430,1.24,54244,422,1.21,322465,99,34765,483698,34,31,1.0,0.0,,
1667958559,2022-11-09 01:49:19 +0000,0a6694bb1cdd9734aff1178f6a5894d33a1a95cc,20221108VT46374,live,11.14,VT,Vermont,46,1,2022-11-09T00:00:00.000Z,state,0,2022-11-09T01:47:11.146Z,36,283,12.72,53971,21981,61.19,53975,10632,29.6,54270,1718,4.78,54243,710,1.98,54244,441,1.23,54245,441,1.23,322465,99,35923,483698,36,32,1.0,0.0,,
1667958843,2022-11-09 01:54:03 +0000,cdc0d2ad2c3afd665dd741c97f9de238aafb3cf6,20221108VT46374,live,24.51,VT,Vermont,46,1,2022-11-09T00:00:00.000Z,state,0,2022-11-09T01:53:27.864Z,73,283,25.8,53971,48694,61.61,53975,22938,29.02,54270,3671,4.64,54243,1626,2.06,54245,1192,1.51,54244,917,1.16,322465,99,79038,483698,73,69,1.0,0.0,,
1667959124,2022-11-09 01:58:44 +0000,ebdb2f4efab49b8071a842b145008e58069ff969,20221108VT46374,live,25.74,VT,Vermont,46,1,2022-11-09T00:00:00.000Z,state,0,2022-11-09T01:57:00.993Z,77,283,27.21,53971,51454,61.98,53975,23844,28.72,54270,3852,4.64,54243,1686,2.03,54245,1234,1.49,54244,947,1.14,322465,99,83017,483698,77,73,1.0,0.0,,
1667959410,2022-11-09 02:03:30 +0000,98a277291480f2bee1271d939218798a5aa6ad2a,20221108VT46374,live,27.08,VT,Vermont,46,1,2022-11-09T00:00:00.000Z,state,0,2022-11-09T02:00:27.226Z,80,283,28.27,53971,53798,61.6,53975,25358,29.04,54270,4070,4.66,54243,1762,2.02,54245,1362,1.56,54244,981,1.12,322465,99,87331,483698,80,77,1.0,0.0,,
1667959699,2022-11-09 02:08:19 +0000,204acec220204cf7636f9483a8300da582a314fa,20221108VT46374,live,27.19,VT,Vermont,46,1,2022-11-09T00:00:00.000Z,state,0,2022-11-09T02:04:50.356Z,81,283,28.62,53971,54017,61.61,53975,25444,29.02,54270,4090,4.66,54243,1771,2.02,54245,1372,1.56,54244,987,1.13,322465,99,87681,483698,81,77,1.0,0.0,,
1667959981,2022-11-09 02:13:01 +0000,f7108f15221a3f4ac4310e0ba678593081137a5c,20221108VT46374,live,27.71,VT,Vermont,46,1,2022-11-09T00:00:00.000Z,state,0,2022-11-09T02:09:04.779Z,83,283,29.33,53971,55345,61.95,53975,25702,28.77,54270,4122,4.61,54243,1800,2.01,54245,1382,1.55,54244,994,1.11,322465,99,89345,483698,83,78,1.0,0.0,,
1667960264,2022-11-09 02:17:44 +0000,e239f4bcca07deff3069ebbdd016fa8b8d41d752,20221108VT46374,live,29.69,VT,Vermont,46,1,2022-11-09T00:00:00.000Z,state,0,2022-11-09T02:15:44.414Z,87,283,30.74,53971,59063,61.68,53975,27796,29.03,54270,4357,4.55,54243,1925,2.01,54245,1487,1.55,54244,1123,1.17,322465,99,95751,483698,87,84,1.0,0.0,,
1667960540,2022-11-09 02:22:20 +0000,8f457dad835364421624abf7a3b05a9acf49f0bd,20221108VT46374,live,30.35,VT,Vermont,46,1,2022-11-09T00:00:00.000Z,state,0,2022-11-09T02:21:34.518Z,89,283,31.45,53971,60112,61.42,53975,28635,29.26,54270,4462,4.56,54243,1955,2.0,54245,1508,1.54,54244,1199,1.23,322465,99,97871,483698,89,86,1.0,0.0,,
1667960816,2022-11-09 02:26:56 +0000,8a1624065b18c7c6c4408259c296b51116c46c3f,20221108VT46374,live,30.72,VT,Vermont,46,1,2022-11-09T00:00:00.000Z,state,0,2022-11-09T02:26:08.707Z,90,283,31.8,53971,60842,61.42,53975,29000,29.27,54270,4515,4.56,54243,1974,1.99,54245,1524,1.54,54244,1208,1.22,322465,99,99063,483698,90,87,1.0,0.0,,
1667961378,2022-11-09 02:36:18 +0000,38867b5c6238941f5844472df77322f71d62b761,20221108VT46374,live,37.99,VT,Vermont,46,1,2022-11-09T00:00:00.000Z,state,0,2022-11-09T02:35:39.137Z,113,283,39.93,53971,75425,61.56,53975,35611,29.07,54270,5706,4.66,54243,2464,2.01,54245,1873,1.53,54244,1438,1.17,322465,99,122517,483698,113,108,1.0,0.0,,
1667961709,2022-11-09 02:41:49 +0000,0f04550731ed05e8c23b521fa0b273774c5a4a51,20221108VT46374,live,45.09,VT,Vermont,46,1,2022-11-09T00:00:00.000Z,state,0,2022-11-09T02:38:37.050Z,138,283,48.76,53971,89008,61.22,53975,42680,29.35,54270,6663,4.58,54243,2894,1.99,54245,2285,1.57,54244,1865,1.28,322465,99,145395,483698,138,128,1.0,0.0,,
1667961990,2022-11-09 02:46:30 +0000,34fd47cd084122fe0c5fed09f89e8cc11319e728,20221108VT46374,live,45.29,VT,Vermont,46,1,2022-11-09T00:00:00.000Z,state,0,2022-11-09T02:43:25.052Z,139,283,49.12,53971,89342,61.18,53975,42924,29.39,54270,6701,4.59,54243,2908,1.99,54245,2289,1.57,54244,1876,1.28,322465,99,146040,483698,139,128,1.0,0.0,,
1667962272,2022-11-09 02:51:12 +0000,22cc2cb364805735e8373437043abe797d3cbbf4,20221108VT46374,live,45.63,VT,Vermont,46,1,2022-11-09T00:00:00.000Z,state,0,2022-11-09T02:45:56.855Z,140,283,49.47,53971,90140,61.26,53975,43143,29.32,54270,6750,4.59,54243,2936,2.0,54245,2304,1.57,54244,1878,1.28,322465,99,147151,483698,140,129,1.0,0.0,,
1667962555,2022-11-09 02:55:55 +0000,84c8aec46b0824d2dabb875d986800c8bb475bfb,20221108VT46374,live,45.72,VT,Vermont,46,1,2022-11-09T00:00:00.000Z,state,0,2022-11-09T02:52:06.920Z,141,283,49.82,53971,90234,61.21,53975,43273,29.35,54270,6765,4.59,54243,2939,1.99,54245,2328,1.58,54244,1880,1.28,322465,99,147419,483698,141,129,1.0,0.0,,
1667962837,2022-11-09 03:00:37 +0000,d57fedbb0cf82cf130c9d008e459203d23c317e0,20221108VT46374,live,46.24,VT,Vermont,46,1,2022-11-09T00:00:00.000Z,state,0,2022-11-09T02:55:19.538Z,144,283,50.88,53971,91109,61.1,53975,43915,29.45,54270,6845,4.59,54243,2962,1.99,54245,2384,1.6,54244,1902,1.28,322465,99,149117,483698,144,131,1.0,0.0,,
1667963111,2022-11-09 03:05:11 +0000,e819c6c0592b367c01eebbb86e897f39b2d774d1,20221108VT46374,live,46.24,VT,Vermont,46,1,2022-11-09T00:00:00.000Z,state,0,2022-11-09T03:01:07.622Z,144,283,50.88,53971,91109,61.1,53975,43915,29.45,54270,6845,4.59,54243,2962,1.99,54245,2384,1.6,54244,1902,1.28,322465,99,149117,483698,144,131,1.0,0.0,,
1667963396,2022-11-09 03:09:56 +0000,6a46c0776c43a17d759f81499ba9ed2e8d7622fc,20221108VT46374,live,46.76,VT,Vermont,46,1,2022-11-09T00:00:00.000Z,state,0,2022-11-09T03:06:30.720Z,146,283,51.59,53971,91947,60.98,53975,44562,29.56,54270,6927,4.59,54243,2988,1.98,54245,2428,1.61,54244,1920,1.27,322465,99,150772,483698,146,132,1.0,0.0,,
1667963668,2022-11-09 03:14:28 +0000,504ec01bb7ea4ec861b67f44aa636e0055b5ba3d,20221108VT46374,live,47.03,VT,Vermont,46,1,2022-11-09T00:00:00.000Z,state,0,2022-11-09T03:12:32.015Z,148,283,52.3,53971,92495,60.99,53975,44808,29.55,54270,6965,4.59,54243,3004,1.98,54245,2439,1.61,54244,1934,1.28,322465,99,151645,483698,148,133,1.0,0.0,,
1667963936,2022-11-09 03:18:56 +0000,05b874b27e9d0f9fdd5056261aa4b35a7cfd0586,20221108VT46374,live,47.03,VT,Vermont,46,1,2022-11-09T00:00:00.000Z,state,0,2022-11-09T03:16:36.546Z,148,283,52.3,53971,92495,60.99,53975,44808,29.55,54270,6965,4.59,54243,3004,1.98,54245,2439,1.61,54244,1934,1.28,322465,99,151645,483698,148,133,1.0,0.0,,
1667964227,2022-11-09 03:23:47 +0000,1cb90b95cdd6c1be23968f2b7d9618a95c5a5ad9,20221108VT46374,live,47.22,VT,Vermont,46,1,2022-11-09T00:00:00.000Z,state,0,2022-11-09T03:21:56.029Z,149,283,52.65,53971,92764,60.92,53975,45087,29.61,54270,6991,4.59,54243,3030,1.99,54245,2463,1.62,54244,1943,1.28,322465,99,152278,483698,149,134,1.0,0.0,X,2022-11-09T03:21:55.840Z
1667964559,2022-11-09 03:29:19 +0000,9953e63a0357b9189618b1f7ef238581cfdffcbb,20221108VT46374,live,47.27,VT,Vermont,46,1,2022-11-09T00:00:00.000Z,state,0,2022-11-09T03:25:12.127Z,150,283,53.0,53971,92824,60.9,53975,45150,29.62,54270,6994,4.59,54243,3032,1.99,54245,2470,1.62,54244,1948,1.28,322465,99,152418,483698,150,134,1.0,0.0,X,2022-11-09T03:21:55.840Z
1667964860,2022-11-09 03:34:20 +0000,ee3367b043972f1875e6948799a9babb4f41fd05,20221108VT46374,live,52.12,VT,Vermont,46,1,2022-11-09T00:00:00.000Z,state,0,2022-11-09T03:32:27.928Z,153,283,54.06,53971,96319,61.18,53975,46338,29.43,54270,7128,4.53,54243,3114,1.98,54245,2524,1.6,54244,2010,1.28,302054,99,157433,483698,153,148,1.0,0.0,X,2022-11-09T03:21:55.840Z
1667965148,2022-11-09 03:39:08 +0000,6fdfe90630de6ba7d3077daaa37563b39e419cfc,20221108VT46374,live,52.51,VT,Vermont,46,1,2022-11-09T00:00:00.000Z,state,0,2022-11-09T03:37:26.528Z,155,283,54.77,53971,97204,61.28,53975,46585,29.37,54270,7148,4.51,54243,3126,1.97,54245,2537,1.6,54244,2014,1.27,302054,99,158614,483698,155,149,1.0,0.0,X,2022-11-09T03:21:55.840Z
1667965711,2022-11-09 03:48:31 +0000,3f97935f76145660588ec69d4480a824e21e2bd4,20221108VT46374,live,52.51,VT,Vermont,46,1,2022-11-09T00:00:00.000Z,state,0,2022-11-09T03:46:38.592Z,155,283,54.77,53971,97204,61.28,53975,46585,29.37,54270,7148,4.51,54243,3126,1.97,54245,2537,1.6,54244,2014,1.27,302054,99,158614,483698,155,149,1.0,0.0,X,2022-11-09T03:21:55.840Z
1667966001,2022-11-09 03:53:21 +0000,cee0a612753351ddb30fde2a157613da20f2be01,20221108VT46374,live,55.8,VT,Vermont,46,1,2022-11-09T00:00:00.000Z,state,0,2022-11-09T03:52:14.089Z,163,283,57.6,53971,104516,62.02,53975,48429,28.74,54270,7511,4.46,54243,3406,2.02,54245,2611,1.55,54244,2060,1.22,302054,99,168533,483698,163,158,1.0,0.0,X,2022-11-09T03:21:55.840Z
1667966989,2022-11-09 04:09:49 +0000,47c6fd3e525919b429e23d0446afd1809e9c353c,20221108VT46374,live,58.47,VT,Vermont,46,1,2022-11-09T00:00:00.000Z,state,0,2022-11-09T04:07:21.441Z,174,283,61.48,53971,109760,62.14,53975,50610,28.65,54270,7898,4.47,54243,3553,2.01,54245,2676,1.52,54244,2126,1.2,302054,99,176623,483698,174,165,1.0,0.0,X,2022-11-09T03:21:55.840Z
1667967269,2022-11-09 04:14:29 +0000,68d92bf23b94b96637a56b0d567d37a581d41ead,20221108VT46374,live,58.83,VT,Vermont,46,1,2022-11-09T00:00:00.000Z,state,0,2022-11-09T04:12:15.454Z,175,283,61.84,53971,110411,62.13,53975,50929,28.66,54270,7939,4.47,54243,3576,2.01,54245,2712,1.53,54244,2133,1.2,302054,99,177700,483698,175,166,1.0,0.0,X,2022-11-09T03:21:55.840Z
1667967540,2022-11-08 22:19:00 -0600,673632f1537c7c9f2368084b99ec47b67621c41e,20221108VT46374,live,59.18,VT,Vermont,46,1,2022-11-09T00:00:00.000Z,state,0,2022-11-09T04:15:02.354Z,177,283,62.54,53971,111141,62.17,53975,51210,28.65,54270,7967,4.46,54243,3584,2.0,54245,2717,1.52,54244,2137,1.2,302054,99,178756,483698,177,167,1.0,0.0,X,2022-11-09T03:21:55.840Z
1667967954,2022-11-08 22:25:54 -0600,ddd8cd55583cb4e51013ac431e84d23dc8167e7a,20221108VT46374,live,61.53,VT,Vermont,46,1,2022-11-09T00:00:00.000Z,state,0,2022-11-09T04:24:04.229Z,184,283,65.02,53971,114968,61.86,53975,53569,28.82,54270,8378,4.51,54243,3739,2.01,54245,2835,1.53,54244,2367,1.27,302054,99,185856,483698,184,174,1.0,0.0,X,2022-11-09T03:21:55.840Z
1667968092,2022-11-08 22:28:12 -0600,c3a7bcfa6d57d19e0339cd5eff437c13c5a7dec5,20221108VT46374,live,61.69,VT,Vermont,46,1,2022-11-09T00:00:00.000Z,state,0,2022-11-09T04:27:32.093Z,185,283,65.37,53971,115154,61.8,53975,53805,28.87,54270,8410,4.51,54243,3751,2.01,54245,2853,1.53,54244,2369,1.27,302054,99,186342,483698,185,175,1.0,0.0,X,2022-11-09T03:21:55.840Z
1667968138,2022-11-08 22:28:58 -0600,78be3d1941803188124b187362be51adf1e8fdfb,20221108VT46374,live,64.39,VT,Vermont,46,1,2022-11-09T00:00:00.000Z,state,0,2022-11-09T04:28:34.778Z,190,283,67.14,53971,122083,62.77,53975,54582,28.06,54270,8643,4.44,54243,3885,2.0,54245,2893,1.49,54244,2403,1.24,302054,99,194489,483698,190,182,1.0,0.0,X,2022-11-09T03:21:55.840Z
1667968182,2022-11-08 22:29:42 -0600,8e189a9f8e65ddc0a78641bf1d30b4fa1f53a113,20221108VT46374,live,65.86,VT,Vermont,46,1,2022-11-09T00:00:00.000Z,state,0,2022-11-09T04:29:10.197Z,195,283,68.9,53971,124982,62.82,53975,55737,28.02,54270,8826,4.44,54243,4001,2.01,54245,2955,1.49,54244,2444,1.23,302054,99,198945,483698,195,186,1.0,0.0,X,2022-11-09T03:21:55.840Z
1667968227,2022-11-08 22:30:27 -0600,b78ec951061d2bf917e09f1eb01cb079af5e3a88,20221108VT46374,live,68.08,VT,Vermont,46,1,2022-11-09T00:00:00.000Z,state,0,2022-11-09T04:30:02.752Z,200,283,70.67,53971,128442,62.46,53975,58260,28.33,54270,9204,4.48,54243,4125,2.01,54245,3092,1.5,54244,2515,1.22,302054,99,205638,483698,200,193,1.0,0.0,X,2022-11-09T03:21:55.840Z
1667968272,2022-11-08 22:31:12 -0600,97ef6c54bfa1c7ef6beea70c87aafe0c54251ad8,20221108VT46374,live,70.6,VT,Vermont,46,1,2022-11-09T00:00:00.000Z,state,0,2022-11-09T04:30:55.425Z,208,283,73.5,53971,134314,62.98,53975,59645,27.97,54270,9389,4.4,54243,4198,1.97,54245,3147,1.48,54244,2565,1.2,302054,99,213258,483698,208,200,1.0,0.0,X,2022-11-09T03:21:55.840Z
1667968316,2022-11-08 22:31:56 -0600,c7364a5d7197a125b098705a317e32ff0afe0f57,20221108VT46374,live,72.14,VT,Vermont,46,1,2022-11-09T00:00:00.000Z,state,0,2022-11-09T04:31:40.751Z,215,283,75.97,53971,136890,62.82,53975,61120,28.05,54270,9605,4.41,54243,4300,1.97,54245,3345,1.54,54244,2635,1.21,302054,99,217895,483698,215,204,1.0,0.0,X,2022-11-09T03:21:55.840Z
1667968361,2022-11-08 22:32:41 -0600,0b888fe41bc653990f05b2c6fe09da530560e7a3,20221108VT46374,live,73.25,VT,Vermont,46,1,2022-11-09T00:00:00.000Z,state,0,2022-11-09T04:32:05.843Z,221,283,78.09,53971,139050,62.85,53975,61963,28.01,54270,9786,4.42,54243,4386,1.98,54245,3397,1.54,54244,2668,1.21,302054,99,221250,483698,221,207,1.0,0.0,X,2022-11-09T03:21:55.840Z
1667968406,2022-11-08 22:33:26 -0600,9894c9990b429281fa1911dc561355d202f43cc4,20221108VT46374,live,76.6,VT,Vermont,46,1,2022-11-09T00:00:00.000Z,state,0,2022-11-09T04:32:55.380Z,229,283,80.92,53971,145824,63.03,53975,64440,27.85,54270,10208,4.41,54243,4605,1.99,54245,3503,1.51,54244,2790,1.21,302054,99,231370,483698,229,217,1.0,0.0,X,2022-11-09T03:21:55.840Z
1667968451,2022-11-08 22:34:11 -0600,ec7c4c2fbdf80046dac3b25dd67b45de79385a9e,20221108VT46374,live,80.56,VT,Vermont,46,1,2022-11-09T00:00:00.000Z,state,0,2022-11-09T04:33:52.806Z,237,283,83.75,53971,153013,62.88,53975,67976,27.93,54270,10854,4.46,54243,4838,1.99,54245,3729,1.53,54244,2936,1.21,302054,99,243346,483698,237,228,1.0,0.0,X,2022-11-09T03:21:55.840Z
1667968494,2022-11-08 22:34:54 -0600,cfbd241bb06919184c9a5ad42a24eb60bc59879a,20221108VT46374,live,82.09,VT,Vermont,46,1,2022-11-09T00:00:00.000Z,state,0,2022-11-09T04:34:29.453Z,243,283,85.87,53971,155405,62.67,53975,69627,28.08,54270,11099,4.48,54243,4948,2.0,54245,3885,1.57,54244,2992,1.21,302054,99,247956,483698,243,232,1.0,0.0,X,2022-11-09T03:21:55.840Z
1667968622,2022-11-08 22:37:02 -0600,e74479d04a2cbc206da9d05d88b7661e84a5267c,20221108VT46374,live,82.36,VT,Vermont,46,1,2022-11-09T00:00:00.000Z,state,0,2022-11-09T04:34:32.876Z,244,283,86.22,53971,155964,62.7,53975,69827,28.07,54270,11111,4.47,54243,4962,1.99,54245,3899,1.57,54244,3000,1.21,302054,99,248763,483698,244,233,1.0,0.0,X,2022-11-09T03:21:55.840Z
1667968667,2022-11-08 22:37:47 -0600,a013d457c641e43c359ed7cf524810962213905d,20221108VT46374,live,83.47,VT,Vermont,46,1,2022-11-09T00:00:00.000Z,state,0,2022-11-09T04:36:01.741Z,249,283,87.99,53971,158140,62.73,53975,70665,28.03,54270,11263,4.47,54243,5012,1.99,54245,3973,1.58,54244,3060,1.21,302054,99,252113,483698,249,236,1.0,0.0,X,2022-11-09T03:21:55.840Z
1667968709,2022-11-08 22:38:29 -0600,a479186c1a21e09ae947de1863bf72d461e8b879,20221108VT46374,live,83.57,VT,Vermont,46,1,2022-11-09T00:00:00.000Z,state,0,2022-11-09T04:37:36.230Z,250,283,88.34,53971,158280,62.71,53975,70780,28.04,54270,11284,4.47,54243,5018,1.99,54245,3979,1.58,54244,3072,1.22,302054,99,252413,483698,250,236,1.0,0.0,X,2022-11-09T03:21:55.840Z
1667968885,2022-11-08 22:41:25 -0600,5c24a01105c8e263f0bd136533d71002afb61845,20221108VT46374,live,84.0,VT,Vermont,46,1,2022-11-09T00:00:00.000Z,state,0,2022-11-09T04:40:51.577Z,250,283,88.34,53971,158280,62.71,53975,70780,28.04,54270,11284,4.47,54243,5018,1.99,54245,3979,1.58,54244,3072,1.22,300492,99,252413,483698,250,238,1.0,0.0,X,2022-11-09T03:21:55.840Z
1667969067,2022-11-08 22:44:27 -0600,73d0e74cb03400217dbc75a62135f42bc460c502,20221108VT46374,live,84.0,VT,Vermont,46,1,2022-11-09T00:00:00.000Z,state,0,2022-11-09T04:41:43.267Z,250,283,88.34,53971,158280,62.71,53975,70780,28.04,54270,11284,4.47,54243,5018,1.99,54245,3979,1.58,54244,3072,1.22,300492,99,252413,483698,250,238,1.0,0.0,X,2022-11-09T03:21:55.840Z
1667969292,2022-11-08 22:48:12 -0600,27c0128769cb9950dd2d2f7b010376c6821eb8bd,20221108VT46374,live,84.1,VT,Vermont,46,1,2022-11-09T00:00:00.000Z,state,0,2022-11-09T04:47:25.589Z,251,283,88.69,53971,158425,62.69,53975,70889,28.05,54270,11294,4.47,54243,5029,1.99,54245,3995,1.58,54244,3072,1.22,300492,99,252704,483698,251,238,1.0,0.0,X,2022-11-09T03:21:55.840Z
1667969592,2022-11-08 22:53:12 -0600,1aa535c5b76797aa0c55f68109cd2149e6f7b08a,20221108VT46374,live,84.1,VT,Vermont,46,1,2022-11-09T00:00:00.000Z,state,0,2022-11-09T04:51:56.006Z,251,283,88.69,53971,158425,62.69,53975,70889,28.05,54270,11294,4.47,54243,5029,1.99,54245,3995,1.58,54244,3072,1.22,300492,99,252704,483698,251,238,1.0,0.0,X,2022-11-09T03:21:55.840Z
1667969681,2022-11-08 22:54:41 -0600,4488651d53a6ff54750765f807b5aba2e7544f5e,20221108VT46374,live,84.1,VT,Vermont,46,1,2022-11-09T00:00:00.000Z,state,0,2022-11-09T04:53:52.955Z,251,283,88.69,53971,158425,62.69,53975,70889,28.05,54270,11294,4.47,54243,5029,1.99,54245,4006,1.59,54244,3072,1.22,300492,99,252715,483698,251,238,1.0,0.0,X,2022-11-09T03:21:55.840Z
1667969723,2022-11-08 22:55:23 -0600,b509b5bfc09bde62e91159629c11e0b7e48daab9,20221108VT46374,live,84.11,VT,Vermont,46,1,2022-11-09T00:00:00.000Z,state,0,2022-11-09T04:54:27.117Z,251,283,88.69,53971,158445,62.69,53975,70889,28.05,54270,11294,4.47,54243,5029,1.99,54245,4006,1.59,54244,3072,1.22,300492,99,252735,483698,251,238,1.0,0.0,X,2022-11-09T03:21:55.840Z
1667969768,2022-11-08 22:56:08 -0600,13751e5ba6ec1b0e3bf8ed4bdd82f9ad01fec7e2,20221108VT46374,live,84.11,VT,Vermont,46,1,2022-11-09T00:00:00.000Z,state,0,2022-11-09T04:55:08.307Z,251,283,88.69,53971,158445,62.69,53975,70889,28.05,54270,11301,4.47,54243,5029,1.99,54245,4012,1.59,54244,3065,1.21,300492,99,252741,483698,251,238,1.0,0.0,X,2022-11-09T03:21:55.840Z
1667969897,2022-11-08 22:58:17 -0600,4cc79ac7abd56ff5901adb554fdccc45c88f1310,20221108VT46374,live,84.3,VT,Vermont,46,1,2022-11-09T00:00:00.000Z,state,0,2022-11-09T04:57:45.135Z,252,283,89.05,53971,158722,62.66,53975,71120,28.08,54270,11334,4.47,54243,5038,1.99,54245,4029,1.59,54244,3072,1.21,300492,99,253315,483698,252,239,1.0,0.0,X,2022-11-09T03:21:55.840Z
1667969984,2022-11-08 22:59:44 -0600,a2fb710992b888fe9f7e47092d88395e89230dfc,20221108VT46374,live,84.3,VT,Vermont,46,1,2022-11-09T00:00:00.000Z,state,0,2022-11-09T04:58:53.041Z,252,283,89.05,53971,158722,62.66,53975,71120,28.08,54270,11334,4.47,54243,5038,1.99,54245,4029,1.59,54244,3072,1.21,300492,99,253315,483698,252,239,1.0,0.0,X,2022-11-09T03:21:55.840Z
1667970985,2022-11-08 23:16:25 -0600,458b8c029ed943a1966fd047ace4d102323e3185,20221108VT46374,live,84.46,VT,Vermont,46,1,2022-11-09T00:00:00.000Z,state,0,2022-11-09T05:13:28.568Z,253,283,89.4,53971,159050,62.67,53975,71252,28.07,54270,11347,4.47,54243,5046,1.99,54245,4030,1.59,54244,3078,1.21,300492,99,253803,483698,253,239,1.0,0.0,X,2022-11-09T03:21:55.840Z
1667971032,2022-11-08 23:17:12 -0600,84fafb476f7846131500489058ff24997434ed54,20221108VT46374,live,84.56,VT,Vermont,46,1,2022-11-09T00:00:00.000Z,state,0,2022-11-09T05:16:25.264Z,254,283,89.75,53971,159204,62.65,53975,71364,28.08,54270,11348,4.47,54243,5077,2.0,54245,4030,1.59,54244,3084,1.21,300492,99,254107,483698,254,239,1.0,0.0,X,2022-11-09T03:21:55.840Z
1667971169,2022-11-08 23:19:29 -0600,a70df26f7f471d11543c24ba2a2ee8ee294f6f1b,20221108VT46374,live,84.58,VT,Vermont,46,1,2022-11-09T00:00:00.000Z,state,0,2022-11-09T05:18:58.220Z,254,283,89.75,53971,159264,62.66,53975,71364,28.08,54270,11348,4.46,54243,5077,2.0,54245,4030,1.59,54244,3084,1.21,300492,99,254167,483698,254,239,1.0,0.0,X,2022-11-09T03:21:55.840Z
1667971350,2022-11-08 23:22:30 -0600,4e8d6a153dbb49007925da1747ddadcd1394934d,20221108VT46374,live,84.58,VT,Vermont,46,1,2022-11-09T00:00:00.000Z,state,0,2022-11-09T05:21:48.162Z,254,283,89.75,53971,159264,62.66,53975,71364,28.08,54270,11348,4.46,54243,5077,2.0,54245,4030,1.59,54244,3084,1.21,300492,99,254167,483698,254,239,1.0,0.0,X,2022-11-09T03:21:55.840Z
1667971395,2022-11-08 23:23:15 -0600,d97519c7c3720d6e80913290b35064b53dd231cc,20221108VT46374,live,85.08,VT,Vermont,46,1,2022-11-09T00:00:00.000Z,state,0,2022-11-09T05:22:47.434Z,256,283,90.46,53971,160250,62.68,53975,71782,28.08,54270,11390,4.46,54243,5097,1.99,54245,4040,1.58,54244,3092,1.21,300492,99,255651,483698,256,241,1.0,0.0,X,2022-11-09T03:21:55.840Z
1667971525,2022-11-08 23:25:25 -0600,8a3d225df35b90ad7577e78c738af67af6cd9c8b,20221108VT46374,live,85.08,VT,Vermont,46,1,2022-11-09T00:00:00.000Z,state,0,2022-11-09T05:23:32.350Z,256,283,90.46,53971,160250,62.68,53975,71782,28.08,54270,11390,4.46,54243,5097,1.99,54245,4040,1.58,54244,3092,1.21,300492,99,255651,483698,256,241,1.0,0.0,X,2022-11-09T03:21:55.840Z
1667972264,2022-11-08 23:37:44 -0600,32512d68a8869811d6b4c587f4ea396147ae27a4,20221108VT46374,live,85.08,VT,Vermont,46,1,2022-11-09T00:00:00.000Z,state,0,2022-11-09T05:30:53.795Z,256,283,90.46,53971,160250,62.68,53975,71782,28.08,54270,11390,4.46,54243,5097,1.99,54245,4040,1.58,54244,3092,1.21,300492,99,255651,483698,256,241,1.0,0.0,X,2022-11-09T03:21:55.840Z
1667972427,2022-11-08 23:40:27 -0600,ae4901446f849f3ab62f6a79323d475c59ad0832,20221108VT46374,live,85.27,VT,Vermont,46,1,2022-11-09T00:00:00.000Z,state,0,2022-11-09T05:39:26.590Z,257,283,90.81,53971,160643,62.69,53975,71934,28.07,54270,11400,4.45,54243,5113,2.0,54245,4043,1.58,54244,3099,1.21,300492,99,256232,483698,257,241,1.0,0.0,X,2022-11-09T03:21:55.840Z
1667972541,2022-11-08 23:42:21 -0600,d38f954f3e6be3d250d58a04e08655875ea7700c,20221108VT46374,live,85.27,VT,Vermont,46,1,2022-11-09T00:00:00.000Z,state,0,2022-11-09T05:41:50.023Z,257,283,90.81,53971,160643,62.69,53975,71934,28.07,54270,11400,4.45,54243,5113,2.0,54245,4043,1.58,54244,3099,1.21,300492,99,256232,483698,257,241,1.0,0.0,X,2022-11-09T03:21:55.840Z
1667972986,2022-11-08 23:49:46 -0600,8b5a6bad408154143d5639ac38f52891382240a4,20221108VT46374,live,85.27,VT,Vermont,46,1,2022-11-09T00:00:00.000Z,state,0,2022-11-09T05:49:27.105Z,257,283,90.81,53971,160643,62.69,53975,71934,28.07,54270,11400,4.45,54243,5113,2.0,54245,4043,1.58,54244,3099,1.21,300492,99,256232,483698,257,241,1.0,0.0,X,2022-11-09T03:21:55.840Z
1667974988,2022-11-09 00:23:08 -0600,5d6616b419546bd84ca0c06ee5a7a5389ea5fc67,20221108VT46374,live,85.46,VT,Vermont,46,1,2022-11-09T00:00:00.000Z,state,0,2022-11-09T06:22:39.092Z,258,283,91.17,53971,161039,62.71,53975,72070,28.06,54270,11417,4.45,54243,5120,1.99,54245,4051,1.58,54244,3105,1.21,300492,99,256802,483698,258,242,1.0,0.0,X,2022-11-09T03:21:55.840Z
1667975196,2022-11-09 00:26:36 -0600,e7c0ff159fd1c173ed3e565feb144ed98be0c89e,20221108VT46374,live,85.46,VT,Vermont,46,1,2022-11-09T00:00:00.000Z,state,0,2022-11-09T06:26:04.388Z,258,283,91.17,53971,161039,62.71,53975,72070,28.06,54270,11417,4.45,54243,5120,1.99,54245,4051,1.58,54244,3105,1.21,300492,99,256802,483698,258,242,1.0,0.0,X,2022-11-09T03:21:55.840Z
1667979231,2022-11-09 01:33:51 -0600,0aac9649608b65a23e9855cf5cacd405130eb626,20221108VT46374,live,88.93,VT,Vermont,46,1,2022-11-09T00:00:00.000Z,state,0,2022-11-09T07:33:05.709Z,264,283,93.29,53971,169029,63.25,53975,73665,27.56,54270,11877,4.44,54243,5379,2.01,54245,4116,1.54,54244,3176,1.19,300492,99,267242,483698,264,252,1.0,0.0,X,2022-11-09T03:21:55.840Z
1667979473,2022-11-09 01:37:53 -0600,5d943cd360aaf4835af0f146a5a7aa603bfdd4cb,20221108VT46374,live,89.17,VT,Vermont,46,1,2022-11-09T00:00:00.000Z,state,0,2022-11-09T07:37:11.810Z,266,283,93.99,53971,169383,63.22,53975,73929,27.59,54270,11915,4.45,54243,5399,2.02,54245,4132,1.54,54244,3181,1.19,300492,99,267939,483698,266,252,1.0,0.0,X,2022-11-09T03:21:55.840Z
1667979514,2022-11-09 01:38:34 -0600,3beafacc3bafd5d436073bbd9a0ee742070d2376,20221108VT46374,live,89.74,VT,Vermont,46,1,2022-11-09T00:00:00.000Z,state,0,2022-11-09T07:38:12.000Z,267,283,94.35,53971,170518,63.24,53975,74341,27.57,54270,12015,4.46,54243,5432,2.01,54245,4153,1.54,54244,3191,1.18,300492,99,269650,483698,267,254,1.0,0.0,X,2022-11-09T03:21:55.840Z
1667979555,2022-11-09 01:39:15 -0600,99fec7a54323274fb19e99f68c07f24f79e69250,20221108VT46374,live,90.24,VT,Vermont,46,1,2022-11-09T00:00:00.000Z,state,0,2022-11-09T07:38:43.642Z,268,283,94.7,53971,171447,63.23,53975,74777,27.58,54270,12092,4.46,54243,5481,2.02,54245,4168,1.54,54244,3199,1.18,300492,99,271164,483698,268,255,1.0,0.0,X,2022-11-09T03:21:55.840Z
1667979647,2022-11-09 01:40:47 -0600,7abb1af5d8a57363e01f3459ad06df304ed6bc82,20221108VT46374,live,90.24,VT,Vermont,46,1,2022-11-09T00:00:00.000Z,state,0,2022-11-09T07:40:02.504Z,268,283,94.7,53971,171447,63.23,53975,74777,27.58,54270,12092,4.46,54243,5481,2.02,54245,4168,1.54,54244,3199,1.18,300492,99,271164,483698,268,255,1.0,0.0,X,2022-11-09T03:21:55.840Z
1667979727,2022-11-09 01:42:07 -0600,f41db939b852c033d0f66ec2a12ae59a5cf6c37a,20221108VT46374,live,91.07,VT,Vermont,46,1,2022-11-09T00:00:00.000Z,state,0,2022-11-09T07:41:42.380Z,271,283,95.76,53971,172684,63.1,53975,75767,27.69,54270,12180,4.45,54243,5514,2.01,54245,4220,1.54,54244,3307,1.21,300492,99,273672,483698,271,258,1.0,0.0,X,2022-11-09T03:21:55.840Z
1667979765,2022-11-09 01:42:45 -0600,e20d3d18de2024c6ec748d544de216fd0e889070,20221108VT46374,live,91.07,VT,Vermont,46,1,2022-11-09T00:00:00.000Z,state,0,2022-11-09T07:42:10.467Z,271,283,95.76,53971,172684,63.1,53975,75767,27.69,54270,12180,4.45,54243,5514,2.01,54245,4220,1.54,54244,3307,1.21,300492,99,273672,483698,271,258,1.0,0.0,X,2022-11-09T03:21:55.840Z
1667979845,2022-11-09 01:44:05 -0600,56f55ff2a859e10bf2feb3a958e483acbe185172,20221108VT46374,live,91.28,VT,Vermont,46,1,2022-11-09T00:00:00.000Z,state,0,2022-11-09T07:43:30.986Z,272,283,96.11,53971,173032,63.09,53975,75963,27.7,54270,12213,4.45,54243,5527,2.02,54245,4235,1.54,54244,3311,1.21,300492,99,274281,483698,272,258,1.0,0.0,X,2022-11-09T03:21:55.840Z
1667979888,2022-11-09 01:44:48 -0600,0e0f720f51726ae625e5e1365d2ab4384b8c34ed,20221108VT46374,live,91.56,VT,Vermont,46,1,2022-11-09T00:00:00.000Z,state,0,2022-11-09T07:44:26.583Z,275,283,97.17,53971,173450,63.04,53975,76308,27.73,54270,12266,4.46,54243,5542,2.01,54245,4249,1.54,54244,3321,1.21,300492,99,275136,483698,275,259,1.0,0.0,X,2022-11-09T03:21:55.840Z
1667979926,2022-11-09 01:45:26 -0600,9b0489556f79fd338933dc887f608460bae29ac3,20221108VT46374,live,91.83,VT,Vermont,46,1,2022-11-09T00:00:00.000Z,state,0,2022-11-09T07:45:05.613Z,277,283,97.88,53971,173754,62.97,53975,76668,27.78,54270,12309,4.46,54243,5573,2.02,54245,4306,1.56,54244,3327,1.21,300492,99,275937,483698,277,260,1.0,0.0,X,2022-11-09T03:21:55.840Z
1667980111,2022-11-09 01:48:31 -0600,428d6efc67001dc34b2967bd8bff4fda13dfb188,20221108VT46374,live,92.0,VT,Vermont,46,1,2022-11-09T00:00:00.000Z,state,0,2022-11-09T07:45:43.962Z,279,283,98.59,53971,174075,62.97,53975,76823,27.79,54270,12316,4.45,54243,5585,2.02,54245,4330,1.57,54244,3332,1.21,300492,99,276461,483698,279,260,1.0,0.0,X,2022-11-09T03:21:55.840Z
1667980354,2022-11-09 01:52:34 -0600,b95b3aa03864d3aa8e20ef68881e81d2ed7e17c2,20221108VT46374,live,92.79,VT,Vermont,46,1,2022-11-09T00:00:00.000Z,state,0,2022-11-09T07:46:55.371Z,280,283,98.94,53971,175093,62.79,53975,77838,27.92,54270,12495,4.48,54243,5668,2.03,54245,4381,1.57,54244,3359,1.2,300492,99,278834,483698,280,263,1.0,0.0,X,2022-11-09T03:21:55.840Z
1667980452,2022-11-09 01:54:12 -0600,8582b289a5585f5144f1456aab265e4a7ab9ddc5,20221108VT46374,live,92.98,VT,Vermont,46,1,2022-11-09T00:00:00.000Z,state,0,2022-11-09T07:53:17.430Z,282,283,99.65,53971,175384,62.77,53975,78053,27.93,54270,12522,4.48,54243,5677,2.03,54245,4410,1.58,54244,3366,1.2,300492,99,279412,483698,282,263,1.0,0.0,X,2022-11-09T03:21:55.840Z
1667980960,2022-11-09 02:02:40 -0600,77e86fad3864f77f6953461bce33086104908ed9,20221108VT46374,live,92.99,VT,Vermont,46,1,2022-11-09T00:00:00.000Z,state,0,2022-11-09T08:01:54.596Z,282,283,99.65,53971,175384,62.76,53975,78053,27.93,54270,12540,4.49,54243,5677,2.03,54245,4411,1.58,54244,3366,1.2,300492,99,279431,483698,282,263,1.0,0.0,X,2022-11-09T03:21:55.840Z
1667981404,2022-11-09 02:10:04 -0600,e09740c31d10d15245b40b33933c939d855e3457,20221108VT46374,live,92.99,VT,Vermont,46,1,2022-11-09T00:00:00.000Z,state,0,2022-11-09T08:09:44.921Z,282,283,99.65,53971,175384,62.76,53975,78053,27.93,54270,12540,4.49,54243,5677,2.03,54245,4411,1.58,54244,3366,1.2,300492,99,279431,483698,282,263,1.0,0.0,X,2022-11-09T03:21:55.840Z
1667981443,2022-11-09 02:10:43 -0600,7cffe27ed1e74c6f72f6bbb8eb945d7366a075bf,20221108VT46374,live,92.99,VT,Vermont,46,1,2022-11-09T00:00:00.000Z,state,0,2022-11-09T08:09:48.541Z,282,283,99.65,53971,175384,62.76,53975,78053,27.93,54270,12540,4.49,54243,5677,2.03,54245,4411,1.58,54244,3366,1.2,300492,99,279431,483698,282,263,1.0,0.0,X,2022-11-09T03:21:55.840Z
1667981644,2022-11-09 02:14:04 -0600,795b577eaa6c2f9211213427433f95db1d9ee856,20221108VT46374,live,92.99,VT,Vermont,46,1,2022-11-09T00:00:00.000Z,state,0,2022-11-09T08:13:47.687Z,282,283,99.65,53971,175384,62.76,53975,78053,27.93,54270,12540,4.49,54243,5677,2.03,54245,4411,1.58,54244,3366,1.2,300492,99,279431,483698,282,263,1.0,0.0,X,2022-11-09T03:21:55.840Z
1667981683,2022-11-09 02:14:43 -0600,d173eee0ef4c7ccaabca12671861bcb345cf2884,20221108VT46374,live,92.99,VT,Vermont,46,1,2022-11-09T00:00:00.000Z,state,0,2022-11-09T08:14:17.362Z,282,283,99.65,53971,175384,62.76,53975,78053,27.93,54270,12540,4.49,54243,5677,2.03,54245,4411,1.58,54244,3366,1.2,300492,99,279431,483698,282,263,1.0,0.0,X,2022-11-09T03:21:55.840Z
1667981765,2022-11-09 02:16:05 -0600,737a3c50fdb927ba12862e09b821f52e102aeb12,20221108VT46374,live,92.99,VT,Vermont,46,1,2022-11-09T00:00:00.000Z,state,0,2022-11-09T08:14:32.752Z,282,283,99.65,53971,175384,62.76,53975,78053,27.93,54270,12540,4.49,54243,5677,2.03,54245,4411,1.58,54244,3366,1.2,300492,99,279431,483698,282,263,1.0,0.0,X,2022-11-09T03:21:55.840Z
1667981884,2022-11-09 02:18:04 -0600,1d01d3e7b1a7d975fd5163dbde647aabc94b3598,20221108VT46374,live,92.99,VT,Vermont,46,1,2022-11-09T00:00:00.000Z,state,0,2022-11-09T08:17:28.258Z,282,283,99.65,53971,175384,62.76,53975,78053,27.93,54270,12540,4.49,54243,5677,2.03,54245,4411,1.58,54244,3366,1.2,300492,99,279431,483698,282,263,1.0,0.0,X,2022-11-09T03:21:55.840Z
1667982002,2022-11-09 02:20:02 -0600,55d43d6174b4d852acbda6bae98fc1f4f93cabfe,20221108VT46374,live,92.99,VT,Vermont,46,1,2022-11-09T00:00:00.000Z,state,0,2022-11-09T08:19:39.480Z,282,283,99.65,53971,175384,62.76,53975,78053,27.93,54270,12540,4.49,54243,5677,2.03,54245,4411,1.58,54244,3366,1.2,300492,99,279431,483698,282,263,1.0,0.0,X,2022-11-09T03:21:55.840Z
1667982160,2022-11-09 02:22:40 -0600,6db70592cb0a84a4c1b9ef4b9bd094fff199cc3d,20221108VT46374,live,92.99,VT,Vermont,46,1,2022-11-09T00:00:00.000Z,state,0,2022-11-09T08:20:52.688Z,282,283,99.65,53971,175384,62.76,53975,78053,27.93,54270,12540,4.49,54243,5677,2.03,54245,4411,1.58,54244,3366,1.2,300492,99,279431,483698,282,263,1.0,0.0,X,2022-11-09T03:21:55.840Z
1667982794,2022-11-09 02:33:14 -0600,5fd5c7ba16ff99125ec4f08d3bb44215d222c35a,20221108VT46374,live,92.99,VT,Vermont,46,1,2022-11-09T00:00:00.000Z,state,0,2022-11-09T08:31:58.613Z,282,283,99.65,53971,175384,62.76,53975,78053,27.93,54270,12540,4.49,54243,5677,2.03,54245,4411,1.58,54244,3366,1.2,300492,99,279431,483698,282,263,1.0,0.0,X,2022-11-09T03:21:55.840Z
1667983149,2022-11-09 02:39:09 -0600,f17f62c6411696475865d02e47d92617e807836a,20221108VT46374,live,92.99,VT,Vermont,46,1,2022-11-09T00:00:00.000Z,state,0,2022-11-09T08:33:41.485Z,282,283,99.65,53971,175384,62.76,53975,78053,27.93,54270,12540,4.49,54243,5677,2.03,54245,4411,1.58,54244,3366,1.2,300492,99,279431,483698,282,263,1.0,0.0,X,2022-11-09T03:21:55.840Z
1667983471,2022-11-09 02:44:31 -0600,70d36d9850461d49fa32ba3e867341f797936529,20221108VT46374,live,98.0,VT,Vermont,46,1,2022-11-09T00:00:00.000Z,state,0,2022-11-09T08:41:56.395Z,282,283,99.65,53971,175384,62.76,53975,78053,27.93,54270,12540,4.49,54243,5677,2.03,54245,4411,1.58,54244,3366,1.2,285134,99,279431,483698,282,277,1.0,0.0,X,2022-11-09T03:21:55.840Z
1667984848,2022-11-09 03:07:28 -0600,e9b16afb9db085ca2bb568866869f7546b9f3f94,20221108VT46374,live,99.0,VT,Vermont,46,1,2022-11-09T00:00:00.000Z,state,0,2022-11-09T09:06:35.816Z,282,283,99.65,53971,175384,62.76,53975,78053,27.93,54270,12540,4.49,54243,5677,2.03,54245,4411,1.58,54244,3366,1.2,282254,99,279431,483698,282,280,1.0,0.0,X,2022-11-09T03:21:55.840Z
1667986070,2022-11-09 03:27:50 -0600,842d9624fa3e4ff5a6b6d21ac818296b8b09522a,20221108VT46374,live,99.0,VT,Vermont,46,1,2022-11-09T00:00:00.000Z,state,0,2022-11-09T09:27:07.794Z,282,283,99.65,53971,175384,62.76,53975,78053,27.93,54270,12540,4.49,54243,5677,2.03,54245,4411,1.58,54244,3366,1.2,282254,99,279431,483698,282,280,1.0,0.0,X,2022-11-09T03:21:55.840Z
1668014142,2022-11-09 11:15:42 -0600,aa64d8908a210b343f6c0c86d6e063a24d797404,20221108VT46374,live,99.0,VT,Vermont,46,1,2022-11-09T00:00:00.000Z,state,0,2022-11-09T17:15:10.982Z,283,283,100.0,53971,175630,62.74,53975,78255,27.95,54270,12574,4.49,54243,5686,2.03,54245,4418,1.58,54244,3373,1.2,282254,99,279936,483698,283,280,1.0,0.0,X,2022-11-09T03:21:55.840Z
1668017875,2022-11-09 12:17:55 -0600,dd5823554da9b1a7badf1ebca68d659d5aabd5b8,20221108VT46374,live,99.0,VT,Vermont,46,1,2022-11-09T00:00:00.000Z,state,0,2022-11-09T18:16:37.313Z,283,283,100.0,53971,175630,62.74,53975,78255,27.95,54270,12574,4.49,54243,5686,2.03,54245,4418,1.58,54244,3373,1.2,282254,99,279936,483698,283,280,1.0,0.0,X,2022-11-09T03:21:55.840Z
1668102595,2022-11-10 11:49:55 -0600,cfe1d85491ae380879daf0c8dd6a229e489bf04e,20221108VT46374,live,99.0,VT,Vermont,46,1,2022-11-09T00:00:00.000Z,state,0,2022-11-10T17:47:06.367Z,283,283,100.0,53971,175630,62.74,53975,78255,27.95,54270,12574,4.49,54243,5686,2.03,54245,4418,1.58,54244,3373,1.2,282254,99,279936,483698,283,280,1.0,0.0,X,2022-11-09T03:21:55.840Z
1668102804,2022-11-10 11:53:24 -0600,12677b7050874dcdbc99c62e83488dbecf949a65,20221108VT46374,live,99.0,VT,Vermont,46,1,2022-11-09T00:00:00.000Z,state,0,2022-11-10T17:51:19.598Z,283,283,100.0,53971,175630,62.74,53975,78255,27.95,54270,12574,4.49,54243,5686,2.03,54245,4418,1.58,54244,3373,1.2,282254,99,279936,483698,283,280,1.0,0.0,X,2022-11-09T03:21:55.840Z
1668103016,2022-11-10 11:56:56 -0600,fc09b19265d3dc137629dc74188e3b07d7255f15,20221108VT46374,live,99.0,VT,Vermont,46,1,2022-11-09T00:00:00.000Z,state,0,2022-11-10T17:54:40.076Z,283,283,100.0,53971,175630,62.74,53975,78255,27.95,54270,12574,4.49,54243,5686,2.03,54245,4418,1.58,54244,3373,1.2,282254,99,279936,483698,283,280,1.0,0.0,X,2022-11-09T03:21:55.840Z
1668137503,2022-11-10 21:31:43 -0600,3bc7eba7852de7e3e5a9ea9cc153279924252ec1,20221108VT46374,live,99.0,VT,Vermont,46,1,2022-11-09T00:00:00.000Z,state,0,2022-11-11T03:31:00.650Z,283,283,100.0,53971,175630,62.74,53975,78255,27.95,54270,12574,4.49,54243,5686,2.03,54245,4418,1.58,54244,3373,1.2,282254,99,279936,483698,283,280,1.0,0.0,X,2022-11-09T03:21:55.840Z
1668138143,2022-11-10 21:42:23 -0600,0b8ab66c3de39a1feaf4f38372981d9086bf201f,20221108VT46374,live,99.0,VT,Vermont,46,1,2022-11-09T00:00:00.000Z,state,0,2022-11-11T03:40:54.452Z,283,283,100.0,53971,175630,62.74,53975,78255,27.95,54270,12574,4.49,54243,5686,2.03,54245,4418,1.58,54244,3373,1.2,282254,99,279936,483698,283,280,1.0,0.0,X,2022-11-09T03:21:55.840Z
1668182812,2022-11-11 10:06:52 -0600,ce21390aa977ff8e9ccee0ebd5e63a02e4069afd,20221108VT46374,live,99.0,VT,Vermont,46,1,2022-11-09T00:00:00.000Z,state,0,2022-11-11T16:06:30.052Z,283,283,100.0,53971,175484,62.74,53975,78167,27.95,54270,12563,4.49,54243,5686,2.03,54245,4412,1.58,54244,3370,1.2,282254,99,279682,483698,283,280,1.0,0.0,X,2022-11-09T03:21:55.840Z
1668184095,2022-11-11 10:28:15 -0600,2ebd100a74cc748f9de114dd7e9ff221d25a4dca,20221108VT46374,live,99.0,VT,Vermont,46,1,2022-11-09T00:00:00.000Z,state,0,2022-11-11T16:27:43.994Z,283,283,100.0,53971,175484,62.74,53975,78167,27.95,54270,12563,4.49,54243,5686,2.03,54245,4412,1.58,54244,3370,1.2,282254,99,279682,483698,283,280,1.0,0.0,X,2022-11-09T03:21:55.840Z
1668541917,2022-11-15 13:51:57 -0600,384097842adad7adfacbe81581b8c24ac476a16b,20221108VT46374,live,100.0,VT,Vermont,46,1,2022-11-09T00:00:00.000Z,state,0,2022-11-15T19:51:50.119Z,283,283,100.0,53971,175484,62.74,53975,78167,27.95,54270,12563,4.49,54243,5686,2.03,54245,4412,1.58,54244,3370,1.2,279690,100,279682,483698,283,280,1.0,0.0,X,2022-11-09T03:21:55.840Z
1668541928,2022-11-15 13:52:08 -0600,35a429f1874030c4742f0959eb504de1a5653bca,20221108VT46374,live,99.99,VT,Vermont,46,1,2022-11-09T00:00:00.000Z,state,0,2022-11-15T19:51:56.018Z,283,283,100.0,53971,175484,62.74,53975,78167,27.95,54270,12563,4.49,54243,5686,2.03,54245,4412,1.58,54244,3370,1.2,279723,100,279682,483698,283,280,1.0,0.0,X,2022-11-09T03:21:55.840Z
1668541936,2022-11-15 13:52:16 -0600,fe435c9e4daa8a5b4b6b5237e92037b298db550a,20221108VT46374,live,99.98,VT,Vermont,46,1,2022-11-09T00:00:00.000Z,state,0,2022-11-15T19:52:07.731Z,283,283,100.0,53971,175484,62.74,53975,78167,27.95,54270,12563,4.49,54243,5686,2.03,54245,4412,1.58,54244,3370,1.2,279736,100,279682,483698,283,280,1.0,0.0,X,2022-11-09T03:21:55.840Z
1668541953,2022-11-15 13:52:33 -0600,c967ba606b5e6e629deca135948e92c7d7075729,20221108VT46374,live,99.54,VT,Vermont,46,1,2022-11-09T00:00:00.000Z,state,0,2022-11-15T19:52:22.847Z,283,283,100.0,53971,175484,62.74,53975,78167,27.95,54270,12563,4.49,54243,5686,2.03,54245,4412,1.58,54244,3370,1.2,280983,100,279682,483698,283,280,1.0,0.0,X,2022-11-09T03:21:55.840Z
1668541964,2022-11-15 13:52:44 -0600,ae4a8a0d3950bdf51e3a0dd85e2aa36fe2a232f6,20221108VT46374,live,99.54,VT,Vermont,46,1,2022-11-09T00:00:00.000Z,state,0,2022-11-15T19:52:28.320Z,283,283,100.0,53971,175484,62.74,53975,78167,27.95,54270,12563,4.49,54243,5686,2.03,54245,4412,1.58,54244,3370,1.2,280987,100,279682,483698,283,280,1.0,0.0,X,2022-11-09T03:21:55.840Z
1668541970,2022-11-15 13:52:50 -0600,eb149230cfa24e1a936bf316e76f6e911d0473d9,20221108VT46374,live,99.52,VT,Vermont,46,1,2022-11-09T00:00:00.000Z,state,0,2022-11-15T19:52:36.882Z,283,283,100.0,53971,175484,62.74,53975,78167,27.95,54270,12563,4.49,54243,5686,2.03,54245,4412,1.58,54244,3370,1.2,281021,100,279682,483698,283,280,1.0,0.0,X,2022-11-09T03:21:55.840Z
1668613522,2022-11-16 09:45:22 -0600,7d9c1ff425a0645f13430906359823fd78abc062,20221108VT46374,certified,100.0,VT,Vermont,46,1,2022-11-09T00:00:00.000Z,state,0,2022-11-16T15:44:56.157Z,283,283,100.0,53971,176494,62.8,53975,78397,27.9,54270,12589,4.48,54243,5737,2.04,54245,4428,1.58,54244,3376,1.2,281021,100,281021,483698,283,280,1.0,0.0,X,2022-11-09T03:21:55.840Z
1668622120,2022-11-16 12:08:40 -0600,6e418c16cc1d2ac5c892c4e451d999e1efa9d7b9,20221108VT46374,certified,100.0,VT,Vermont,46,1,2022-11-09T00:00:00.000Z,state,0,2022-11-16T18:08:27.653Z,283,283,100.0,53971,176494,62.8,53975,78397,27.9,54270,12589,4.48,54243,5737,2.04,54245,4428,1.58,54244,3376,1.2,281021,100,281021,483698,283,280,1.0,0.0,X,2022-11-09T03:21:55.840Z
1668622137,2022-11-16 12:08:57 -0600,2efc5667a83c10e34385077d3b48d6bfb0ebcb46,20221108VT46374,certified,100.0,VT,Vermont,46,1,2022-11-09T00:00:00.000Z,state,0,2022-11-16T18:08:33.007Z,283,283,100.0,53971,176494,62.8,53975,78397,27.9,54270,12589,4.48,54243,5737,2.04,54245,4428,1.58,54244,3376,1.2,281021,100,281021,483698,283,280,1.0,0.0,X,2022-11-09T03:21:55.840Z
1668702374,2022-11-17 10:26:14 -0600,f1fc5bb6f08df70ddfbaad85eb670f9f7c0b55ae,20221108VT46374,live,99.52,VT,Vermont,46,1,2022-11-09T00:00:00.000Z,state,0,2022-11-17T16:25:57.791Z,283,283,100.0,53971,175484,62.74,53975,78167,27.95,54270,12563,4.49,54243,5686,2.03,54245,4412,1.58,54244,3370,1.2,281021,100,279682,483698,283,280,1.0,0.0,X,2022-11-09T03:21:55.840Z
1668702392,2022-11-17 10:26:32 -0600,9734ac8a51503ac802855900391ecf44106c7107,20221108VT46374,live,99.52,VT,Vermont,46,1,2022-11-09T00:00:00.000Z,state,0,2022-11-17T16:26:17.349Z,283,283,100.0,53971,175484,62.74,53975,78167,27.95,54270,12563,4.49,54243,5686,2.03,54245,4412,1.58,54244,3370,1.2,281021,100,279682,483698,283,280,1.0,0.0,X,2022-11-09T03:21:55.840Z
1669840760,2022-11-30 14:39:20 -0600,f8b760dc13bc2b9aae1c59c4a65dce1c805e43d1,20221108VT46374,certified,100.0,VT,Vermont,46,1,2022-11-09T00:00:00.000Z,state,0,2022-11-30T20:38:53.402Z,283,283,100.0,53971,176494,62.8,53975,78397,27.9,54270,12589,4.48,54243,5737,2.04,54245,4428,1.58,54244,3376,1.2,281021,100,281021,483698,283,280,1.0,0.0,X,2022-11-09T03:21:55.840Z
