captureTimestamp,captureDateTime,captureRevision,raceID,resultsType,eevp,statePostal,stateName,reportingunitID,reportingunitLevel,pollClosingTime,level,electTotal,lastUpdated,precinctsReporting,precinctsTotal,precinctsReportingPct,candidates.0.candidateID,candidates.0.voteCount,candidates.0.votePct,candidates.1.candidateID,candidates.1.voteCount,candidates.1.votePct,parameters.vote.expected.actual,parameters.vote.expected.eevpCap,parameters.vote.total,parameters.vote.registered,parameters.precinctsReportingActual,parameters.precinctsReportingProportional,candidates.0.colorIndex,candidates.1.colorIndex,candidates.0.winner,candidates.0.calledAt
1667886761,2022-11-08 05:52:41 +0000,454ce019f86614717daba988180b8577e032630f,20221108AZ4231,live,0.0,AZ,Arizona,3,1,2022-11-09T02:00:00.000Z,state,0,2022-11-07T20:24:46.986Z,0,1732,0.0,10842,0,0.0,10843,0,0.0,2789446,99,0,4184169,0,0,,,,
1667944347,2022-11-08 21:52:27 +0000,05a3e91e497cb8d3251b3f2f481fd479b6ed8cc7,20221108AZ4231,live,0.0,AZ,Arizona,3,1,2022-11-09T02:00:00.000Z,state,0,2022-11-08T18:15:58.383Z,0,1732,0.0,10842,0,0.0,10843,0,0.0,2789446,99,0,4184169,0,0,,,,
1667963396,2022-11-09 03:09:56 +0000,6a46c0776c43a17d759f81499ba9ed2e8d7622fc,20221108AZ4231,live,0.0,AZ,Arizona,3,1,2022-11-09T02:00:00.000Z,state,0,2022-11-09T03:00:46.724Z,0,1732,0.0,10842,0,0.0,10843,0,0.0,2789446,99,0,4184169,0,0,,,,
1667963668,2022-11-09 03:14:28 +0000,504ec01bb7ea4ec861b67f44aa636e0055b5ba3d,20221108AZ4231,live,35.95,AZ,Arizona,3,1,2022-11-09T02:00:00.000Z,state,0,2022-11-09T03:06:27.919Z,56,1732,3.23,10843,565293,56.37,10842,437590,43.63,2789446,99,1002883,4184169,56,623,0.0,1.0,,
1667964227,2022-11-09 03:23:47 +0000,1cb90b95cdd6c1be23968f2b7d9618a95c5a5ad9,20221108AZ4231,live,35.95,AZ,Arizona,3,1,2022-11-09T02:00:00.000Z,state,0,2022-11-09T03:15:07.828Z,56,1732,3.23,10843,565293,56.37,10842,437590,43.63,2789446,99,1002883,4184169,56,623,0.0,1.0,,
1667964559,2022-11-09 03:29:19 +0000,9953e63a0357b9189618b1f7ef238581cfdffcbb,20221108AZ4231,live,36.94,AZ,Arizona,3,1,2022-11-09T02:00:00.000Z,state,0,2022-11-09T03:24:26.346Z,56,1732,3.23,10843,578234,56.12,10842,452079,43.88,2789446,99,1030313,4184169,56,640,0.0,1.0,,
1667965148,2022-11-09 03:39:08 +0000,6fdfe90630de6ba7d3077daaa37563b39e419cfc,20221108AZ4231,live,37.3,AZ,Arizona,3,1,2022-11-09T02:00:00.000Z,state,0,2022-11-09T03:26:28.833Z,77,1732,4.45,10843,582169,55.96,10842,458217,44.04,2789446,99,1040386,4184169,77,646,0.0,1.0,,
1667965711,2022-11-09 03:48:31 +0000,3f97935f76145660588ec69d4480a824e21e2bd4,20221108AZ4231,live,44.93,AZ,Arizona,3,1,2022-11-09T02:00:00.000Z,state,0,2022-11-09T03:39:02.830Z,77,1732,4.45,10843,718666,57.34,10842,534628,42.66,2789446,99,1253294,4184169,77,778,0.0,1.0,,
1667966001,2022-11-09 03:53:21 +0000,cee0a612753351ddb30fde2a157613da20f2be01,20221108AZ4231,live,44.93,AZ,Arizona,3,1,2022-11-09T02:00:00.000Z,state,0,2022-11-09T03:44:57.690Z,77,1732,4.45,10843,718666,57.34,10842,534628,42.66,2789446,99,1253294,4184169,77,778,0.0,1.0,,
1667966989,2022-11-09 04:09:49 +0000,47c6fd3e525919b429e23d0446afd1809e9c353c,20221108AZ4231,live,45.19,AZ,Arizona,3,1,2022-11-09T02:00:00.000Z,state,0,2022-11-09T04:00:27.871Z,77,1732,4.45,10843,722301,57.3,10842,538254,42.7,2789446,99,1260555,4184169,77,783,0.0,1.0,,
1667967269,2022-11-09 04:14:29 +0000,68d92bf23b94b96637a56b0d567d37a581d41ead,20221108AZ4231,live,45.31,AZ,Arizona,3,1,2022-11-09T02:00:00.000Z,state,0,2022-11-09T04:04:22.474Z,126,1732,7.27,10843,723186,57.22,10842,540579,42.78,2789446,99,1263765,4184169,126,785,0.0,1.0,,
1667967540,2022-11-08 22:19:00 -0600,673632f1537c7c9f2368084b99ec47b67621c41e,20221108AZ4231,live,45.31,AZ,Arizona,3,1,2022-11-09T02:00:00.000Z,state,0,2022-11-09T04:17:05.008Z,126,1732,7.27,10843,723214,57.22,10842,540642,42.78,2789446,99,1263856,4184169,126,785,0.0,1.0,,
1667968047,2022-11-08 22:27:27 -0600,3febed665f84b6f0a9717d87750ee8049f50fab6,20221108AZ4231,live,45.33,AZ,Arizona,3,1,2022-11-09T02:00:00.000Z,state,0,2022-11-09T04:25:43.943Z,126,1732,7.27,10843,723436,57.21,10842,541083,42.79,2789446,99,1264519,4184169,126,785,0.0,1.0,,
1667968138,2022-11-08 22:28:58 -0600,78be3d1941803188124b187362be51adf1e8fdfb,20221108AZ4231,live,45.34,AZ,Arizona,3,1,2022-11-09T02:00:00.000Z,state,0,2022-11-09T04:27:46.099Z,132,1732,7.62,10843,723519,57.21,10842,541219,42.79,2789446,99,1264738,4184169,132,785,0.0,1.0,,
1667968272,2022-11-08 22:31:12 -0600,97ef6c54bfa1c7ef6beea70c87aafe0c54251ad8,20221108AZ4231,live,45.36,AZ,Arizona,3,1,2022-11-09T02:00:00.000Z,state,0,2022-11-09T04:29:49.806Z,161,1732,9.3,10843,723716,57.2,10842,541447,42.8,2789446,99,1265163,4184169,161,786,0.0,1.0,,
1667968406,2022-11-08 22:33:26 -0600,9894c9990b429281fa1911dc561355d202f43cc4,20221108AZ4231,live,45.36,AZ,Arizona,3,1,2022-11-09T02:00:00.000Z,state,0,2022-11-09T04:32:04.056Z,161,1732,9.3,10843,723716,57.2,10842,541447,42.8,2789446,99,1265163,4184169,161,786,0.0,1.0,,
1667968494,2022-11-08 22:34:54 -0600,cfbd241bb06919184c9a5ad42a24eb60bc59879a,20221108AZ4231,live,45.5,AZ,Arizona,3,1,2022-11-09T02:00:00.000Z,state,0,2022-11-09T04:33:31.755Z,161,1732,9.3,10843,725641,57.17,10842,543633,42.83,2789446,99,1269274,4184169,161,788,0.0,1.0,,
1667968798,2022-11-08 22:39:58 -0600,a5f602864fc4763e8a6bc6f82d3436a01320e3bc,20221108AZ4231,live,45.53,AZ,Arizona,3,1,2022-11-09T02:00:00.000Z,state,0,2022-11-09T04:38:21.539Z,161,1732,9.3,10843,725799,57.15,10842,544158,42.85,2789446,99,1269957,4184169,161,789,0.0,1.0,,
1667969463,2022-11-08 22:51:03 -0600,33a57724ad86936b636ee9df9a6a905b84cec6b3,20221108AZ4231,live,45.73,AZ,Arizona,3,1,2022-11-09T02:00:00.000Z,state,0,2022-11-09T04:49:27.141Z,169,1732,9.76,10843,727108,57.0,10842,548416,43.0,2789446,99,1275524,4184169,169,792,0.0,1.0,,
1667969810,2022-11-08 22:56:50 -0600,b4af1c5ed222b2aca51b198a04f7adfc76d9c4e9,20221108AZ4231,live,45.73,AZ,Arizona,3,1,2022-11-09T02:00:00.000Z,state,0,2022-11-09T04:55:23.968Z,169,1732,9.76,10843,727149,57.0,10842,548599,43.0,2789446,99,1275748,4184169,169,792,0.0,1.0,,
1667969942,2022-11-08 22:59:02 -0600,302c96144aa0d22b0603db04cac0928c1e8a79f9,20221108AZ4231,live,45.75,AZ,Arizona,3,1,2022-11-09T02:00:00.000Z,state,0,2022-11-09T04:57:26.192Z,170,1732,9.82,10843,727342,57.0,10842,548755,43.0,2789446,99,1276097,4184169,170,792,0.0,1.0,,
1667970594,2022-11-08 23:09:54 -0600,d4f30f0656d3b91d4423d751f85b9496715af7d9,20221108AZ4231,live,45.75,AZ,Arizona,3,1,2022-11-09T02:00:00.000Z,state,0,2022-11-09T05:08:25.090Z,170,1732,9.82,10843,727342,57.0,10842,548755,43.0,2789446,99,1276097,4184169,170,792,0.0,1.0,,
1667971614,2022-11-08 23:26:54 -0600,3e2db293b352d34f57f22cada11d4f92f345178d,20221108AZ4231,live,46.03,AZ,Arizona,3,1,2022-11-09T02:00:00.000Z,state,0,2022-11-09T05:24:55.641Z,170,1732,9.82,10843,731592,56.98,10842,552295,43.02,2789446,99,1283887,4184169,170,797,0.0,1.0,,
1667971657,2022-11-08 23:27:37 -0600,d29b633bc901fb24234e16251a717d43d2b1d6c1,20221108AZ4231,live,46.17,AZ,Arizona,3,1,2022-11-09T02:00:00.000Z,state,0,2022-11-09T05:26:25.424Z,141,1732,8.14,10843,732673,56.89,10842,555199,43.11,2789446,99,1287872,4184169,141,800,0.0,1.0,,
1667972364,2022-11-08 23:39:24 -0600,bfe9cb466aa6b65574c16effa903cd993efd4fe0,20221108AZ4231,live,46.7,AZ,Arizona,3,1,2022-11-09T02:00:00.000Z,state,0,2022-11-09T05:37:46.793Z,355,1732,20.5,10843,737168,56.59,10842,565564,43.41,2789446,99,1302732,4184169,355,809,0.0,1.0,,
1667972473,2022-11-08 23:41:13 -0600,a29b2b07dc776af5545ee4ec64ead9d5ba96e873,20221108AZ4231,live,46.83,AZ,Arizona,3,1,2022-11-09T02:00:00.000Z,state,0,2022-11-09T05:39:57.881Z,359,1732,20.73,10843,737969,56.5,10842,568270,43.5,2789446,99,1306239,4184169,359,811,0.0,1.0,,
1667972585,2022-11-08 23:43:05 -0600,801d3f687be77bd20982c8b22a575eda658a7594,20221108AZ4231,live,46.95,AZ,Arizona,3,1,2022-11-09T02:00:00.000Z,state,0,2022-11-09T05:41:59.423Z,376,1732,21.71,10843,738903,56.42,10842,570765,43.58,2789446,99,1309668,4184169,376,813,0.0,1.0,,
1667972810,2022-11-08 23:46:50 -0600,aa61daf8417c040e13c56de238053c966d7a0302,20221108AZ4231,live,47.43,AZ,Arizona,3,1,2022-11-09T02:00:00.000Z,state,0,2022-11-09T05:45:26.499Z,376,1732,21.71,10843,745287,56.33,10842,577753,43.67,2789446,99,1323040,4184169,376,821,0.0,1.0,,
1667972986,2022-11-08 23:49:46 -0600,8b5a6bad408154143d5639ac38f52891382240a4,20221108AZ4231,live,47.43,AZ,Arizona,3,1,2022-11-09T02:00:00.000Z,state,0,2022-11-09T05:48:22.318Z,376,1732,21.71,10843,745287,56.33,10842,577753,43.67,2789446,99,1323040,4184169,376,821,0.0,1.0,,
1667973115,2022-11-08 23:51:55 -0600,76528750fef7c265d19f91ec30e86804e3da6e06,20221108AZ4231,live,47.44,AZ,Arizona,3,1,2022-11-09T02:00:00.000Z,state,0,2022-11-09T05:50:24.449Z,376,1732,21.71,10843,745344,56.33,10842,577897,43.67,2789446,99,1323241,4184169,376,822,0.0,1.0,,
1667973379,2022-11-08 23:56:19 -0600,ed82c57e44d916231a228645db25042e154a7fb4,20221108AZ4231,live,47.6,AZ,Arizona,3,1,2022-11-09T02:00:00.000Z,state,0,2022-11-09T05:54:42.673Z,376,1732,21.71,10843,746454,56.21,10842,581435,43.79,2789446,99,1327889,4184169,376,825,0.0,1.0,,
1667974006,2022-11-09 00:06:46 -0600,c8cae7bec2b0c7f4ed9e9ca6a473abc069a1d034,20221108AZ4231,live,47.6,AZ,Arizona,3,1,2022-11-09T02:00:00.000Z,state,0,2022-11-09T06:05:25.840Z,376,1732,21.71,10843,746454,56.21,10842,581435,43.79,2789446,99,1327889,4184169,376,825,0.0,1.0,,
1667974313,2022-11-09 00:11:53 -0600,6b3b0bacc6c41a15c188eab11ce932a1d154d208,20221108AZ4231,live,47.7,AZ,Arizona,3,1,2022-11-09T02:00:00.000Z,state,0,2022-11-09T06:09:41.367Z,439,1732,25.35,10843,747230,56.16,10842,583409,43.84,2789446,99,1330639,4184169,439,826,0.0,1.0,,
1667974664,2022-11-09 00:17:44 -0600,d987a91643923201706646f74ed6cc4da6a088a6,20221108AZ4231,live,47.76,AZ,Arizona,3,1,2022-11-09T02:00:00.000Z,state,0,2022-11-09T06:13:44.316Z,446,1732,25.75,10843,747993,56.15,10842,584188,43.85,2789446,99,1332181,4184169,446,827,0.0,1.0,,
1667975032,2022-11-09 00:23:52 -0600,2b4eef55da041b24d8b907ba1775c35ebda992e0,20221108AZ4231,live,47.76,AZ,Arizona,3,1,2022-11-09T02:00:00.000Z,state,0,2022-11-09T06:22:25.285Z,447,1732,25.81,10843,747993,56.15,10842,584188,43.85,2789446,99,1332181,4184169,447,827,0.0,1.0,,
1667975154,2022-11-09 00:25:54 -0600,e385cf3ed45230deb4315fbba874f4f4144f56b6,20221108AZ4231,live,47.76,AZ,Arizona,3,1,2022-11-09T02:00:00.000Z,state,0,2022-11-09T06:24:27.365Z,447,1732,25.81,10843,747993,56.15,10842,584188,43.85,2789446,99,1332181,4184169,447,827,0.0,1.0,,
1667975484,2022-11-09 00:31:24 -0600,81d3631081e4e7b24b990567f86cc67079a95e6c,20221108AZ4231,live,47.89,AZ,Arizona,3,1,2022-11-09T02:00:00.000Z,state,0,2022-11-09T06:29:58.936Z,493,1732,28.46,10843,749083,56.07,10842,586866,43.93,2789446,99,1335949,4184169,493,830,0.0,1.0,,
1667976061,2022-11-09 00:41:01 -0600,2426095677e6aeddf8c3a2913a97b500b67dca61,20221108AZ4231,live,47.94,AZ,Arizona,3,1,2022-11-09T02:00:00.000Z,state,0,2022-11-09T06:39:31.644Z,493,1732,28.46,10843,749278,56.04,10842,587868,43.96,2789446,99,1337146,4184169,493,830,0.0,1.0,,
1667976144,2022-11-09 00:42:24 -0600,9ba67be41054bbe85d475769a3f52b32f07bb1ad,20221108AZ4231,live,47.99,AZ,Arizona,3,1,2022-11-09T02:00:00.000Z,state,0,2022-11-09T06:41:17.118Z,504,1732,29.1,10843,749771,56.01,10842,588866,43.99,2789446,99,1338637,4184169,504,831,0.0,1.0,,
1667976265,2022-11-09 00:44:25 -0600,f24bbc37a7ca703e419e133d048b4da5b1f386e7,20221108AZ4231,live,47.99,AZ,Arizona,3,1,2022-11-09T02:00:00.000Z,state,0,2022-11-09T06:43:10.279Z,504,1732,29.1,10843,749771,56.01,10842,588866,43.99,2789446,99,1338637,4184169,504,831,0.0,1.0,,
1667976671,2022-11-09 00:51:11 -0600,ea959052a4daa986b427aee926dc66fbdb41fd60,20221108AZ4231,live,48.14,AZ,Arizona,3,1,2022-11-09T02:00:00.000Z,state,0,2022-11-09T06:49:54.656Z,510,1732,29.45,10843,750760,55.91,10842,592015,44.09,2789446,99,1342775,4184169,510,834,0.0,1.0,,
1667977490,2022-11-09 01:04:50 -0600,73af89bd198396be18bf17786481f7c1aff2cd2b,20221108AZ4231,live,48.74,AZ,Arizona,3,1,2022-11-09T02:00:00.000Z,state,0,2022-11-09T07:02:06.966Z,510,1732,29.45,10843,757334,55.71,10842,602119,44.29,2789446,99,1359453,4184169,510,844,0.0,1.0,,
1667977730,2022-11-09 01:08:50 -0600,eb7c135f53880b948a2c1d8d800428a5719cefdc,20221108AZ4231,live,48.74,AZ,Arizona,3,1,2022-11-09T02:00:00.000Z,state,0,2022-11-09T07:06:43.053Z,510,1732,29.45,10843,757334,55.71,10842,602119,44.29,2789446,99,1359453,4184169,510,844,0.0,1.0,,
1667977812,2022-11-09 01:10:12 -0600,f6003f8f022049fc0501c9f6d634893d3cdbfc16,20221108AZ4231,live,49.17,AZ,Arizona,3,1,2022-11-09T02:00:00.000Z,state,0,2022-11-09T07:08:59.845Z,587,1732,33.89,10843,761475,55.52,10842,610127,44.48,2789446,99,1371602,4184169,587,852,0.0,1.0,,
1667977935,2022-11-09 01:12:15 -0600,feb40c975705809cd00ffdf92140d1a7aba09790,20221108AZ4231,live,49.43,AZ,Arizona,3,1,2022-11-09T02:00:00.000Z,state,0,2022-11-09T07:11:02.449Z,587,1732,33.89,10843,765041,55.49,10842,613672,44.51,2789446,99,1378713,4184169,587,856,0.0,1.0,,
1667978502,2022-11-09 01:21:42 -0600,3a9aa1fa129e28027260f73511b9ecad38e5231d,20221108AZ4231,live,49.43,AZ,Arizona,3,1,2022-11-09T02:00:00.000Z,state,0,2022-11-09T07:20:26.606Z,587,1732,33.89,10843,765041,55.49,10842,613672,44.51,2789446,99,1378713,4184169,587,856,0.0,1.0,,
1667978582,2022-11-09 01:23:02 -0600,6fbbff39de224458e6936cb861e2ada647e487bb,20221108AZ4231,live,49.51,AZ,Arizona,3,1,2022-11-09T02:00:00.000Z,state,0,2022-11-09T07:21:43.603Z,596,1732,34.41,10843,765518,55.42,10842,615671,44.58,2789446,99,1381189,4184169,596,858,0.0,1.0,,
1667978987,2022-11-09 01:29:47 -0600,6fcf7a05ae4e9ea8d79e41c9b355c51adf37e425,20221108AZ4231,live,49.57,AZ,Arizona,3,1,2022-11-09T02:00:00.000Z,state,0,2022-11-09T07:28:06.597Z,619,1732,35.74,10843,766087,55.4,10842,616669,44.6,2789446,99,1382756,4184169,619,859,0.0,1.0,,
1667979392,2022-11-09 01:36:32 -0600,2a9713d989c4e8842dc1ac9158bf609fb05242be,20221108AZ4231,live,49.57,AZ,Arizona,3,1,2022-11-09T02:00:00.000Z,state,0,2022-11-09T07:34:29.893Z,619,1732,35.74,10843,766087,55.4,10842,616669,44.6,2789446,99,1382756,4184169,619,859,0.0,1.0,,
1667980354,2022-11-09 01:52:34 -0600,b95b3aa03864d3aa8e20ef68881e81d2ed7e17c2,20221108AZ4231,live,49.65,AZ,Arizona,3,1,2022-11-09T02:00:00.000Z,state,0,2022-11-09T07:49:14.582Z,619,1732,35.74,10843,766461,55.35,10842,618414,44.65,2789446,99,1384875,4184169,619,860,0.0,1.0,,
1667980840,2022-11-09 02:00:40 -0600,5418f1636d7484673d071c25f7efde6e91377caa,20221108AZ4231,live,49.66,AZ,Arizona,3,1,2022-11-09T02:00:00.000Z,state,0,2022-11-09T07:59:42.314Z,620,1732,35.8,10843,766667,55.34,10842,618701,44.66,2789446,99,1385368,4184169,620,860,0.0,1.0,,
1667981163,2022-11-09 02:06:03 -0600,c8b71ed8acd6f0c4e3f13e356ff35797eb1102f6,20221108AZ4231,live,50.06,AZ,Arizona,3,1,2022-11-09T02:00:00.000Z,state,0,2022-11-09T08:04:00.345Z,625,1732,36.09,10843,770194,55.16,10842,626119,44.84,2789446,99,1396313,4184169,625,867,0.0,1.0,,
1667981242,2022-11-09 02:07:22 -0600,cf751ccf5a467e68d03bb00a59a524242998a7c9,20221108AZ4231,live,50.16,AZ,Arizona,3,1,2022-11-09T02:00:00.000Z,state,0,2022-11-09T08:06:02.168Z,637,1732,36.78,10843,771382,55.13,10842,627832,44.87,2789446,99,1399214,4184169,637,869,0.0,1.0,,
1667982002,2022-11-09 02:20:02 -0600,55d43d6174b4d852acbda6bae98fc1f4f93cabfe,20221108AZ4231,live,50.54,AZ,Arizona,3,1,2022-11-09T02:00:00.000Z,state,0,2022-11-09T08:18:46.376Z,638,1732,36.84,10843,775326,54.99,10842,634584,45.01,2789446,99,1409910,4184169,638,875,0.0,1.0,,
1667982318,2022-11-09 02:25:18 -0600,d78896390711a8466dc4ef9e83dee06bc896d9df,20221108AZ4231,live,55.02,AZ,Arizona,3,1,2022-11-09T02:00:00.000Z,state,0,2022-11-09T08:23:37.154Z,638,1732,36.84,10843,806775,52.57,10842,727999,47.43,2789446,99,1534774,4184169,638,953,0.0,1.0,,
1667982636,2022-11-09 02:30:36 -0600,5acc7456ca91022c54c673fb8195b1dd05f915f9,20221108AZ4231,live,55.02,AZ,Arizona,3,1,2022-11-09T02:00:00.000Z,state,0,2022-11-09T08:29:27.714Z,638,1732,36.84,10843,806775,52.57,10842,727999,47.43,2789446,99,1534774,4184169,638,953,0.0,1.0,,
1667982794,2022-11-09 02:33:14 -0600,5fd5c7ba16ff99125ec4f08d3bb44215d222c35a,20221108AZ4231,live,55.12,AZ,Arizona,3,1,2022-11-09T02:00:00.000Z,state,0,2022-11-09T08:31:29.384Z,650,1732,37.53,10843,808090,52.56,10842,729458,47.44,2789446,99,1537548,4184169,650,955,0.0,1.0,,
1667983595,2022-11-09 02:46:35 -0600,2dd0aebbae72cb28f364a323cce9d6d3c29ae669,20221108AZ4231,live,55.26,AZ,Arizona,3,1,2022-11-09T02:00:00.000Z,state,0,2022-11-09T08:44:25.628Z,650,1732,37.53,10843,808825,52.47,10842,732738,47.53,2789446,99,1541563,4184169,650,957,0.0,1.0,,
1667984080,2022-11-09 02:54:40 -0600,64f6a7ce21c05e56c49189b02387a15c5c842df8,20221108AZ4231,live,55.51,AZ,Arizona,3,1,2022-11-09T02:00:00.000Z,state,0,2022-11-09T08:52:48.219Z,656,1732,37.88,10843,810492,52.34,10842,737915,47.66,2789446,99,1548407,4184169,656,961,0.0,1.0,,
1667984162,2022-11-09 02:56:02 -0600,b6b6d8a3f4801ed3185f0ad55bce4f5decede761,20221108AZ4231,live,55.51,AZ,Arizona,3,1,2022-11-09T02:00:00.000Z,state,0,2022-11-09T08:54:25.170Z,656,1732,37.88,10843,810492,52.34,10842,737915,47.66,2789446,99,1548407,4184169,656,961,0.0,1.0,,
1667984283,2022-11-09 02:58:03 -0600,0170dd1ad3b2504037f68d6f19c85fd52c958ac5,20221108AZ4231,live,57.73,AZ,Arizona,3,1,2022-11-09T02:00:00.000Z,state,0,2022-11-09T08:57:07.218Z,656,1732,37.88,10843,831456,51.63,10842,779013,48.37,2789446,99,1610469,4184169,656,1000,0.0,1.0,,
1667984643,2022-11-09 03:04:03 -0600,c379357a888a5ba9047063da02c1ed2809e3ab76,20221108AZ4231,live,57.73,AZ,Arizona,3,1,2022-11-09T02:00:00.000Z,state,0,2022-11-09T09:01:24.474Z,656,1732,37.88,10843,831456,51.63,10842,779013,48.37,2789446,99,1610469,4184169,656,1000,0.0,1.0,,
1667985591,2022-11-09 03:19:51 -0600,483b045d8eb45553d1fc158eaa878605708e5845,20221108AZ4231,live,57.73,AZ,Arizona,3,1,2022-11-09T02:00:00.000Z,state,0,2022-11-09T09:17:26.251Z,656,1732,37.88,10843,831456,51.63,10842,779013,48.37,2789446,99,1610469,4184169,656,1000,0.0,1.0,,
1667986470,2022-11-09 03:34:30 -0600,8252d82224313aea9a0d717a99f01f186da092f3,20221108AZ4231,live,57.81,AZ,Arizona,3,1,2022-11-09T02:00:00.000Z,state,0,2022-11-09T09:33:08.974Z,664,1732,38.34,10843,832542,51.63,10842,780105,48.37,2789446,99,1612647,4184169,664,1001,0.0,1.0,,
1667986791,2022-11-09 03:39:51 -0600,9a50c153b47784532606d145b7458db430ba2b1b,20221108AZ4231,live,58.4,AZ,Arizona,3,1,2022-11-09T02:00:00.000Z,state,0,2022-11-09T09:35:27.197Z,667,1732,38.51,10843,837667,51.42,10842,791317,48.58,2789446,99,1628984,4184169,667,1011,0.0,1.0,,
1667987239,2022-11-09 03:47:19 -0600,ea04b4cf4ec3ed63cf6d1c51c268e60bdfd448b5,20221108AZ4231,live,58.49,AZ,Arizona,3,1,2022-11-09T02:00:00.000Z,state,0,2022-11-09T09:45:53.734Z,667,1732,38.51,10843,838205,51.38,10842,793303,48.62,2789446,99,1631508,4184169,667,1013,0.0,1.0,,
1667988006,2022-11-09 04:00:06 -0600,4a727edcdaed346df9a04de89a91559ac20cd2b0,20221108AZ4231,live,58.71,AZ,Arizona,3,1,2022-11-09T02:00:00.000Z,state,0,2022-11-09T09:58:36.703Z,667,1732,38.51,10843,840600,51.33,10842,796977,48.67,2789446,99,1637577,4184169,667,1017,0.0,1.0,,
1667988603,2022-11-09 04:10:03 -0600,c57fd67b0b96993b9f7c98a49335fed712bca534,20221108AZ4231,live,58.87,AZ,Arizona,3,1,2022-11-09T02:00:00.000Z,state,0,2022-11-09T10:07:14.984Z,671,1732,38.74,10843,842836,51.33,10842,799302,48.67,2789446,99,1642138,4184169,671,1020,0.0,1.0,,
1667989121,2022-11-09 04:18:41 -0600,c465f18bc76653d10d16bdf8263355edd2fe0344,20221108AZ4231,live,58.96,AZ,Arizona,3,1,2022-11-09T02:00:00.000Z,state,0,2022-11-09T10:17:41.656Z,672,1732,38.8,10843,843433,51.28,10842,801167,48.72,2789446,99,1644600,4184169,672,1021,0.0,1.0,,
1667991206,2022-11-09 04:53:26 -0600,6cffc68bef231669149bccf87b74683f61f2d0fb,20221108AZ4231,live,59.07,AZ,Arizona,3,1,2022-11-09T02:00:00.000Z,state,0,2022-11-09T10:51:47.263Z,672,1732,38.8,10843,844060,51.23,10842,803654,48.77,2789446,99,1647714,4184169,672,1023,0.0,1.0,,
1667993074,2022-11-09 05:24:34 -0600,5b70ba98b31836e42a8b6f8fd7c12910559a25bf,20221108AZ4231,live,59.16,AZ,Arizona,3,1,2022-11-09T02:00:00.000Z,state,0,2022-11-09T11:23:26.250Z,672,1732,38.8,10843,844620,51.18,10842,805643,48.82,2789446,99,1650263,4184169,672,1025,0.0,1.0,,
1667994034,2022-11-09 05:40:34 -0600,fc5cd167d2620d4c06b3da55788a5f6d7ac38da2,20221108AZ4231,live,59.16,AZ,Arizona,3,1,2022-11-09T02:00:00.000Z,state,0,2022-11-09T11:38:27.086Z,674,1732,38.91,10843,844620,51.18,10842,805643,48.82,2789446,99,1650263,4184169,674,1025,0.0,1.0,,
1667997036,2022-11-09 06:30:36 -0600,cdacc4bec11b237d4aaf6d61e2d0e8e57d5bd0e4,20221108AZ4231,live,59.16,AZ,Arizona,3,1,2022-11-09T02:00:00.000Z,state,0,2022-11-09T12:29:25.944Z,674,1732,38.91,10843,844620,51.18,10842,805643,48.82,2789446,99,1650263,4184169,674,1025,0.0,1.0,,
1667997277,2022-11-09 06:34:37 -0600,f72ac4b6667ab414d059a70d7f9a1da37cdf1a5d,20221108AZ4231,live,59.77,AZ,Arizona,3,1,2022-11-09T02:00:00.000Z,state,0,2022-11-09T12:33:40.153Z,674,1732,38.91,10843,853230,51.17,10842,814150,48.83,2789446,99,1667380,4184169,674,1035,0.0,1.0,,
1668003664,2022-11-09 08:21:04 -0600,039a76f2968c8f7d81c8712d5ed24043f5abfba9,20221108AZ4231,live,60.96,AZ,Arizona,3,1,2022-11-09T02:00:00.000Z,state,0,2022-11-09T14:19:41.968Z,779,1732,44.98,10843,862363,50.71,10842,838111,49.29,2789446,99,1700474,4184169,779,1056,0.0,1.0,,
1668003744,2022-11-09 08:22:24 -0600,81457a14864f7e8d249d1f6be7b2b54fab9c3abb,20221108AZ4231,live,60.96,AZ,Arizona,3,1,2022-11-09T02:00:00.000Z,state,0,2022-11-09T14:21:26.113Z,779,1732,44.98,10843,862363,50.71,10842,838111,49.29,2789446,99,1700474,4184169,779,1056,0.0,1.0,,
1668004146,2022-11-09 08:29:06 -0600,b9169ba7fa99c20656799825a0677eca3846acd6,20221108AZ4231,live,66.0,AZ,Arizona,3,1,2022-11-09T02:00:00.000Z,state,0,2022-11-09T14:27:48.433Z,779,1732,44.98,10843,862363,50.71,10842,838111,49.29,2576476,99,1700474,4184169,779,1143,0.0,1.0,,
1668009138,2022-11-09 09:52:18 -0600,ed2b0bcf3f643ba99f29f2dae1192b8b01c130ef,20221108AZ4231,live,66.0,AZ,Arizona,3,1,2022-11-09T02:00:00.000Z,state,0,2022-11-09T15:51:13.073Z,783,1732,45.21,10843,862363,50.71,10842,838111,49.29,2576476,99,1700474,4184169,783,1143,0.0,1.0,,
1668009262,2022-11-09 09:54:22 -0600,05b2df033de8074b9e224f40acbc04f63ff3f1d3,20221108AZ4231,live,66.0,AZ,Arizona,3,1,2022-11-09T02:00:00.000Z,state,0,2022-11-09T15:53:15.217Z,783,1732,45.21,10843,862363,50.71,10842,838111,49.29,2576476,99,1700474,4184169,783,1143,0.0,1.0,,
1668011197,2022-11-09 10:26:37 -0600,1b554ea7bf9f739d7b56884f55a9c3e491413606,20221108AZ4231,live,66.0,AZ,Arizona,3,1,2022-11-09T02:00:00.000Z,state,0,2022-11-09T16:25:26.340Z,783,1732,45.21,10843,862363,50.71,10842,838111,49.29,2576476,99,1700474,4184169,783,1143,0.0,1.0,,
1668024058,2022-11-09 14:00:58 -0600,c5dbf83d765406f6931c207ba25e85d46181f8e7,20221108AZ4231,live,66.03,AZ,Arizona,3,1,2022-11-09T02:00:00.000Z,state,0,2022-11-09T19:59:43.525Z,783,1732,45.21,10843,862736,50.71,10842,838563,49.29,2576476,99,1701299,4184169,783,1144,0.0,1.0,,
1668031172,2022-11-09 15:59:32 -0600,40133ce46bad4f8752df1d8ea9a1ed02dea6933d,20221108AZ4231,live,66.83,AZ,Arizona,3,1,2022-11-09T02:00:00.000Z,state,0,2022-11-09T21:58:31.436Z,783,1732,45.21,10843,869757,50.51,10842,852101,49.49,2576476,99,1721858,4184169,783,1157,0.0,1.0,,
1668032046,2022-11-09 16:14:06 -0600,ec9dcb518c9cfcc1c5103088ea21530d7e0bdfc6,20221108AZ4231,live,66.87,AZ,Arizona,3,1,2022-11-09T02:00:00.000Z,state,0,2022-11-09T22:13:10.198Z,783,1732,45.21,10843,870150,50.5,10842,852855,49.5,2576476,99,1723005,4184169,783,1158,0.0,1.0,,
1668032711,2022-11-09 16:25:11 -0600,5a2a0895d13d39b6a5367f44e9bc3888219bb159,20221108AZ4231,live,66.87,AZ,Arizona,3,1,2022-11-09T02:00:00.000Z,state,0,2022-11-09T22:23:48.846Z,797,1732,46.02,10843,870150,50.5,10842,852855,49.5,2576476,99,1723005,4184169,797,1158,0.0,1.0,,
1668033947,2022-11-09 16:45:47 -0600,267ac61a53e30c0698ad8ec63d2759d8fc28bee2,20221108AZ4231,live,66.87,AZ,Arizona,3,1,2022-11-09T02:00:00.000Z,state,0,2022-11-09T22:44:26.925Z,797,1732,46.02,10843,870150,50.5,10842,852855,49.5,2576476,99,1723005,4184169,797,1158,0.0,1.0,,
1668033988,2022-11-09 16:46:28 -0600,47115298971d5b101350f130e572b0321626e937,20221108AZ4231,live,66.88,AZ,Arizona,3,1,2022-11-09T02:00:00.000Z,state,0,2022-11-09T22:45:09.111Z,797,1732,46.02,10843,870165,50.5,10842,852876,49.5,2576476,99,1723041,4184169,797,1158,0.0,1.0,,
1668036648,2022-11-09 17:30:48 -0600,bde4430f1e07d132d44ec65af01e1deeb7f2c7cf,20221108AZ4231,live,66.88,AZ,Arizona,3,1,2022-11-09T02:00:00.000Z,state,0,2022-11-09T23:29:41.165Z,797,1732,46.02,10843,870219,50.5,10842,853000,49.5,2576476,99,1723219,4184169,797,1158,0.0,1.0,,
1668039601,2022-11-09 18:20:01 -0600,7e65cd8737daf0be587b2b54fe1d0732f86b906f,20221108AZ4231,live,66.92,AZ,Arizona,3,1,2022-11-09T02:00:00.000Z,state,0,2022-11-10T00:18:32.275Z,797,1732,46.02,10843,870685,50.5,10842,853588,49.5,2576476,99,1724273,4184169,797,1159,0.0,1.0,,
1668041262,2022-11-09 18:47:42 -0600,3a6fb21407434c4f1507af6523ed9d0b5915d572,20221108AZ4231,live,66.97,AZ,Arizona,3,1,2022-11-09T02:00:00.000Z,state,0,2022-11-10T00:46:07.625Z,797,1732,46.02,10843,871288,50.5,10842,854150,49.5,2576476,99,1725438,4184169,797,1160,0.0,1.0,,
1668042677,2022-11-09 19:11:17 -0600,0b14c3d1c32073c33d0d7452ed0510a095a2ca13,20221108AZ4231,live,67.47,AZ,Arizona,3,1,2022-11-09T02:00:00.000Z,state,0,2022-11-10T01:07:12.285Z,797,1732,46.02,10843,879533,50.6,10842,858840,49.4,2576476,99,1738373,4184169,797,1169,0.0,1.0,,
1668044525,2022-11-09 19:42:05 -0600,dbe363ed19d86e5b6fa45e1a75e9a231ab06d3da,20221108AZ4231,live,67.47,AZ,Arizona,3,1,2022-11-09T02:00:00.000Z,state,0,2022-11-10T01:41:10.011Z,797,1732,46.02,10843,879557,50.6,10842,858868,49.4,2576476,99,1738425,4184169,797,1169,0.0,1.0,,
1668045070,2022-11-09 19:51:10 -0600,7ef78fa0bbead8f53016dfec28f716add8ee64a1,20221108AZ4231,live,69.69,AZ,Arizona,3,1,2022-11-09T02:00:00.000Z,state,0,2022-11-10T01:49:57.029Z,797,1732,46.02,10843,910216,50.69,10842,885392,49.31,2576476,99,1795608,4184169,797,1207,0.0,1.0,,
1668046700,2022-11-09 20:18:20 -0600,9183598b5bf342918e51ea320caf6e5305c2af72,20221108AZ4231,live,69.69,AZ,Arizona,3,1,2022-11-09T02:00:00.000Z,state,0,2022-11-10T02:17:19.925Z,797,1732,46.02,10843,910216,50.69,10842,885392,49.31,2576476,99,1795608,4184169,797,1207,0.0,1.0,,
1668110371,2022-11-10 13:59:31 -0600,4194e7769636e591118812828fa610e9dd1adfd0,20221108AZ4231,live,69.8,AZ,Arizona,3,1,2022-11-09T02:00:00.000Z,state,0,2022-11-10T19:58:24.041Z,797,1732,46.02,10843,911481,50.68,10842,886971,49.32,2576476,99,1798452,4184169,797,1209,0.0,1.0,,
1668111772,2022-11-10 14:22:52 -0600,997ef001e053942c95f23b5ceb73f497bc0914cf,20221108AZ4231,live,69.81,AZ,Arizona,3,1,2022-11-09T02:00:00.000Z,state,0,2022-11-10T20:21:49.807Z,797,1732,46.02,10843,911612,50.68,10842,887011,49.32,2576476,99,1798623,4184169,797,1209,0.0,1.0,,
1668112819,2022-11-10 14:40:19 -0600,4d5b1b356c721daef2d9b9d370e27665cd6854c7,20221108AZ4231,live,70.27,AZ,Arizona,3,1,2022-11-09T02:00:00.000Z,state,0,2022-11-10T20:38:52.258Z,797,1732,46.02,10843,919101,50.77,10842,891325,49.23,2576476,99,1810426,4184169,797,1217,0.0,1.0,,
1668113867,2022-11-10 14:57:47 -0600,1116bec8bf990033b9ef879075aa954620d0ce86,20221108AZ4231,live,70.27,AZ,Arizona,3,1,2022-11-09T02:00:00.000Z,state,0,2022-11-10T20:56:25.274Z,797,1732,46.02,10843,919101,50.77,10842,891325,49.23,2576476,99,1810426,4184169,797,1217,0.0,1.0,,
1668114705,2022-11-10 15:11:45 -0600,acf1628d3239515507bda9ef9c17291f127ffdc9,20221108AZ4231,live,70.28,AZ,Arizona,3,1,2022-11-09T02:00:00.000Z,state,0,2022-11-10T21:10:40.803Z,797,1732,46.02,10843,919217,50.77,10842,891499,49.23,2576476,99,1810716,4184169,797,1217,0.0,1.0,,
1668124733,2022-11-10 17:58:53 -0600,6a38e671ba18648eeb8b24188472c991929d2c23,20221108AZ4231,live,70.4,AZ,Arizona,3,1,2022-11-09T02:00:00.000Z,state,0,2022-11-10T23:57:02.908Z,797,1732,46.02,10843,920205,50.73,10842,893729,49.27,2576476,99,1813934,4184169,797,1219,0.0,1.0,,
1668124902,2022-11-10 18:01:42 -0600,cd9cf8334d498df528100178658a6c7eec9ddfbd,20221108AZ4231,live,70.44,AZ,Arizona,3,1,2022-11-09T02:00:00.000Z,state,0,2022-11-11T00:00:22.049Z,797,1732,46.02,10843,920708,50.73,10842,894277,49.27,2576476,99,1814985,4184169,797,1220,0.0,1.0,,
1668127675,2022-11-10 18:47:55 -0600,997a73dcead84928cf85d41a70b1ec02563eb188,20221108AZ4231,live,70.55,AZ,Arizona,3,1,2022-11-09T02:00:00.000Z,state,0,2022-11-11T00:46:53.096Z,797,1732,46.02,10843,922505,50.75,10842,895319,49.25,2576476,99,1817824,4184169,797,1222,0.0,1.0,,
1668128594,2022-11-10 19:03:14 -0600,67b18e047b4c1078a21a9261ce478bbbf1d914f8,20221108AZ4231,live,70.61,AZ,Arizona,3,1,2022-11-09T02:00:00.000Z,state,0,2022-11-11T01:01:53.701Z,797,1732,46.02,10843,923371,50.76,10842,895808,49.24,2576476,99,1819179,4184169,797,1223,0.0,1.0,,
1668128847,2022-11-10 19:07:27 -0600,f57eeb279c31740e18a85136f928ccd7557c4c1c,20221108AZ4231,live,71.35,AZ,Arizona,3,1,2022-11-09T02:00:00.000Z,state,0,2022-11-11T01:06:19.314Z,797,1732,46.02,10843,935262,50.87,10842,903140,49.13,2576476,99,1838402,4184169,797,1236,0.0,1.0,,
1668129562,2022-11-10 19:19:22 -0600,7545222e68f009e1dc81d70b47c2894c555a47c5,20221108AZ4231,live,71.35,AZ,Arizona,3,1,2022-11-09T02:00:00.000Z,state,0,2022-11-11T01:18:21.953Z,797,1732,46.02,10843,935262,50.87,10842,903140,49.13,2576476,99,1838402,4184169,797,1236,0.0,1.0,,
1668134700,2022-11-10 20:45:00 -0600,257c0acc9e40e671e403feced1dea6ce310250a3,20221108AZ4231,live,71.47,AZ,Arizona,3,1,2022-11-09T02:00:00.000Z,state,0,2022-11-11T02:43:31.554Z,797,1732,46.02,10843,936705,50.87,10842,904591,49.13,2576476,99,1841296,4184169,797,1238,0.0,1.0,,
1668134829,2022-11-10 20:47:09 -0600,124aae7a51f8b24b01d2e2198668f4951279f827,20221108AZ4231,live,72.05,AZ,Arizona,3,1,2022-11-09T02:00:00.000Z,state,0,2022-11-11T02:44:01.257Z,797,1732,46.02,10843,943045,50.8,10842,913307,49.2,2576476,99,1856352,4184169,797,1248,0.0,1.0,,
1668135809,2022-11-10 21:03:29 -0600,78a47f079f7d5745a3642977458421f6d9034fc2,20221108AZ4231,live,74.87,AZ,Arizona,3,1,2022-11-09T02:00:00.000Z,state,0,2022-11-11T03:02:17.533Z,797,1732,46.02,10843,982128,50.91,10842,946915,49.09,2576476,99,1929043,4184169,797,1297,0.0,1.0,,
1668138408,2022-11-10 21:46:48 -0600,f63f2396f29627b6b61479c2a6387c0af5a7c3d1,20221108AZ4231,live,74.87,AZ,Arizona,3,1,2022-11-09T02:00:00.000Z,state,0,2022-11-11T03:45:32.546Z,797,1732,46.02,10843,982128,50.91,10842,946915,49.09,2576476,99,1929043,4184169,797,1297,0.0,1.0,,
1668140575,2022-11-10 22:22:55 -0600,8b67bca043da8e818fc9a24ca77732903c85f714,20221108AZ4231,live,74.9,AZ,Arizona,3,1,2022-11-09T02:00:00.000Z,state,0,2022-11-11T04:21:23.436Z,797,1732,46.02,10843,982536,50.91,10842,947263,49.09,2576476,99,1929799,4184169,797,1297,0.0,1.0,,
1668142539,2022-11-10 22:55:39 -0600,6fbc1d3ef8d1b055d9e186a1336f849825c2518a,20221108AZ4231,live,82.0,AZ,Arizona,3,1,2022-11-09T02:00:00.000Z,state,0,2022-11-11T04:54:42.748Z,797,1732,46.02,10843,982536,50.91,10842,947263,49.09,2353413,99,1929799,4184169,797,1420,0.0,1.0,,
1668194242,2022-11-11 13:17:22 -0600,0e8d4bb93c82c6ed7218950d09b52d5bec85cd51,20221108AZ4231,live,78.0,AZ,Arizona,3,1,2022-11-09T02:00:00.000Z,state,0,2022-11-11T19:15:50.878Z,797,1732,46.02,10843,982536,50.91,10842,947263,49.09,2474101,99,1929799,4184169,797,1351,0.0,1.0,,
1668195075,2022-11-11 13:31:15 -0600,7f451ed3c1695f466b9301f87ee08a3b377e0a12,20221108AZ4231,live,78.02,AZ,Arizona,3,1,2022-11-09T02:00:00.000Z,state,0,2022-11-11T19:29:59.190Z,797,1732,46.02,10843,982719,50.91,10842,947474,49.09,2474101,99,1930193,4184169,797,1351,0.0,1.0,,
1668200686,2022-11-11 15:04:46 -0600,68ef17b0d1588bfb8d4a774f8046490188cfc393,20221108AZ4231,live,78.05,AZ,Arizona,3,1,2022-11-09T02:00:00.000Z,state,0,2022-11-11T21:03:23.158Z,797,1732,46.02,10843,983163,50.91,10842,947871,49.09,2474101,99,1931034,4184169,797,1352,0.0,1.0,,
1668210594,2022-11-11 17:49:54 -0600,341b2ed87b491a43d62295cae619b66f60b7d17c,20221108AZ4231,live,78.35,AZ,Arizona,3,1,2022-11-09T02:00:00.000Z,state,0,2022-11-11T23:48:50.795Z,1357,1732,78.35,10843,986439,50.89,10842,951990,49.11,2474101,99,1938429,4184169,797,1357,0.0,1.0,,
1668211221,2022-11-11 18:00:21 -0600,3d70a906afed419f8df6c058092b33edd1b0e006,20221108AZ4231,live,78.35,AZ,Arizona,3,1,2022-11-09T02:00:00.000Z,state,0,2022-11-11T23:59:16.630Z,1357,1732,78.35,10843,986481,50.89,10842,952060,49.11,2474101,99,1938541,4184169,797,1357,0.0,1.0,,
1668215120,2022-11-11 19:05:20 -0600,9b82d42b56cfb3caa26c3cc7732bbfcc1e821658,20221108AZ4231,live,78.77,AZ,Arizona,3,1,2022-11-09T02:00:00.000Z,state,0,2022-11-12T01:04:01.139Z,1364,1732,78.75,10843,989412,50.77,10842,959329,49.23,2474101,99,1948741,4184169,797,1364,0.0,1.0,,
1668215494,2022-11-11 19:11:34 -0600,41732617b412752b112b5676df7b3a073793683e,20221108AZ4231,live,78.92,AZ,Arizona,3,1,2022-11-09T02:00:00.000Z,state,0,2022-11-12T01:10:32.357Z,1367,1732,78.93,10843,991981,50.81,10842,960517,49.19,2474101,99,1952498,4184169,797,1367,0.0,1.0,,
1668217018,2022-11-11 19:36:58 -0600,16a89c7fe118ee552590d8a60c8ee7f7b02b650b,20221108AZ4231,live,79.86,AZ,Arizona,3,1,2022-11-09T02:00:00.000Z,state,0,2022-11-12T01:35:50.127Z,1383,1732,79.85,10843,1006580,50.95,10842,969218,49.05,2474101,99,1975798,4184169,797,1383,0.0,1.0,,
1668219065,2022-11-11 20:11:05 -0600,f7e18f172b4cf7eb1b1d90de7d1a09a783b5f5c5,20221108AZ4231,live,80.24,AZ,Arizona,3,1,2022-11-09T02:00:00.000Z,state,0,2022-11-12T02:09:53.110Z,1390,1732,80.25,10843,1009505,50.85,10842,975660,49.15,2474101,99,1985165,4184169,797,1390,0.0,1.0,,
1668222597,2022-11-11 21:09:57 -0600,db6041c0bf2e892f9b442cc452efc3f04e30b069,20221108AZ4231,live,83.04,AZ,Arizona,3,1,2022-11-09T02:00:00.000Z,state,0,2022-11-12T03:08:28.272Z,1438,1732,83.03,10843,1046032,50.91,10842,1008468,49.09,2474101,99,2054500,4184169,797,1438,0.0,1.0,,
1668222884,2022-11-11 21:14:44 -0600,c2c399718f14d7d9cc6278899a9dd3183595ddbd,20221108AZ4231,live,83.04,AZ,Arizona,3,1,2022-11-09T02:00:00.000Z,state,0,2022-11-12T03:13:33.977Z,1438,1732,83.03,10843,1046032,50.91,10842,1008468,49.09,2474101,99,2054500,4184169,797,1438,0.0,1.0,,
1668293268,2022-11-12 16:47:48 -0600,7fb83fe48e73e39793a4edb321820d8aeaa8e4cb,20221108AZ4231,live,83.21,AZ,Arizona,3,1,2022-11-09T02:00:00.000Z,state,0,2022-11-12T22:46:41.069Z,1441,1732,83.2,10843,1048605,50.94,10842,1010103,49.06,2474101,99,2058708,4184169,797,1441,0.0,1.0,,
1668296859,2022-11-12 17:47:39 -0600,dce3bae7a1ec088b9b125ac45664a014845f52d4,20221108AZ4231,live,83.97,AZ,Arizona,3,1,2022-11-09T02:00:00.000Z,state,0,2022-11-12T23:46:15.853Z,1454,1732,83.95,10843,1060021,51.02,10842,1017504,48.98,2474101,99,2077525,4184169,797,1454,0.0,1.0,,
1668298457,2022-11-12 18:14:17 -0600,1df60c80400397a1ebf98118dea262165b1fde92,20221108AZ4231,live,85.0,AZ,Arizona,3,1,2022-11-09T02:00:00.000Z,state,0,2022-11-13T00:12:57.789Z,1472,1732,84.99,10843,1060021,51.02,10842,1017504,48.98,2444147,99,2077525,4184169,797,1472,0.0,1.0,,
1668301883,2022-11-12 19:11:23 -0600,f2841596af3ddc48952743c1d3a1d5eb0950093d,20221108AZ4231,live,85.0,AZ,Arizona,3,1,2022-11-09T02:00:00.000Z,state,0,2022-11-13T01:10:09.265Z,1472,1732,84.99,10843,1060021,51.02,10842,1017504,48.98,2444147,99,2077525,4184169,797,1472,0.0,1.0,,
1668303339,2022-11-12 19:35:39 -0600,6653bab781619e920a5c261404cad7b0213a0962,20221108AZ4231,live,88.24,AZ,Arizona,3,1,2022-11-09T02:00:00.000Z,state,0,2022-11-13T01:34:27.586Z,1528,1732,88.22,10843,1097692,50.9,10842,1058933,49.1,2444147,99,2156625,4184169,797,1528,0.0,1.0,,
1668304257,2022-11-12 19:50:57 -0600,cc4f67f0498341c156639db2eefbdc8143c5c525,20221108AZ4231,live,88.28,AZ,Arizona,3,1,2022-11-09T02:00:00.000Z,state,0,2022-11-13T01:50:00.314Z,1529,1732,88.28,10843,1097992,50.89,10842,1059735,49.11,2444147,99,2157727,4184169,797,1529,0.0,1.0,,
1668359929,2022-11-13 11:18:49 -0600,7ef9950d6f3f1d690afda950718862c9db48edeb,20221108AZ4231,live,88.37,AZ,Arizona,3,1,2022-11-09T02:00:00.000Z,state,0,2022-11-13T17:17:30.201Z,1531,1732,88.39,10843,1099102,50.89,10842,1060751,49.11,2444147,99,2159853,4184169,797,1531,0.0,1.0,,
1668373251,2022-11-13 15:00:51 -0600,3012a8c8d4f9746fcea9e9f1b771503d6ce417ef,20221108AZ4231,live,88.52,AZ,Arizona,3,1,2022-11-09T02:00:00.000Z,state,0,2022-11-13T21:00:30.217Z,1533,1732,88.51,10843,1100800,50.88,10842,1062785,49.12,2444147,99,2163585,4184169,797,1533,0.0,1.0,,
1668373617,2022-11-13 15:06:57 -0600,db374be50441d093312d89a903421e3e2c7816c7,20221108AZ4231,live,88.52,AZ,Arizona,3,1,2022-11-09T02:00:00.000Z,state,0,2022-11-13T21:06:26.309Z,1533,1732,88.51,10843,1100800,50.88,10842,1062785,49.12,2444147,99,2163585,4184169,797,1533,0.0,1.0,,
1668377204,2022-11-13 16:06:44 -0600,e62861fcb378540eecae39cbd37a72a7cc7ededb,20221108AZ4231,live,88.98,AZ,Arizona,3,1,2022-11-09T02:00:00.000Z,state,0,2022-11-13T22:06:20.616Z,1541,1732,88.97,10843,1107292,50.91,10842,1067556,49.09,2444147,99,2174848,4184169,797,1541,0.0,1.0,,
1668385194,2022-11-13 18:19:54 -0600,17fb6b3b5112abd3f59e01bec432df2100163dbc,20221108AZ4231,live,88.98,AZ,Arizona,3,1,2022-11-09T02:00:00.000Z,state,0,2022-11-14T00:19:28.463Z,1541,1732,88.97,10843,1107292,50.91,10842,1067556,49.09,2444147,99,2174848,4184169,797,1541,0.0,1.0,,
1668385229,2022-11-13 18:20:29 -0600,556c1774b10b006bc61efbb0aacc5b7a2b14c9a2,20221108AZ4231,live,89.11,AZ,Arizona,3,1,2022-11-09T02:00:00.000Z,state,0,2022-11-14T00:19:59.885Z,1543,1732,89.09,10843,1108303,50.89,10842,1069631,49.11,2444147,99,2177934,4184169,797,1543,0.0,1.0,,
1668388855,2022-11-13 19:20:55 -0600,bf9b5edd8b4c9b7aa071c4e3a32a98e7a7c81ca5,20221108AZ4231,live,92.83,AZ,Arizona,3,1,2022-11-09T02:00:00.000Z,state,0,2022-11-14T01:20:35.152Z,1608,1732,92.84,10843,1149325,50.66,10842,1119553,49.34,2444147,99,2268878,4184169,797,1608,0.0,1.0,,
1668389180,2022-11-13 19:26:20 -0600,e013f02768bd91d0c0a22a61ed5452cf3b0e6874,20221108AZ4231,live,92.83,AZ,Arizona,3,1,2022-11-09T02:00:00.000Z,state,0,2022-11-14T01:25:40.741Z,1608,1732,92.84,10843,1149325,50.66,10842,1119553,49.34,2444147,99,2268878,4184169,797,1608,0.0,1.0,,
1668391046,2022-11-13 19:57:26 -0600,ee80d461d6e0f6afa3f7b2836143bb42f2ad6db7,20221108AZ4231,live,93.0,AZ,Arizona,3,1,2022-11-09T02:00:00.000Z,state,0,2022-11-14T01:56:50.463Z,1611,1732,93.01,10843,1149325,50.66,10842,1119553,49.34,2439654,99,2268878,4184169,797,1611,0.0,1.0,,
1668449285,2022-11-14 12:08:05 -0600,6f670cb3a10674b74128ee96b358a632da82bb66,20221108AZ4231,live,93.13,AZ,Arizona,3,1,2022-11-09T02:00:00.000Z,state,0,2022-11-14T18:07:32.408Z,1613,1732,93.13,10843,1150389,50.63,10842,1121690,49.37,2439654,99,2272079,4184169,797,1613,0.0,1.0,,
1668449325,2022-11-14 12:08:45 -0600,59fe457c636fb6c07c84b6f1c587a98dee788a5f,20221108AZ4231,live,93.13,AZ,Arizona,3,1,2022-11-09T02:00:00.000Z,state,0,2022-11-14T18:08:27.697Z,1613,1732,93.13,10843,1150389,50.63,10842,1121690,49.37,2439654,99,2272079,4184169,797,1613,0.0,1.0,,
1668466842,2022-11-14 17:00:42 -0600,473b5cc65607b5a5ee5b585598a13eac43df3405,20221108AZ4231,live,93.19,AZ,Arizona,3,1,2022-11-09T02:00:00.000Z,state,0,2022-11-14T23:00:21.624Z,1614,1732,93.19,10843,1151124,50.63,10842,1122495,49.37,2439654,99,2273619,4184169,797,1614,0.0,1.0,,
1668469405,2022-11-14 17:43:25 -0600,d5b07c421bed2815b52d893dd5f5ad66f04e66e3,20221108AZ4231,live,92.0,AZ,Arizona,3,1,2022-11-09T02:00:00.000Z,state,0,2022-11-14T23:43:03.281Z,1593,1732,91.97,10843,1151124,50.63,10842,1122495,49.37,2471325,99,2273619,4184169,797,1593,0.0,1.0,,
1668472446,2022-11-14 18:34:06 -0600,bf63233b36cab9bde6ac311db2a39670af54df45,20221108AZ4231,live,92.06,AZ,Arizona,3,1,2022-11-09T02:00:00.000Z,state,0,2022-11-15T00:33:44.056Z,1594,1732,92.03,10843,1151955,50.63,10842,1123166,49.37,2471325,99,2275121,4184169,797,1594,0.0,1.0,,
1668472760,2022-11-14 18:39:20 -0600,b72c0da39575f9b2d4a64a435975373f9296f398,20221108AZ4231,live,92.06,AZ,Arizona,3,1,2022-11-09T02:00:00.000Z,state,0,2022-11-15T00:38:26.542Z,1594,1732,92.03,10843,1151955,50.63,10842,1123166,49.37,2471325,99,2275121,4184169,797,1594,0.0,1.0,,
1668473211,2022-11-14 18:46:51 -0600,5acad1f9055fd0f8c40a0c08cd064f4583cee7b7,20221108AZ4231,live,93.14,AZ,Arizona,3,1,2022-11-09T02:00:00.000Z,state,0,2022-11-15T00:46:33.662Z,1613,1732,93.13,10843,1166570,50.68,10842,1135178,49.32,2471325,99,2301748,4184169,797,1613,0.0,1.0,,
1668474999,2022-11-14 19:16:39 -0600,a0420136fbeb61e9a6a8ee29501c9143f52eed40,20221108AZ4231,live,93.42,AZ,Arizona,3,1,2022-11-09T02:00:00.000Z,state,0,2022-11-15T01:16:21.464Z,1618,1732,93.42,10843,1170509,50.7,10842,1138268,49.3,2471325,99,2308777,4184169,797,1618,0.0,1.0,,
1668475161,2022-11-14 19:19:21 -0600,94e6c4965db4ac77b2d0d033cc93291ba7a9a942,20221108AZ4231,live,94.0,AZ,Arizona,3,1,2022-11-09T02:00:00.000Z,state,0,2022-11-15T01:19:03.591Z,1628,1732,94.0,10843,1170509,50.7,10842,1138268,49.3,2456146,99,2308777,4184169,797,1628,0.0,1.0,,
1668476539,2022-11-14 19:42:19 -0600,4a5ca76f3b874d6a8daea85df17d616bc0899f81,20221108AZ4231,live,96.72,AZ,Arizona,3,1,2022-11-09T02:00:00.000Z,state,0,2022-11-15T01:40:24.592Z,1675,1732,96.71,10843,1199262,50.49,10842,1176209,49.51,2456146,99,2375471,4184169,797,1675,0.0,1.0,,
1668477137,2022-11-14 19:52:17 -0600,698b54e0cfcca5ca10227aa35d0607c8725ac59a,20221108AZ4231,live,98.0,AZ,Arizona,3,1,2022-11-09T02:00:00.000Z,state,0,2022-11-15T01:52:00.749Z,1697,1732,97.98,10843,1199262,50.49,10842,1176209,49.51,2423950,99,2375471,4184169,797,1697,0.0,1.0,,
1668479821,2022-11-14 20:37:01 -0600,f7a14ea7e4a72d2a3688a85a1dcb92f3aa6013a0,20221108AZ4231,live,98.0,AZ,Arizona,3,1,2022-11-09T02:00:00.000Z,state,0,2022-11-15T02:36:38.795Z,1697,1732,97.98,10843,1199262,50.49,10842,1176209,49.51,2423950,99,2375471,4184169,797,1697,0.0,1.0,,
1668481224,2022-11-14 21:00:24 -0600,3571f9a6b843fc597a766872148676f52114f64c,20221108AZ4231,live,98.02,AZ,Arizona,3,1,2022-11-09T02:00:00.000Z,state,0,2022-11-15T02:59:54.481Z,1698,1732,98.04,10843,1199608,50.49,10842,1176375,49.51,2423950,99,2375983,4184169,797,1698,0.0,1.0,,
1668482873,2022-11-14 21:27:53 -0600,2285bd346f5dd20da09220d62dc2f54e734dac97,20221108AZ4231,live,98.17,AZ,Arizona,3,1,2022-11-09T02:00:00.000Z,state,0,2022-11-15T03:27:29.640Z,1700,1732,98.15,10843,1200776,50.46,10842,1178731,49.54,2423950,99,2379507,4184169,797,1700,0.0,1.0,,
1668485920,2022-11-14 22:18:40 -0600,eb6b8f59844e41c944186e0e728deb031097c0d9,20221108AZ4231,live,98.2,AZ,Arizona,3,1,2022-11-09T02:00:00.000Z,state,0,2022-11-15T04:18:21.104Z,1701,1732,98.21,10843,1201105,50.46,10842,1179133,49.54,2423950,99,2380238,4184169,797,1701,0.0,1.0,,
1668534709,2022-11-15 11:51:49 -0600,299a9478cf8b664cdab013ddd581afcbd1412c19,20221108AZ4231,live,98.22,AZ,Arizona,3,1,2022-11-09T02:00:00.000Z,state,0,2022-11-15T17:51:29.925Z,1701,1732,98.21,10843,1201499,50.46,10842,1179363,49.54,2423950,99,2380862,4184169,797,1701,0.0,1.0,,
1668535223,2022-11-15 12:00:23 -0600,ab4794bd28cdc3f31eabb65b80772d3dd1e1dc76,20221108AZ4231,live,98.35,AZ,Arizona,3,1,2022-11-09T02:00:00.000Z,state,0,2022-11-15T18:00:02.325Z,1703,1732,98.33,10843,1202699,50.45,10842,1181337,49.55,2423950,99,2384036,4184169,797,1703,0.0,1.0,,
1668535366,2022-11-15 12:02:46 -0600,753669b063c505bce4dc4dbaec7505065cb32145,20221108AZ4231,live,98.35,AZ,Arizona,3,1,2022-11-09T02:00:00.000Z,state,0,2022-11-15T18:02:27.354Z,1703,1732,98.33,10843,1202699,50.45,10842,1181337,49.55,2423950,99,2384036,4184169,797,1703,0.0,1.0,,
1668544908,2022-11-15 14:41:48 -0600,e52bf1851d1649152db29aada51552ca3b630405,20221108AZ4231,live,98.37,AZ,Arizona,3,1,2022-11-09T02:00:00.000Z,state,0,2022-11-15T20:41:27.598Z,1704,1732,98.38,10843,1202846,50.44,10842,1181701,49.56,2423950,99,2384547,4184169,797,1704,0.0,1.0,,
1668546170,2022-11-15 15:02:50 -0600,f501d5f30c5cd35ee2ba41d1d33ed2e2286184fe,20221108AZ4231,live,98.44,AZ,Arizona,3,1,2022-11-09T02:00:00.000Z,state,0,2022-11-15T21:02:31.483Z,1705,1732,98.44,10843,1203492,50.44,10842,1182587,49.56,2423950,99,2386079,4184169,797,1705,0.0,1.0,,
1668549352,2022-11-15 15:55:52 -0600,4da83dedab3114921190edc7d89c6cb9d86c04f8,20221108AZ4231,live,98.48,AZ,Arizona,3,1,2022-11-09T02:00:00.000Z,state,0,2022-11-15T21:55:36.792Z,1706,1732,98.5,10843,1204145,50.44,10842,1183066,49.56,2423950,99,2387211,4184169,797,1706,0.0,1.0,,
1668553312,2022-11-15 17:01:52 -0600,f45524c808cbb7e706e6d3aaec715ef86d59df70,20221108AZ4231,live,98.56,AZ,Arizona,3,1,2022-11-09T02:00:00.000Z,state,0,2022-11-15T23:01:27.903Z,1707,1732,98.56,10843,1205330,50.45,10842,1183710,49.55,2423950,99,2389040,4184169,797,1707,0.0,1.0,,
1668556728,2022-11-15 17:58:48 -0600,5fa27fa22ce6317dc51897f46112df8d4c58fe5e,20221108AZ4231,live,98.56,AZ,Arizona,3,1,2022-11-09T02:00:00.000Z,state,0,2022-11-15T23:58:27.039Z,1707,1732,98.56,10843,1205330,50.45,10842,1183710,49.55,2423950,99,2389040,4184169,797,1707,0.0,1.0,,
1668556889,2022-11-15 18:01:29 -0600,c5729ac7de5599ca299ecb4bc0c27b9dd243eb19,20221108AZ4231,live,98.71,AZ,Arizona,3,1,2022-11-09T02:00:00.000Z,state,0,2022-11-16T00:01:03.008Z,1710,1732,98.73,10843,1206875,50.44,10842,1185718,49.56,2423950,99,2392593,4184169,797,1710,0.0,1.0,,
1668557901,2022-11-15 18:18:21 -0600,918629cff4d6924a43ecf7a7e6d60f28e417c8de,20221108AZ4231,live,98.71,AZ,Arizona,3,1,2022-11-09T02:00:00.000Z,state,0,2022-11-16T00:18:05.790Z,1710,1732,98.73,10843,1206930,50.44,10842,1185834,49.56,2423950,99,2392764,4184169,797,1710,0.0,1.0,,
1668559427,2022-11-15 18:43:47 -0600,192904f3b33b40ae4b38835f498c15061a8ab78c,20221108AZ4231,live,98.84,AZ,Arizona,3,1,2022-11-09T02:00:00.000Z,state,0,2022-11-16T00:43:25.043Z,1712,1732,98.85,10843,1208039,50.42,10842,1187812,49.58,2423950,99,2395851,4184169,797,1712,0.0,1.0,,
1668562173,2022-11-15 19:29:33 -0600,9e8323aaf345e6377d92ffc47aab523970674e51,20221108AZ4231,live,98.88,AZ,Arizona,3,1,2022-11-09T02:00:00.000Z,state,0,2022-11-16T01:29:13.078Z,1713,1732,98.9,10843,1208599,50.42,10842,1188278,49.58,2423950,99,2396877,4184169,797,1713,0.0,1.0,,
1668563967,2022-11-15 19:59:27 -0600,9af3b6f261301fc4b310ae6de6d4f60887c7f4aa,20221108AZ4231,live,99.0,AZ,Arizona,3,1,2022-11-09T02:00:00.000Z,state,0,2022-11-16T01:59:03.552Z,1715,1732,99.02,10843,1210049,50.41,10842,1190398,49.59,2423950,99,2400447,4184169,797,1715,0.0,1.0,,
1668564735,2022-11-15 20:12:15 -0600,128385388efedb8a2162ef55029cad972cef9826,20221108AZ4231,live,99.0,AZ,Arizona,3,1,2022-11-09T02:00:00.000Z,state,0,2022-11-16T02:11:50.546Z,1715,1732,99.02,10843,1210049,50.41,10842,1190398,49.59,2423950,99,2400447,4184169,797,1715,0.0,1.0,,
1668624220,2022-11-16 12:43:40 -0600,08535c12913dc2ad3a1141f4c35ef72ee13394a7,20221108AZ4231,live,99.0,AZ,Arizona,3,1,2022-11-09T02:00:00.000Z,state,0,2022-11-16T18:43:25.049Z,1715,1732,99.02,10843,1210271,50.41,10842,1190794,49.59,2423950,99,2401065,4184169,797,1715,0.0,1.0,,
1668625248,2022-11-16 13:00:48 -0600,f0da24091d2d7dcf2de420aa48be2723073df874,20221108AZ4231,live,99.0,AZ,Arizona,3,1,2022-11-09T02:00:00.000Z,state,0,2022-11-16T19:00:28.318Z,1715,1732,99.02,10843,1210358,50.4,10842,1190908,49.6,2423950,99,2401266,4184169,797,1715,0.0,1.0,,
1668625995,2022-11-16 13:13:15 -0600,055c07955f703645958d5651e7176a30adde442e,20221108AZ4231,live,99.0,AZ,Arizona,3,1,2022-11-09T02:00:00.000Z,state,0,2022-11-16T19:12:59.159Z,1715,1732,99.02,10843,1211009,50.4,10842,1191581,49.6,2423950,99,2402590,4184169,797,1715,0.0,1.0,,
1668644347,2022-11-16 18:19:07 -0600,5ed2bec889c78a35fce6ba90d4ebf882d9a1d064,20221108AZ4231,live,99.0,AZ,Arizona,3,1,2022-11-09T02:00:00.000Z,state,0,2022-11-17T00:18:50.844Z,1715,1732,99.02,10843,1211633,50.41,10842,1192131,49.59,2423950,99,2403764,4184169,797,1715,0.0,1.0,,
1668645373,2022-11-16 18:36:13 -0600,e8fd19185f19a97216ac2088398e3fbabcb4f409,20221108AZ4231,live,99.0,AZ,Arizona,3,1,2022-11-09T02:00:00.000Z,state,0,2022-11-17T00:35:53.727Z,1715,1732,99.02,10843,1213015,50.41,10842,1193147,49.59,2423950,99,2406162,4184169,797,1715,0.0,1.0,,
1668645621,2022-11-16 18:40:21 -0600,b036d086d88ffdaaf10f2cfa5ef73838f96589b1,20221108AZ4231,live,99.0,AZ,Arizona,3,1,2022-11-09T02:00:00.000Z,state,0,2022-11-17T00:40:10.130Z,1715,1732,99.02,10843,1213044,50.41,10842,1193213,49.59,2423950,99,2406257,4184169,797,1715,0.0,1.0,,
1668648543,2022-11-16 19:29:03 -0600,548133cb44e34a3708f487b7696c58d4d08ecacd,20221108AZ4231,live,99.0,AZ,Arizona,3,1,2022-11-09T02:00:00.000Z,state,0,2022-11-17T01:28:44.786Z,1715,1732,99.02,10843,1213065,50.41,10842,1193282,49.59,2423950,99,2406347,4184169,797,1715,0.0,1.0,,
1668653219,2022-11-16 20:46:59 -0600,64c480e25cfa65b5b1464256e68455abbe5a7157,20221108AZ4231,live,99.0,AZ,Arizona,3,1,2022-11-09T02:00:00.000Z,state,0,2022-11-17T02:46:45.582Z,1715,1732,99.02,10843,1213179,50.41,10842,1193491,49.59,2423950,99,2406670,4184169,797,1715,0.0,1.0,,
1668658120,2022-11-16 22:08:40 -0600,6200f08642369e90b1236a315188cb8e4a98a795,20221108AZ4231,live,99.0,AZ,Arizona,3,1,2022-11-09T02:00:00.000Z,state,0,2022-11-17T04:08:22.571Z,1715,1732,99.02,10843,1214615,50.4,10842,1195409,49.6,2423950,99,2410024,4184169,797,1715,0.0,1.0,,
1668658456,2022-11-16 22:14:16 -0600,e5dcd393c7e99a81aed412bf973f7795b045633c,20221108AZ4231,live,99.0,AZ,Arizona,3,1,2022-11-09T02:00:00.000Z,state,0,2022-11-17T04:13:58.427Z,1715,1732,99.02,10843,1214615,50.4,10842,1195409,49.6,2423950,99,2410024,4184169,797,1715,0.0,1.0,X,2022-11-17T04:13:58.022Z
1668658661,2022-11-16 22:17:41 -0600,c0a7ecca6306706f7a1dd4330acbac7c170744c3,20221108AZ4231,live,99.0,AZ,Arizona,3,1,2022-11-09T02:00:00.000Z,state,0,2022-11-17T04:17:18.214Z,1715,1732,99.02,10843,1214615,50.4,10842,1195409,49.6,2423950,99,2410024,4184169,797,1715,0.0,1.0,X,2022-11-17T04:13:58.022Z
1668659383,2022-11-16 22:29:43 -0600,ccd453d169a470dfc02c39b02653a9246ad19890,20221108AZ4231,live,99.0,AZ,Arizona,3,1,2022-11-09T02:00:00.000Z,state,0,2022-11-17T04:29:22.849Z,1715,1732,99.02,10843,1214615,50.4,10842,1195409,49.6,2423950,99,2410024,4184169,1732,1715,0.0,1.0,X,2022-11-17T04:13:58.022Z
1668719731,2022-11-17 15:15:31 -0600,62159ee87890fcfb6e2f34ea46571e76a4d6d3b1,20221108AZ4231,live,99.0,AZ,Arizona,3,1,2022-11-09T02:00:00.000Z,state,0,2022-11-17T21:15:16.942Z,1715,1732,99.02,10843,1214615,50.4,10842,1195409,49.6,2423950,99,2410024,4184169,1732,1715,0.0,1.0,X,2022-11-17T04:13:58.022Z
1668719788,2022-11-17 15:16:28 -0600,823e6f76090a28f9d76a34698e097beb05c8e54a,20221108AZ4231,live,99.0,AZ,Arizona,3,1,2022-11-09T02:00:00.000Z,state,0,2022-11-17T21:16:14.603Z,1715,1732,99.02,10843,1215159,50.4,10842,1195956,49.6,2423950,99,2411115,4184169,1732,1715,0.0,1.0,X,2022-11-17T04:13:58.022Z
1668791992,2022-11-18 11:19:52 -0600,cd9bff001378f56ad3bec546ad7cb46f40c14912,20221108AZ4231,live,99.0,AZ,Arizona,3,1,2022-11-09T02:00:00.000Z,state,0,2022-11-18T17:19:27.546Z,1715,1732,99.02,10843,1216330,50.39,10842,1197604,49.61,2423950,99,2413934,4184169,1732,1715,0.0,1.0,X,2022-11-17T04:13:58.022Z
1668805861,2022-11-18 15:11:01 -0600,5592b5870db6670651c9408d95d087c76c525017,20221108AZ4231,live,99.0,AZ,Arizona,3,1,2022-11-09T02:00:00.000Z,state,0,2022-11-18T21:10:40.527Z,1715,1732,99.02,10843,1216367,50.39,10842,1197655,49.61,2423950,99,2414022,4184169,1732,1715,0.0,1.0,X,2022-11-17T04:13:58.022Z
1668811727,2022-11-18 16:48:47 -0600,5f05224800af21a70db917d252206a128638914e,20221108AZ4231,live,99.0,AZ,Arizona,3,1,2022-11-09T02:00:00.000Z,state,0,2022-11-18T22:48:26.475Z,1715,1732,99.02,10843,1216367,50.39,10842,1197655,49.61,2423950,99,2414022,4184169,1732,1715,0.0,1.0,X,2022-11-17T04:13:58.022Z
1668815002,2022-11-18 17:43:22 -0600,3573efb8203acb6aab9fef0ec478b87ffaae8438,20221108AZ4231,live,99.0,AZ,Arizona,3,1,2022-11-09T02:00:00.000Z,state,0,2022-11-18T23:43:07.068Z,1715,1732,99.02,10843,1216367,50.39,10842,1197658,49.61,2423950,99,2414025,4184169,1732,1715,0.0,1.0,X,2022-11-17T04:13:58.022Z
1668815882,2022-11-18 17:58:02 -0600,acd14bc7783938aab161c89d51e2f0c1e09e8767,20221108AZ4231,live,99.0,AZ,Arizona,3,1,2022-11-09T02:00:00.000Z,state,0,2022-11-18T23:57:39.714Z,1715,1732,99.02,10843,1216371,50.39,10842,1197660,49.61,2423950,99,2414031,4184169,1732,1715,0.0,1.0,X,2022-11-17T04:13:58.022Z
1668819641,2022-11-18 19:00:41 -0600,0ea04862cf09813f75fe13ae55a3fb3a24bdead8,20221108AZ4231,live,99.0,AZ,Arizona,3,1,2022-11-09T02:00:00.000Z,state,0,2022-11-19T01:00:16.119Z,1715,1732,99.02,10843,1216993,50.38,10842,1198410,49.62,2423950,99,2415403,4184169,1732,1715,0.0,1.0,X,2022-11-17T04:13:58.022Z
1668823903,2022-11-18 20:11:43 -0600,bf0277ee36d6e6b47618c555292f9e3d740bde5f,20221108AZ4231,live,99.0,AZ,Arizona,3,1,2022-11-09T02:00:00.000Z,state,0,2022-11-19T02:11:20.824Z,1715,1732,99.02,10843,1218145,50.39,10842,1199463,49.61,2423950,99,2417608,4184169,1732,1715,0.0,1.0,X,2022-11-17T04:13:58.022Z
1669042196,2022-11-21 08:49:56 -0600,c343842504b438795841231cf5de22ac81eef1e3,20221108AZ4231,live,99.0,AZ,Arizona,3,1,2022-11-09T02:00:00.000Z,state,0,2022-11-21T14:49:39.651Z,1715,1732,99.02,10843,1218280,50.39,10842,1199623,49.61,2423950,99,2417903,4184169,1732,1715,0.0,1.0,X,2022-11-17T04:13:58.022Z
1669066206,2022-11-21 15:30:06 -0600,a85e409fe16ae300b896ddc00c5a1d19cedbdc08,20221108AZ4231,live,99.0,AZ,Arizona,3,1,2022-11-09T02:00:00.000Z,state,0,2022-11-21T21:13:07.515Z,1715,1732,99.02,10843,1219668,50.38,10842,1201181,49.62,2420849,99,2420849,4184169,1732,1715,0.0,1.0,X,2022-11-17T04:13:58.022Z
1669148610,2022-11-22 14:23:30 -0600,3c5abde53f8a34ba9bffeaa9280845415e64b92a,20221108AZ4231,live,99.0,AZ,Arizona,3,1,2022-11-09T02:00:00.000Z,state,0,2022-11-22T20:23:05.863Z,1715,1732,99.02,10843,1219668,50.38,10842,1201181,49.62,2420849,99,2420849,4184169,1732,1715,0.0,1.0,X,2022-11-17T04:13:58.022Z
1669200859,2022-11-23 04:54:19 -0600,b909adaa60288e055d5b3d7a62f580600f70c1c2,20221108AZ4231,live,99.0,AZ,Arizona,3,1,2022-11-09T02:00:00.000Z,state,0,2022-11-23T10:53:57.380Z,1715,1732,99.02,10843,1219668,50.38,10842,1201181,49.62,2420849,99,2420849,4184169,1732,1715,0.0,1.0,X,2022-11-17T04:13:58.022Z
